timestamp	val_bpb	avg_skel_dist	avg_centerline_dice	avg_cc_diff	avg_crit_comp	train_loss	throughput_Mvps	num_params_M	peak_vram_mb	config
2026-06-04 22:00:48	1.000000	nan	0.000000	0.000	0.000	0.951726	0.53	1.904	10529.8	{"uri": null, "uris": ["local_data/PHercParis2Fr47/surface_volume.zarr"], "val_uri": "local_data/PHercParis2Fr143/surface_volume.zarr", "cache_dir": null, "use_ridges": true, "use_lasagna": false, "ridge_sigma": 2.0, "batch_size": 16, "patch_size": 64, "num_layers": 16, "lr": 5e-05, "weight_decay": 0.01, "time_budget": 3600, "pinned": false, "loss_ink_bce": 0.6, "loss_ink_dice": 0.2, "loss_fiber_bce": 0.3, "loss_st": 0.1, "label_smoothing": 0.0, "aug_mode": "batchgeneratorsv2", "aug_flip_p": 0.5, "aug_brightness_p": 0.75, "aug_affine_p": 0.75, "aug_coarse_dropout_p": 0.5, "aug_elastic_p": 0.0, "aug_grid_p": 0.0, "aug_rotate_limit": 180, "aug_scale_limit": 0.15, "aug_scroll_decohesion_p": 0.25, "aug_scroll_warping_p": 0.0, "aug_scroll_squeeze_p": 0.25, "aug_scroll_z_dropout_p": 0.0, "aug_scroll_intensity_drift_p": 0.0, "use_betti_loss": false, "betti_loss_weight": 0.1, "auxiliary_config": {"enabled": false, "task_types": ["surface_normals", "structure_tensor"], "weights": {"surface_normals": 0.05, "structure_tensor": 0.05}}, "target_fiber_source": "sobel_z", "target_fiber_sigma": 2.0, "multi_task_heads": false, "architecture": "gated_unet", "base_feat": 64, "num_blocks": 16, "num_heads": 8, "dropout": 0.0, "pseudo_label_dir": "local_data/pseudo_labels", "foundation_model_path": null, "enforce_prize_gates": false, "min_prize_centerline_dice": 0.01, "max_prize_skel_dist": 2.0, "max_prize_cc_diff": 64.0, "min_prize_topology_samples": 1, "use_uamt": false, "ema_decay": 0.99, "consistency_weight": 0.1, "unlabeled_uris": ["local_data/PHercParis2Fr47/surface_volume.zarr"]}
2026-06-05 02:25:24	1.000000	nan	0.000000	0.000	0.000	0.772566	0.59	1.904	10529.7	{"uri": null, "uris": ["local_data/PHercParis2Fr47/surface_volume.zarr"], "val_uri": "local_data/PHercParis2Fr143/surface_volume.zarr", "cache_dir": null, "use_ridges": true, "use_lasagna": true, "ridge_sigma": 2.0, "batch_size": 16, "patch_size": 64, "num_layers": 16, "lr": 5e-05, "weight_decay": 0.01, "time_budget": 3600, "pinned": false, "loss_ink_bce": 0.6, "loss_ink_dice": 0.2, "loss_fiber_bce": 0.3, "loss_st": 0.1, "label_smoothing": 0.0, "aug_mode": "batchgeneratorsv2", "aug_flip_p": 0.5, "aug_brightness_p": 0.75, "aug_affine_p": 0.75, "aug_coarse_dropout_p": 0.5, "aug_elastic_p": 0.0, "aug_grid_p": 0.0, "aug_rotate_limit": 180, "aug_scale_limit": 0.15, "aug_scroll_decohesion_p": 0.25, "aug_scroll_warping_p": 0.0, "aug_scroll_squeeze_p": 0.25, "aug_scroll_z_dropout_p": 0.0, "aug_scroll_intensity_drift_p": 0.0, "use_betti_loss": false, "betti_loss_weight": 0.1, "auxiliary_config": {"enabled": false, "task_types": ["surface_normals", "structure_tensor"], "weights": {"surface_normals": 0.05, "structure_tensor": 0.05}}, "target_fiber_source": "sobel_z", "target_fiber_sigma": 2.0, "multi_task_heads": false, "architecture": "gated_unet", "base_feat": 64, "num_blocks": 16, "num_heads": 8, "dropout": 0.0, "pseudo_label_dir": "local_data/pseudo_labels", "foundation_model_path": null, "enforce_prize_gates": false, "min_prize_centerline_dice": 0.01, "max_prize_skel_dist": 2.0, "max_prize_cc_diff": 64.0, "min_prize_topology_samples": 1, "use_uamt": false, "ema_decay": 0.99, "consistency_weight": 0.1, "unlabeled_uris": ["local_data/PHercParis2Fr47/surface_volume.zarr"]}
2026-06-05 02:34:01	1.000000	nan	0.000000	0.000	0.000	0.800541	0.91	1.370	7295.6	{"uri": null, "uris": ["local_data/PHercParis2Fr47/surface_volume.zarr"], "val_uri": "local_data/PHercParis2Fr143/surface_volume.zarr", "cache_dir": null, "use_ridges": true, "use_lasagna": false, "ridge_sigma": 2.0, "batch_size": 16, "patch_size": 64, "num_layers": 16, "lr": 5e-05, "weight_decay": 0.01, "time_budget": 3600, "pinned": false, "loss_ink_bce": 0.6, "loss_ink_dice": 0.2, "loss_fiber_bce": 0.3, "loss_st": 0.1, "label_smoothing": 0.0, "aug_mode": "batchgeneratorsv2", "aug_flip_p": 0.5, "aug_brightness_p": 0.75, "aug_affine_p": 0.75, "aug_coarse_dropout_p": 0.5, "aug_elastic_p": 0.0, "aug_grid_p": 0.0, "aug_rotate_limit": 180, "aug_scale_limit": 0.15, "aug_scroll_decohesion_p": 0.25, "aug_scroll_warping_p": 0.0, "aug_scroll_squeeze_p": 0.25, "aug_scroll_z_dropout_p": 0.0, "aug_scroll_intensity_drift_p": 0.0, "use_betti_loss": false, "betti_loss_weight": 0.1, "auxiliary_config": {"enabled": false, "task_types": ["surface_normals", "structure_tensor"], "weights": {"surface_normals": 0.05, "structure_tensor": 0.05}}, "target_fiber_source": "sobel_z", "target_fiber_sigma": 2.0, "multi_task_heads": false, "architecture": "gated_unet", "base_feat": 64, "num_blocks": 8, "num_heads": 8, "dropout": 0.0, "pseudo_label_dir": "local_data/pseudo_labels", "foundation_model_path": null, "enforce_prize_gates": false, "min_prize_centerline_dice": 0.01, "max_prize_skel_dist": 2.0, "max_prize_cc_diff": 64.0, "min_prize_topology_samples": 1, "use_uamt": false, "ema_decay": 0.99, "consistency_weight": 0.1, "unlabeled_uris": ["local_data/PHercParis2Fr47/surface_volume.zarr"]}
2026-06-05 03:35:00	1.000000	nan	0.000000	0.000	0.000	0.0000	0.771897	1.20	1.637	8912.6	{"uri": null, "uris": ["local_data/PHercParis2Fr47/surface_volume.zarr"], "val_uri": "local_data/PHercParis2Fr143/surface_volume.zarr", "cache_dir": null, "use_ridges": true, "use_lasagna": false, "ridge_sigma": 2.0, "batch_size": 16, "patch_size": 64, "num_layers": 16, "lr": 5e-05, "weight_decay": 0.01, "time_budget": 3600, "pinned": false, "loss_ink_bce": 0.6, "loss_ink_dice": 0.2, "loss_fiber_bce": 0.3, "loss_st": 0.1, "label_smoothing": 0.0, "aug_mode": "batchgeneratorsv2", "aug_flip_p": 0.5, "aug_brightness_p": 0.75, "aug_affine_p": 0.75, "aug_coarse_dropout_p": 0.5, "aug_elastic_p": 0.0, "aug_grid_p": 0.0, "aug_rotate_limit": 180, "aug_scale_limit": 0.15, "aug_scroll_decohesion_p": 0.25, "aug_scroll_warping_p": 0.0, "aug_scroll_squeeze_p": 0.25, "aug_scroll_z_dropout_p": 0.0, "aug_scroll_intensity_drift_p": 0.0, "use_betti_loss": false, "betti_loss_weight": 0.1, "auxiliary_config": {"enabled": false, "task_types": ["surface_normals", "structure_tensor"], "weights": {"surface_normals": 0.05, "structure_tensor": 0.05}}, "target_fiber_source": "sobel_z", "target_fiber_sigma": 2.0, "multi_task_heads": false, "architecture": "gated_unet", "base_feat": 64, "num_blocks": 12, "num_heads": 8, "dropout": 0.0, "pseudo_label_dir": "local_data/pseudo_labels", "foundation_model_path": null, "enforce_prize_gates": false, "min_prize_centerline_dice": 0.01, "max_prize_skel_dist": 2.0, "max_prize_cc_diff": 64.0, "min_prize_topology_samples": 1, "use_uamt": false, "ema_decay": 0.99, "consistency_weight": 0.1, "unlabeled_uris": ["local_data/PHercParis2Fr47/surface_volume.zarr"]}
2026-06-05 04:35:59	1.000000	nan	0.000000	0.000	0.000	0.0000	0.772975	1.16	1.904	10529.8	{"uri": null, "uris": ["local_data/PHercParis2Fr47/surface_volume.zarr"], "val_uri": "local_data/PHercParis2Fr143/surface_volume.zarr", "cache_dir": null, "use_ridges": true, "use_lasagna": false, "ridge_sigma": 2.0, "batch_size": 16, "patch_size": 64, "num_layers": 16, "lr": 5e-05, "weight_decay": 0.01, "time_budget": 3600, "pinned": false, "loss_ink_bce": 0.6, "loss_ink_dice": 0.2, "loss_fiber_bce": 0.3, "loss_st": 0.1, "label_smoothing": 0.0, "aug_mode": "batchgeneratorsv2", "aug_flip_p": 0.5, "aug_brightness_p": 0.75, "aug_affine_p": 0.75, "aug_coarse_dropout_p": 0.5, "aug_elastic_p": 0.0, "aug_grid_p": 0.0, "aug_rotate_limit": 180, "aug_scale_limit": 0.15, "aug_scroll_decohesion_p": 0.25, "aug_scroll_warping_p": 0.25, "aug_scroll_squeeze_p": 0.25, "aug_scroll_z_dropout_p": 0.0, "aug_scroll_intensity_drift_p": 0.0, "use_betti_loss": false, "betti_loss_weight": 0.1, "auxiliary_config": {"enabled": false, "task_types": ["surface_normals", "structure_tensor"], "weights": {"surface_normals": 0.05, "structure_tensor": 0.05}}, "target_fiber_source": "sobel_z", "target_fiber_sigma": 2.0, "multi_task_heads": false, "architecture": "gated_unet", "base_feat": 64, "num_blocks": 16, "num_heads": 8, "dropout": 0.0, "pseudo_label_dir": "local_data/pseudo_labels", "foundation_model_path": null, "enforce_prize_gates": false, "min_prize_centerline_dice": 0.01, "max_prize_skel_dist": 2.0, "max_prize_cc_diff": 64.0, "min_prize_topology_samples": 1, "use_uamt": false, "ema_decay": 0.99, "consistency_weight": 0.1, "unlabeled_uris": ["local_data/PHercParis2Fr47/surface_volume.zarr"]}
2026-06-05 05:36:59	1.000000	nan	0.000000	0.000	0.000	0.0000	0.554657	1.16	1.904	10529.7	{"uri": null, "uris": ["local_data/PHercParis2Fr47/surface_volume.zarr"], "val_uri": "local_data/PHercParis2Fr143/surface_volume.zarr", "cache_dir": null, "use_ridges": true, "use_lasagna": false, "ridge_sigma": 2.0, "batch_size": 16, "patch_size": 64, "num_layers": 16, "lr": 5e-05, "weight_decay": 0.01, "time_budget": 3600, "pinned": false, "loss_ink_bce": 0.2, "loss_ink_dice": 0.2, "loss_fiber_bce": 0.3, "loss_st": 0.1, "label_smoothing": 0.0, "aug_mode": "batchgeneratorsv2", "aug_flip_p": 0.5, "aug_brightness_p": 0.75, "aug_affine_p": 0.75, "aug_coarse_dropout_p": 0.5, "aug_elastic_p": 0.0, "aug_grid_p": 0.0, "aug_rotate_limit": 180, "aug_scale_limit": 0.15, "aug_scroll_decohesion_p": 0.25, "aug_scroll_warping_p": 0.0, "aug_scroll_squeeze_p": 0.25, "aug_scroll_z_dropout_p": 0.0, "aug_scroll_intensity_drift_p": 0.0, "use_betti_loss": false, "betti_loss_weight": 0.1, "auxiliary_config": {"enabled": false, "task_types": ["surface_normals", "structure_tensor"], "weights": {"surface_normals": 0.05, "structure_tensor": 0.05}}, "target_fiber_source": "sobel_z", "target_fiber_sigma": 2.0, "multi_task_heads": false, "architecture": "gated_unet", "base_feat": 64, "num_blocks": 16, "num_heads": 8, "dropout": 0.0, "pseudo_label_dir": "local_data/pseudo_labels", "foundation_model_path": null, "enforce_prize_gates": false, "min_prize_centerline_dice": 0.01, "max_prize_skel_dist": 2.0, "max_prize_cc_diff": 64.0, "min_prize_topology_samples": 1, "use_uamt": false, "ema_decay": 0.99, "consistency_weight": 0.1, "unlabeled_uris": ["local_data/PHercParis2Fr47/surface_volume.zarr"]}
2026-06-05 06:37:59	1.000000	nan	0.000000	0.000	0.000	0.0000	0.791738	1.14	1.904	10853.7	{"uri": null, "uris": ["local_data/PHercParis2Fr47/surface_volume.zarr"], "val_uri": "local_data/PHercParis2Fr143/surface_volume.zarr", "cache_dir": null, "use_ridges": true, "use_lasagna": false, "ridge_sigma": 2.0, "batch_size": 16, "patch_size": 64, "num_layers": 16, "lr": 5e-05, "weight_decay": 0.01, "time_budget": 3600, "pinned": false, "loss_ink_bce": 0.6, "loss_ink_dice": 0.2, "loss_fiber_bce": 0.3, "loss_st": 0.1, "label_smoothing": 0.0, "aug_mode": "batchgeneratorsv2", "aug_flip_p": 0.5, "aug_brightness_p": 0.75, "aug_affine_p": 0.75, "aug_coarse_dropout_p": 0.5, "aug_elastic_p": 0.0, "aug_grid_p": 0.0, "aug_rotate_limit": 180, "aug_scale_limit": 0.15, "aug_scroll_decohesion_p": 0.25, "aug_scroll_warping_p": 0.0, "aug_scroll_squeeze_p": 0.25, "aug_scroll_z_dropout_p": 0.0, "aug_scroll_intensity_drift_p": 0.0, "use_betti_loss": false, "betti_loss_weight": 0.1, "auxiliary_config": {"enabled": false, "task_types": ["surface_normals", "structure_tensor"], "weights": {"surface_normals": 0.05, "structure_tensor": 0.05}}, "target_fiber_source": "sobel_z", "target_fiber_sigma": 2.0, "multi_task_heads": false, "architecture": "gated_unet", "base_feat": 64, "num_blocks": 16, "num_heads": 8, "dropout": 0.1, "pseudo_label_dir": "local_data/pseudo_labels", "foundation_model_path": null, "enforce_prize_gates": false, "min_prize_centerline_dice": 0.01, "max_prize_skel_dist": 2.0, "max_prize_cc_diff": 64.0, "min_prize_topology_samples": 1, "use_uamt": false, "ema_decay": 0.99, "consistency_weight": 0.1, "unlabeled_uris": ["local_data/PHercParis2Fr47/surface_volume.zarr"]}
2026-06-05 07:38:38	1.000000	nan	0.000000	0.000	0.000	0.0000	0.962987	1.08	1.904	5316.8	{"uri": null, "uris": ["local_data/PHercParis2Fr47/surface_volume.zarr"], "val_uri": "local_data/PHercParis2Fr143/surface_volume.zarr", "cache_dir": null, "use_ridges": true, "use_lasagna": false, "ridge_sigma": 2.0, "batch_size": 8, "patch_size": 64, "num_layers": 16, "lr": 2.5e-05, "weight_decay": 0.01, "time_budget": 3600, "pinned": false, "loss_ink_bce": 0.6, "loss_ink_dice": 0.2, "loss_fiber_bce": 0.3, "loss_st": 0.1, "label_smoothing": 0.0, "aug_mode": "batchgeneratorsv2", "aug_flip_p": 0.5, "aug_brightness_p": 0.75, "aug_affine_p": 0.75, "aug_coarse_dropout_p": 0.5, "aug_elastic_p": 0.0, "aug_grid_p": 0.0, "aug_rotate_limit": 180, "aug_scale_limit": 0.15, "aug_scroll_decohesion_p": 0.25, "aug_scroll_warping_p": 0.0, "aug_scroll_squeeze_p": 0.25, "aug_scroll_z_dropout_p": 0.0, "aug_scroll_intensity_drift_p": 0.0, "use_betti_loss": false, "betti_loss_weight": 0.1, "auxiliary_config": {"enabled": false, "task_types": ["surface_normals", "structure_tensor"], "weights": {"surface_normals": 0.05, "structure_tensor": 0.05}}, "target_fiber_source": "sobel_z", "target_fiber_sigma": 2.0, "multi_task_heads": false, "architecture": "gated_unet", "base_feat": 64, "num_blocks": 16, "num_heads": 8, "dropout": 0.0, "pseudo_label_dir": "local_data/pseudo_labels", "foundation_model_path": null, "enforce_prize_gates": false, "min_prize_centerline_dice": 0.01, "max_prize_skel_dist": 2.0, "max_prize_cc_diff": 64.0, "min_prize_topology_samples": 1, "use_uamt": false, "ema_decay": 0.99, "consistency_weight": 0.1, "unlabeled_uris": ["local_data/PHercParis2Fr47/surface_volume.zarr"]}
2026-06-05 19:13:05	1.000000	nan	0.000000	0.000	0.000	0.0000	0.341047	0.37	1.904	15381.5	{"uri": null, "uris": ["local_data/PHercParis2Fr47/surface_volume.zarr"], "val_uri": "local_data/PHercParis2Fr143/surface_volume.zarr", "cache_dir": null, "use_ridges": true, "use_lasagna": false, "ridge_sigma": 2.0, "batch_size": 16, "patch_size": 64, "num_layers": 16, "lr": 5e-05, "weight_decay": 0.01, "time_budget": 900, "pinned": false, "loss_ink_bce": 0.6, "loss_ink_dice": 0.2, "loss_fiber_bce": 0.3, "loss_st": 0.1, "label_smoothing": 0.0, "aug_mode": "batchgeneratorsv2", "aug_flip_p": 0.5, "aug_brightness_p": 0.75, "aug_affine_p": 0.75, "aug_coarse_dropout_p": 0.5, "aug_elastic_p": 0.0, "aug_grid_p": 0.0, "aug_rotate_limit": 180, "aug_scale_limit": 0.15, "aug_scroll_decohesion_p": 0.25, "aug_scroll_warping_p": 0.0, "aug_scroll_squeeze_p": 0.25, "aug_scroll_z_dropout_p": 0.0, "aug_scroll_intensity_drift_p": 0.0, "aug_scroll_sheet_compression_p": 0.0, "aug_scroll_thick_slice_p": 0.0, "aug_scroll_rician_noise_p": 0.0, "aug_scroll_blank_rectangles_p": 0.0, "use_betti_loss": false, "betti_loss_weight": 0.1, "auxiliary_config": {"enabled": false, "task_types": ["surface_normals", "structure_tensor"], "weights": {"surface_normals": 0.05, "structure_tensor": 0.05}}, "target_fiber_source": "sobel_z", "target_fiber_sigma": 2.0, "multi_task_heads": false, "architecture": "gated_unet", "base_feat": 64, "num_blocks": 16, "num_heads": 8, "dropout": 0.0, "pseudo_label_dir": "local_data/pseudo_labels", "foundation_model_path": null, "enforce_prize_gates": false, "min_prize_centerline_dice": 0.01, "max_prize_skel_dist": 2.0, "max_prize_cc_diff": 64.0, "min_prize_topology_samples": 1, "use_uamt": true, "ema_decay": 0.99, "consistency_weight": 0.1, "unlabeled_uris": ["local_data/PHercParis2Fr47/surface_volume.zarr"]}
2026-06-05 20:42:11	1.000000	nan	0.000000	0.000	0.000	0.0000	0.069315	0.60	52.827	2453.4	{"uri": null, "uris": ["local_data/PHercParis2Fr47/surface_volume.zarr"], "val_uri": "local_data/PHercParis2Fr143/surface_volume.zarr", "cache_dir": null, "use_ridges": false, "use_lasagna": false, "ridge_sigma": 2.0, "batch_size": 2, "patch_size": 64, "num_layers": 16, "lr": 0.000125, "weight_decay": 0.01, "time_budget": 3600, "pinned": false, "loss_ink_bce": 0.4, "loss_ink_dice": 0.4, "loss_fiber_bce": 0.2, "loss_st": 0.1, "label_smoothing": 0.0, "aug_mode": "batchgeneratorsv2", "aug_flip_p": 0.5, "aug_brightness_p": 0.75, "aug_affine_p": 0.75, "aug_coarse_dropout_p": 0.5, "aug_elastic_p": 0.0, "aug_grid_p": 0.0, "aug_rotate_limit": 180, "aug_scale_limit": 0.15, "aug_scroll_decohesion_p": 0.0, "aug_scroll_warping_p": 0.0, "aug_scroll_squeeze_p": 0.0, "aug_scroll_z_dropout_p": 0.0, "aug_scroll_intensity_drift_p": 0.0, "aug_scroll_sheet_compression_p": 0.0, "aug_scroll_thick_slice_p": 0.0, "aug_scroll_rician_noise_p": 0.0, "aug_scroll_blank_rectangles_p": 0.0, "use_betti_loss": false, "betti_loss_weight": 0.1, "auxiliary_config": {"enabled": false, "task_types": ["surface_normals", "structure_tensor"], "weights": {"surface_normals": 0.05, "structure_tensor": 0.05}}, "target_fiber_source": "sobel_z", "target_fiber_sigma": 2.0, "multi_task_heads": false, "architecture": "neural_tracing_vit", "base_feat": 32, "num_blocks": 16, "num_heads": 8, "dropout": 0.0, "pseudo_label_dir": null, "foundation_model_path": null, "enforce_prize_gates": true, "min_prize_centerline_dice": 0.01, "max_prize_skel_dist": 2.0, "max_prize_cc_diff": 64.0, "min_prize_topology_samples": 1, "use_uamt": false, "ema_decay": 0.99, "consistency_weight": 0.1, "unlabeled_uris": ["local_data/PHercParis2Fr47/surface_volume.zarr"]}
2026-06-05 20:42:32	1.000000	nan	0.000000	0.000	0.000	0.0000	0.201494	1.01	1.904	7906.1	{"uri": null, "uris": ["local_data/PHercParis2Fr47/surface_volume.zarr"], "val_uri": "local_data/PHercParis2Fr143/surface_volume.zarr", "cache_dir": null, "use_ridges": true, "use_lasagna": false, "ridge_sigma": 2.0, "batch_size": 16, "patch_size": 64, "num_layers": 16, "lr": 5e-05, "weight_decay": 0.01, "time_budget": 3600, "pinned": false, "loss_ink_bce": 0.6, "loss_ink_dice": 0.2, "loss_fiber_bce": 0.3, "loss_st": 0.1, "label_smoothing": 0.0, "aug_mode": "batchgeneratorsv2", "aug_flip_p": 0.5, "aug_brightness_p": 0.75, "aug_affine_p": 0.75, "aug_coarse_dropout_p": 0.5, "aug_elastic_p": 0.0, "aug_grid_p": 0.0, "aug_rotate_limit": 180, "aug_scale_limit": 0.15, "aug_scroll_decohesion_p": 0.0, "aug_scroll_warping_p": 0.0, "aug_scroll_squeeze_p": 0.25, "aug_scroll_z_dropout_p": 0.0, "aug_scroll_intensity_drift_p": 0.0, "aug_scroll_sheet_compression_p": 0.0, "aug_scroll_thick_slice_p": 0.0, "aug_scroll_rician_noise_p": 0.0, "aug_scroll_blank_rectangles_p": 0.0, "use_betti_loss": false, "betti_loss_weight": 0.1, "auxiliary_config": {"enabled": false, "task_types": ["surface_normals", "structure_tensor"], "weights": {"surface_normals": 0.05, "structure_tensor": 0.05}}, "target_fiber_source": "sobel_z", "target_fiber_sigma": 2.0, "multi_task_heads": false, "architecture": "gated_unet", "base_feat": 64, "num_blocks": 16, "num_heads": 8, "dropout": 0.0, "pseudo_label_dir": "local_data/pseudo_labels", "foundation_model_path": null, "enforce_prize_gates": false, "min_prize_centerline_dice": 0.01, "max_prize_skel_dist": 2.0, "max_prize_cc_diff": 64.0, "min_prize_topology_samples": 1, "use_uamt": false, "ema_decay": 0.99, "consistency_weight": 0.1, "unlabeled_uris": ["local_data/PHercParis2Fr47/surface_volume.zarr"]}
2026-06-05 21:42:54	1.000000	nan	0.000000	0.000	0.000	0.0000	0.200933	1.12	1.904	7905.9	{"uri": null, "uris": ["local_data/PHercParis2Fr47/surface_volume.zarr"], "val_uri": "local_data/PHercParis2Fr143/surface_volume.zarr", "cache_dir": null, "use_ridges": true, "use_lasagna": false, "ridge_sigma": 2.0, "batch_size": 16, "patch_size": 64, "num_layers": 16, "lr": 5e-05, "weight_decay": 0.01, "time_budget": 3600, "pinned": false, "loss_ink_bce": 0.6, "loss_ink_dice": 0.2, "loss_fiber_bce": 0.3, "loss_st": 0.1, "label_smoothing": 0.0, "aug_mode": "batchgeneratorsv2", "aug_flip_p": 0.5, "aug_brightness_p": 0.75, "aug_affine_p": 0.75, "aug_coarse_dropout_p": 0.5, "aug_elastic_p": 0.0, "aug_grid_p": 0.0, "aug_rotate_limit": 180, "aug_scale_limit": 0.15, "aug_scroll_decohesion_p": 0.25, "aug_scroll_warping_p": 0.0, "aug_scroll_squeeze_p": 0.25, "aug_scroll_z_dropout_p": 0.5, "aug_scroll_intensity_drift_p": 0.0, "aug_scroll_sheet_compression_p": 0.0, "aug_scroll_thick_slice_p": 0.0, "aug_scroll_rician_noise_p": 0.0, "aug_scroll_blank_rectangles_p": 0.0, "use_betti_loss": false, "betti_loss_weight": 0.1, "auxiliary_config": {"enabled": false, "task_types": ["surface_normals", "structure_tensor"], "weights": {"surface_normals": 0.05, "structure_tensor": 0.05}}, "target_fiber_source": "sobel_z", "target_fiber_sigma": 2.0, "multi_task_heads": false, "architecture": "gated_unet", "base_feat": 64, "num_blocks": 16, "num_heads": 8, "dropout": 0.0, "pseudo_label_dir": "local_data/pseudo_labels", "foundation_model_path": null, "enforce_prize_gates": false, "min_prize_centerline_dice": 0.01, "max_prize_skel_dist": 2.0, "max_prize_cc_diff": 64.0, "min_prize_topology_samples": 1, "use_uamt": false, "ema_decay": 0.99, "consistency_weight": 0.1, "unlabeled_uris": ["local_data/PHercParis2Fr47/surface_volume.zarr"]}
2026-06-05 22:43:19	1.000000	nan	0.000000	0.000	0.000	0.0000	0.201114	1.16	1.904	7905.9	{"uri": null, "uris": ["local_data/PHercParis2Fr47/surface_volume.zarr"], "val_uri": "local_data/PHercParis2Fr143/surface_volume.zarr", "cache_dir": null, "use_ridges": true, "use_lasagna": false, "ridge_sigma": 2.0, "batch_size": 16, "patch_size": 64, "num_layers": 16, "lr": 5e-05, "weight_decay": 0.01, "time_budget": 3600, "pinned": false, "loss_ink_bce": 0.6, "loss_ink_dice": 0.2, "loss_fiber_bce": 0.3, "loss_st": 0.1, "label_smoothing": 0.0, "aug_mode": "batchgeneratorsv2", "aug_flip_p": 0.5, "aug_brightness_p": 0.75, "aug_affine_p": 0.75, "aug_coarse_dropout_p": 0.5, "aug_elastic_p": 0.0, "aug_grid_p": 0.0, "aug_rotate_limit": 180, "aug_scale_limit": 0.15, "aug_scroll_decohesion_p": 0.25, "aug_scroll_warping_p": 0.25, "aug_scroll_squeeze_p": 0.25, "aug_scroll_z_dropout_p": 0.0, "aug_scroll_intensity_drift_p": 0.0, "aug_scroll_sheet_compression_p": 0.0, "aug_scroll_thick_slice_p": 0.0, "aug_scroll_rician_noise_p": 0.0, "aug_scroll_blank_rectangles_p": 0.0, "use_betti_loss": false, "betti_loss_weight": 0.1, "auxiliary_config": {"enabled": false, "task_types": ["surface_normals", "structure_tensor"], "weights": {"surface_normals": 0.05, "structure_tensor": 0.05}}, "target_fiber_source": "sobel_z", "target_fiber_sigma": 2.0, "multi_task_heads": false, "architecture": "gated_unet", "base_feat": 64, "num_blocks": 16, "num_heads": 8, "dropout": 0.0, "pseudo_label_dir": "local_data/pseudo_labels", "foundation_model_path": null, "enforce_prize_gates": false, "min_prize_centerline_dice": 0.01, "max_prize_skel_dist": 2.0, "max_prize_cc_diff": 64.0, "min_prize_topology_samples": 1, "use_uamt": false, "ema_decay": 0.99, "consistency_weight": 0.1, "unlabeled_uris": ["local_data/PHercParis2Fr47/surface_volume.zarr"]}
2026-06-05 23:43:57	1.000000	nan	0.000000	0.000	0.000	0.0000	0.200748	1.13	1.904	7905.9	{"uri": null, "uris": ["local_data/PHercParis2Fr47/surface_volume.zarr"], "val_uri": "local_data/PHercParis2Fr143/surface_volume.zarr", "cache_dir": null, "use_ridges": true, "use_lasagna": false, "ridge_sigma": 2.0, "batch_size": 16, "patch_size": 64, "num_layers": 16, "lr": 5e-05, "weight_decay": 0.01, "time_budget": 3600, "pinned": false, "loss_ink_bce": 0.6, "loss_ink_dice": 0.2, "loss_fiber_bce": 0.3, "loss_st": 0.1, "label_smoothing": 0.0, "aug_mode": "batchgeneratorsv2", "aug_flip_p": 0.5, "aug_brightness_p": 0.75, "aug_affine_p": 0.75, "aug_coarse_dropout_p": 0.5, "aug_elastic_p": 0.0, "aug_grid_p": 0.0, "aug_rotate_limit": 180, "aug_scale_limit": 0.15, "aug_scroll_decohesion_p": 0.25, "aug_scroll_warping_p": 0.0, "aug_scroll_squeeze_p": 0.25, "aug_scroll_z_dropout_p": 0.0, "aug_scroll_intensity_drift_p": 0.0, "aug_scroll_sheet_compression_p": 0.25, "aug_scroll_thick_slice_p": 0.0, "aug_scroll_rician_noise_p": 0.0, "aug_scroll_blank_rectangles_p": 0.0, "use_betti_loss": false, "betti_loss_weight": 0.1, "auxiliary_config": {"enabled": false, "task_types": ["surface_normals", "structure_tensor"], "weights": {"surface_normals": 0.05, "structure_tensor": 0.05}}, "target_fiber_source": "sobel_z", "target_fiber_sigma": 2.0, "multi_task_heads": false, "architecture": "gated_unet", "base_feat": 64, "num_blocks": 16, "num_heads": 8, "dropout": 0.0, "pseudo_label_dir": "local_data/pseudo_labels", "foundation_model_path": null, "enforce_prize_gates": false, "min_prize_centerline_dice": 0.01, "max_prize_skel_dist": 2.0, "max_prize_cc_diff": 64.0, "min_prize_topology_samples": 1, "use_uamt": false, "ema_decay": 0.99, "consistency_weight": 0.1, "unlabeled_uris": ["local_data/PHercParis2Fr47/surface_volume.zarr"]}
2026-06-06 01:29:46	1.000000	nan	0.000000	0.000	0.000	0.0000	0.439822	0.99	1.904	7905.9	{"uri": null, "uris": ["local_data/PHercParis2Fr47/surface_volume.zarr"], "val_uri": "local_data/PHercParis2Fr143/surface_volume.zarr", "cache_dir": null, "use_ridges": true, "use_lasagna": false, "ridge_sigma": 2.0, "batch_size": 16, "patch_size": 64, "num_layers": 16, "lr": 5e-05, "weight_decay": 0.01, "time_budget": 3600, "pinned": false, "loss_ink_bce": 0.6, "loss_ink_dice": 0.2, "loss_fiber_bce": 0.3, "loss_st": 0.1, "label_smoothing": 0.0, "aug_mode": "batchgeneratorsv2", "aug_flip_p": 0.5, "aug_brightness_p": 0.75, "aug_affine_p": 0.75, "aug_coarse_dropout_p": 0.5, "aug_elastic_p": 0.0, "aug_grid_p": 0.0, "aug_rotate_limit": 180, "aug_scale_limit": 0.15, "aug_scroll_decohesion_p": 0.25, "aug_scroll_warping_p": 0.0, "aug_scroll_squeeze_p": 0.25, "aug_scroll_z_dropout_p": 0.5, "aug_scroll_intensity_drift_p": 0.0, "aug_scroll_sheet_compression_p": 0.0, "aug_scroll_thick_slice_p": 0.0, "aug_scroll_rician_noise_p": 0.0, "aug_scroll_blank_rectangles_p": 0.0, "use_betti_loss": false, "betti_loss_weight": 0.1, "auxiliary_config": {"enabled": false, "task_types": ["surface_normals", "structure_tensor"], "weights": {"surface_normals": 0.05, "structure_tensor": 0.05}}, "target_fiber_source": "sobel_z", "target_fiber_sigma": 2.0, "multi_task_heads": false, "architecture": "gated_unet", "base_feat": 64, "num_blocks": 16, "num_heads": 8, "dropout": 0.0, "pseudo_label_dir": "local_data/pseudo_labels", "foundation_model_path": null, "enforce_prize_gates": false, "min_prize_centerline_dice": 0.01, "max_prize_skel_dist": 2.0, "max_prize_cc_diff": 64.0, "min_prize_topology_samples": 1, "use_uamt": false, "ema_decay": 0.99, "consistency_weight": 0.1, "unlabeled_uris": ["local_data/PHercParis2Fr47/surface_volume.zarr"]}
2026-06-06 02:30:09	1.000000	nan	0.000000	0.000	0.000	0.0000	0.439529	1.13	1.904	7905.9	{"uri": null, "uris": ["local_data/PHercParis2Fr47/surface_volume.zarr"], "val_uri": "local_data/PHercParis2Fr143/surface_volume.zarr", "cache_dir": null, "use_ridges": true, "use_lasagna": false, "ridge_sigma": 2.0, "batch_size": 16, "patch_size": 64, "num_layers": 16, "lr": 5e-05, "weight_decay": 0.01, "time_budget": 3600, "pinned": false, "loss_ink_bce": 0.6, "loss_ink_dice": 0.2, "loss_fiber_bce": 0.3, "loss_st": 0.1, "label_smoothing": 0.0, "aug_mode": "batchgeneratorsv2", "aug_flip_p": 0.5, "aug_brightness_p": 0.75, "aug_affine_p": 0.75, "aug_coarse_dropout_p": 0.5, "aug_elastic_p": 0.0, "aug_grid_p": 0.0, "aug_rotate_limit": 180, "aug_scale_limit": 0.15, "aug_scroll_decohesion_p": 0.25, "aug_scroll_warping_p": 0.0, "aug_scroll_squeeze_p": 0.25, "aug_scroll_z_dropout_p": 0.0, "aug_scroll_intensity_drift_p": 0.0, "aug_scroll_sheet_compression_p": 0.0, "aug_scroll_thick_slice_p": 0.25, "aug_scroll_rician_noise_p": 0.0, "aug_scroll_blank_rectangles_p": 0.0, "use_betti_loss": false, "betti_loss_weight": 0.1, "auxiliary_config": {"enabled": false, "task_types": ["surface_normals", "structure_tensor"], "weights": {"surface_normals": 0.05, "structure_tensor": 0.05}}, "target_fiber_source": "sobel_z", "target_fiber_sigma": 2.0, "multi_task_heads": false, "architecture": "gated_unet", "base_feat": 64, "num_blocks": 16, "num_heads": 8, "dropout": 0.0, "pseudo_label_dir": "local_data/pseudo_labels", "foundation_model_path": null, "enforce_prize_gates": false, "min_prize_centerline_dice": 0.01, "max_prize_skel_dist": 2.0, "max_prize_cc_diff": 64.0, "min_prize_topology_samples": 1, "use_uamt": false, "ema_decay": 0.99, "consistency_weight": 0.1, "unlabeled_uris": ["local_data/PHercParis2Fr47/surface_volume.zarr"]}
2026-06-06 03:30:32	1.000000	nan	0.000000	0.000	0.000	0.0000	0.443380	1.14	1.904	7905.9	{"uri": null, "uris": ["local_data/PHercParis2Fr47/surface_volume.zarr"], "val_uri": "local_data/PHercParis2Fr143/surface_volume.zarr", "cache_dir": null, "use_ridges": true, "use_lasagna": false, "ridge_sigma": 2.0, "batch_size": 16, "patch_size": 64, "num_layers": 16, "lr": 5e-05, "weight_decay": 0.01, "time_budget": 3600, "pinned": false, "loss_ink_bce": 0.6, "loss_ink_dice": 0.2, "loss_fiber_bce": 0.3, "loss_st": 0.1, "label_smoothing": 0.0, "aug_mode": "batchgeneratorsv2", "aug_flip_p": 0.5, "aug_brightness_p": 0.75, "aug_affine_p": 0.75, "aug_coarse_dropout_p": 0.5, "aug_elastic_p": 0.0, "aug_grid_p": 0.0, "aug_rotate_limit": 180, "aug_scale_limit": 0.15, "aug_scroll_decohesion_p": 0.25, "aug_scroll_warping_p": 0.0, "aug_scroll_squeeze_p": 0.25, "aug_scroll_z_dropout_p": 0.0, "aug_scroll_intensity_drift_p": 0.0, "aug_scroll_sheet_compression_p": 0.0, "aug_scroll_thick_slice_p": 0.0, "aug_scroll_rician_noise_p": 0.0, "aug_scroll_blank_rectangles_p": 0.0, "use_betti_loss": false, "betti_loss_weight": 0.1, "auxiliary_config": {"enabled": false, "task_types": ["surface_normals", "structure_tensor"], "weights": {"surface_normals": 0.05, "structure_tensor": 0.05}}, "target_fiber_source": "sobel_z", "target_fiber_sigma": 2.0, "multi_task_heads": false, "architecture": "gated_unet", "base_feat": 64, "num_blocks": 16, "num_heads": 8, "dropout": 0.0, "pseudo_label_dir": "local_data/pseudo_labels", "foundation_model_path": null, "enforce_prize_gates": false, "min_prize_centerline_dice": 0.01, "max_prize_skel_dist": 2.0, "max_prize_cc_diff": 64.0, "min_prize_topology_samples": 1, "use_uamt": false, "ema_decay": 0.99, "consistency_weight": 0.1, "unlabeled_uris": ["local_data/PHercParis2Fr47/surface_volume.zarr"]}
2026-06-06 04:30:55	1.000000	nan	0.000000	0.000	0.000	0.0000	0.446448	1.14	1.904	7905.9	{"uri": null, "uris": ["local_data/PHercParis2Fr47/surface_volume.zarr"], "val_uri": "local_data/PHercParis2Fr143/surface_volume.zarr", "cache_dir": null, "use_ridges": true, "use_lasagna": false, "ridge_sigma": 2.0, "batch_size": 16, "patch_size": 64, "num_layers": 16, "lr": 5e-05, "weight_decay": 0.01, "time_budget": 3600, "pinned": false, "loss_ink_bce": 0.6, "loss_ink_dice": 0.2, "loss_fiber_bce": 0.3, "loss_st": 0.1, "label_smoothing": 0.0, "aug_mode": "batchgeneratorsv2", "aug_flip_p": 0.5, "aug_brightness_p": 0.75, "aug_affine_p": 0.75, "aug_coarse_dropout_p": 0.5, "aug_elastic_p": 0.0, "aug_grid_p": 0.0, "aug_rotate_limit": 180, "aug_scale_limit": 0.15, "aug_scroll_decohesion_p": 0.0, "aug_scroll_warping_p": 0.0, "aug_scroll_squeeze_p": 0.25, "aug_scroll_z_dropout_p": 0.0, "aug_scroll_intensity_drift_p": 0.0, "aug_scroll_sheet_compression_p": 0.0, "aug_scroll_thick_slice_p": 0.0, "aug_scroll_rician_noise_p": 0.0, "aug_scroll_blank_rectangles_p": 0.0, "use_betti_loss": false, "betti_loss_weight": 0.1, "auxiliary_config": {"enabled": false, "task_types": ["surface_normals", "structure_tensor"], "weights": {"surface_normals": 0.05, "structure_tensor": 0.05}}, "target_fiber_source": "sobel_z", "target_fiber_sigma": 2.0, "multi_task_heads": false, "architecture": "gated_unet", "base_feat": 64, "num_blocks": 16, "num_heads": 8, "dropout": 0.0, "pseudo_label_dir": "local_data/pseudo_labels", "foundation_model_path": null, "enforce_prize_gates": false, "min_prize_centerline_dice": 0.01, "max_prize_skel_dist": 2.0, "max_prize_cc_diff": 64.0, "min_prize_topology_samples": 1, "use_uamt": false, "ema_decay": 0.99, "consistency_weight": 0.1, "unlabeled_uris": ["local_data/PHercParis2Fr47/surface_volume.zarr"]}
2026-06-06 05:31:18	1.000000	nan	0.000000	0.000	0.000	0.0000	0.430285	1.12	1.904	7905.9	{"uri": null, "uris": ["local_data/PHercParis2Fr47/surface_volume.zarr"], "val_uri": "local_data/PHercParis2Fr143/surface_volume.zarr", "cache_dir": null, "use_ridges": true, "use_lasagna": false, "ridge_sigma": 2.0, "batch_size": 16, "patch_size": 64, "num_layers": 16, "lr": 5e-05, "weight_decay": 0.01, "time_budget": 3600, "pinned": false, "loss_ink_bce": 0.6, "loss_ink_dice": 0.2, "loss_fiber_bce": 0.3, "loss_st": 0.1, "label_smoothing": 0.0, "aug_mode": "batchgeneratorsv2", "aug_flip_p": 0.5, "aug_brightness_p": 0.75, "aug_affine_p": 0.75, "aug_coarse_dropout_p": 0.5, "aug_elastic_p": 0.0, "aug_grid_p": 0.0, "aug_rotate_limit": 180, "aug_scale_limit": 0.15, "aug_scroll_decohesion_p": 0.25, "aug_scroll_warping_p": 0.25, "aug_scroll_squeeze_p": 0.25, "aug_scroll_z_dropout_p": 0.0, "aug_scroll_intensity_drift_p": 0.0, "aug_scroll_sheet_compression_p": 0.0, "aug_scroll_thick_slice_p": 0.0, "aug_scroll_rician_noise_p": 0.0, "aug_scroll_blank_rectangles_p": 0.0, "use_betti_loss": false, "betti_loss_weight": 0.1, "auxiliary_config": {"enabled": false, "task_types": ["surface_normals", "structure_tensor"], "weights": {"surface_normals": 0.05, "structure_tensor": 0.05}}, "target_fiber_source": "sobel_z", "target_fiber_sigma": 2.0, "multi_task_heads": false, "architecture": "gated_unet", "base_feat": 64, "num_blocks": 16, "num_heads": 8, "dropout": 0.0, "pseudo_label_dir": "local_data/pseudo_labels", "foundation_model_path": null, "enforce_prize_gates": false, "min_prize_centerline_dice": 0.01, "max_prize_skel_dist": 2.0, "max_prize_cc_diff": 64.0, "min_prize_topology_samples": 1, "use_uamt": false, "ema_decay": 0.99, "consistency_weight": 0.1, "unlabeled_uris": ["local_data/PHercParis2Fr47/surface_volume.zarr"]}
2026-06-06 06:31:45	1.000000	nan	0.000000	0.000	0.000	0.0000	0.447453	1.02	1.904	7905.9	{"uri": null, "uris": ["local_data/PHercParis2Fr47/surface_volume.zarr"], "val_uri": "local_data/PHercParis2Fr143/surface_volume.zarr", "cache_dir": null, "use_ridges": true, "use_lasagna": false, "ridge_sigma": 2.0, "batch_size": 16, "patch_size": 64, "num_layers": 16, "lr": 5e-05, "weight_decay": 0.01, "time_budget": 3600, "pinned": false, "loss_ink_bce": 0.4, "loss_ink_dice": 0.2, "loss_fiber_bce": 0.3, "loss_st": 0.1, "label_smoothing": 0.0, "aug_mode": "batchgeneratorsv2", "aug_flip_p": 0.5, "aug_brightness_p": 0.75, "aug_affine_p": 0.75, "aug_coarse_dropout_p": 0.5, "aug_elastic_p": 0.0, "aug_grid_p": 0.0, "aug_rotate_limit": 180, "aug_scale_limit": 0.15, "aug_scroll_decohesion_p": 0.25, "aug_scroll_warping_p": 0.0, "aug_scroll_squeeze_p": 0.25, "aug_scroll_z_dropout_p": 0.0, "aug_scroll_intensity_drift_p": 0.0, "aug_scroll_sheet_compression_p": 0.0, "aug_scroll_thick_slice_p": 0.0, "aug_scroll_rician_noise_p": 0.0, "aug_scroll_blank_rectangles_p": 0.0, "use_betti_loss": false, "betti_loss_weight": 0.1, "auxiliary_config": {"enabled": false, "task_types": ["surface_normals", "structure_tensor"], "weights": {"surface_normals": 0.05, "structure_tensor": 0.05}}, "target_fiber_source": "sobel_z", "target_fiber_sigma": 2.0, "multi_task_heads": false, "architecture": "gated_unet", "base_feat": 64, "num_blocks": 16, "num_heads": 8, "dropout": 0.0, "pseudo_label_dir": "local_data/pseudo_labels", "foundation_model_path": null, "enforce_prize_gates": false, "min_prize_centerline_dice": 0.01, "max_prize_skel_dist": 2.0, "max_prize_cc_diff": 64.0, "min_prize_topology_samples": 1, "use_uamt": false, "ema_decay": 0.99, "consistency_weight": 0.1, "unlabeled_uris": ["local_data/PHercParis2Fr47/surface_volume.zarr"]}
2026-06-06 07:32:10	1.000000	nan	0.000000	0.000	0.000	0.0000	0.648589	1.01	1.904	7905.9	{"uri": null, "uris": ["local_data/PHercParis2Fr47/surface_volume.zarr"], "val_uri": "local_data/PHercParis2Fr143/surface_volume.zarr", "cache_dir": null, "use_ridges": true, "use_lasagna": false, "ridge_sigma": 2.0, "batch_size": 16, "patch_size": 64, "num_layers": 16, "lr": 5e-05, "weight_decay": 0.01, "time_budget": 3600, "pinned": false, "loss_ink_bce": 0.6, "loss_ink_dice": 0.4, "loss_fiber_bce": 0.3, "loss_st": 0.1, "label_smoothing": 0.0, "aug_mode": "batchgeneratorsv2", "aug_flip_p": 0.5, "aug_brightness_p": 0.75, "aug_affine_p": 0.75, "aug_coarse_dropout_p": 0.5, "aug_elastic_p": 0.0, "aug_grid_p": 0.0, "aug_rotate_limit": 180, "aug_scale_limit": 0.15, "aug_scroll_decohesion_p": 0.25, "aug_scroll_warping_p": 0.0, "aug_scroll_squeeze_p": 0.25, "aug_scroll_z_dropout_p": 0.0, "aug_scroll_intensity_drift_p": 0.0, "aug_scroll_sheet_compression_p": 0.0, "aug_scroll_thick_slice_p": 0.0, "aug_scroll_rician_noise_p": 0.0, "aug_scroll_blank_rectangles_p": 0.0, "use_betti_loss": false, "betti_loss_weight": 0.1, "auxiliary_config": {"enabled": false, "task_types": ["surface_normals", "structure_tensor"], "weights": {"surface_normals": 0.05, "structure_tensor": 0.05}}, "target_fiber_source": "sobel_z", "target_fiber_sigma": 2.0, "multi_task_heads": false, "architecture": "gated_unet", "base_feat": 64, "num_blocks": 16, "num_heads": 8, "dropout": 0.0, "pseudo_label_dir": "local_data/pseudo_labels", "foundation_model_path": null, "enforce_prize_gates": false, "min_prize_centerline_dice": 0.01, "max_prize_skel_dist": 2.0, "max_prize_cc_diff": 64.0, "min_prize_topology_samples": 1, "use_uamt": false, "ema_decay": 0.99, "consistency_weight": 0.1, "unlabeled_uris": ["local_data/PHercParis2Fr47/surface_volume.zarr"]}
2026-06-06 08:14:54	1.000000	nan	0.000000	0.000	0.000	0.0000	0.438580	1.08	1.904	7905.9	{"uri": null, "uris": ["local_data/PHercParis2Fr47/surface_volume.zarr"], "val_uri": "local_data/PHercParis2Fr143/surface_volume.zarr", "cache_dir": null, "use_ridges": true, "use_lasagna": false, "ridge_sigma": 2.0, "batch_size": 16, "patch_size": 64, "num_layers": 16, "lr": 5e-05, "weight_decay": 0.01, "time_budget": 900, "pinned": false, "loss_ink_bce": 0.6, "loss_ink_dice": 0.2, "loss_fiber_bce": 0.3, "loss_st": 0.1, "label_smoothing": 0.0, "aug_mode": "batchgeneratorsv2", "aug_flip_p": 0.5, "aug_brightness_p": 0.75, "aug_affine_p": 0.75, "aug_coarse_dropout_p": 0.5, "aug_elastic_p": 0.0, "aug_grid_p": 0.0, "aug_rotate_limit": 180, "aug_scale_limit": 0.15, "aug_scroll_decohesion_p": 0.25, "aug_scroll_warping_p": 0.0, "aug_scroll_squeeze_p": 0.25, "aug_scroll_z_dropout_p": 0.0, "aug_scroll_intensity_drift_p": 0.0, "aug_scroll_sheet_compression_p": 0.0, "aug_scroll_thick_slice_p": 0.0, "aug_scroll_rician_noise_p": 0.25, "aug_scroll_blank_rectangles_p": 0.0, "use_betti_loss": false, "betti_loss_weight": 0.1, "auxiliary_config": {"enabled": false, "task_types": ["surface_normals", "structure_tensor"], "weights": {"surface_normals": 0.05, "structure_tensor": 0.05}}, "target_fiber_source": "sobel_z", "target_fiber_sigma": 2.0, "multi_task_heads": false, "architecture": "gated_unet", "base_feat": 64, "num_blocks": 16, "num_heads": 8, "dropout": 0.0, "pseudo_label_dir": "local_data/pseudo_labels", "foundation_model_path": null, "enforce_prize_gates": false, "min_prize_centerline_dice": 0.01, "max_prize_skel_dist": 2.0, "max_prize_cc_diff": 64.0, "min_prize_topology_samples": 1, "use_uamt": false, "ema_decay": 0.99, "consistency_weight": 0.1, "unlabeled_uris": ["local_data/PHercParis2Fr47/surface_volume.zarr"]}
2026-06-06 08:30:19	1.000000	nan	0.000000	0.000	0.000	0.0000	0.473924	0.94	1.904	7905.9	{"uri": null, "uris": ["local_data/PHercParis2Fr47/surface_volume.zarr"], "val_uri": "local_data/PHercParis2Fr143/surface_volume.zarr", "cache_dir": null, "use_ridges": true, "use_lasagna": false, "ridge_sigma": 2.0, "batch_size": 16, "patch_size": 64, "num_layers": 16, "lr": 5e-05, "weight_decay": 0.01, "time_budget": 900, "pinned": false, "loss_ink_bce": 0.6, "loss_ink_dice": 0.2, "loss_fiber_bce": 0.3, "loss_st": 0.1, "label_smoothing": 0.0, "aug_mode": "batchgeneratorsv2", "aug_flip_p": 0.5, "aug_brightness_p": 0.75, "aug_affine_p": 0.75, "aug_coarse_dropout_p": 0.5, "aug_elastic_p": 0.0, "aug_grid_p": 0.0, "aug_rotate_limit": 180, "aug_scale_limit": 0.15, "aug_scroll_decohesion_p": 0.25, "aug_scroll_warping_p": 0.0, "aug_scroll_squeeze_p": 0.25, "aug_scroll_z_dropout_p": 0.0, "aug_scroll_intensity_drift_p": 0.0, "aug_scroll_sheet_compression_p": 0.0, "aug_scroll_thick_slice_p": 0.0, "aug_scroll_rician_noise_p": 0.0, "aug_scroll_blank_rectangles_p": 0.5, "use_betti_loss": false, "betti_loss_weight": 0.1, "auxiliary_config": {"enabled": false, "task_types": ["surface_normals", "structure_tensor"], "weights": {"surface_normals": 0.05, "structure_tensor": 0.05}}, "target_fiber_source": "sobel_z", "target_fiber_sigma": 2.0, "multi_task_heads": false, "architecture": "gated_unet", "base_feat": 64, "num_blocks": 16, "num_heads": 8, "dropout": 0.0, "pseudo_label_dir": "local_data/pseudo_labels", "foundation_model_path": null, "enforce_prize_gates": false, "min_prize_centerline_dice": 0.01, "max_prize_skel_dist": 2.0, "max_prize_cc_diff": 64.0, "min_prize_topology_samples": 1, "use_uamt": false, "ema_decay": 0.99, "consistency_weight": 0.1, "unlabeled_uris": ["local_data/PHercParis2Fr47/surface_volume.zarr"]}
2026-06-06 08:45:41	1.000000	nan	0.000000	0.000	0.000	0.0000	0.451057	1.41	1.904	7905.9	{"uri": null, "uris": ["local_data/PHercParis2Fr47/surface_volume.zarr"], "val_uri": "local_data/PHercParis2Fr143/surface_volume.zarr", "cache_dir": null, "use_ridges": true, "use_lasagna": false, "ridge_sigma": 2.0, "batch_size": 16, "patch_size": 64, "num_layers": 16, "lr": 5e-05, "weight_decay": 0.01, "time_budget": 900, "pinned": false, "loss_ink_bce": 0.6, "loss_ink_dice": 0.2, "loss_fiber_bce": 0.3, "loss_st": 0.1, "label_smoothing": 0.0, "aug_mode": "batchgeneratorsv2", "aug_flip_p": 0.5, "aug_brightness_p": 0.75, "aug_affine_p": 0.75, "aug_coarse_dropout_p": 0.5, "aug_elastic_p": 0.0, "aug_grid_p": 0.0, "aug_rotate_limit": 180, "aug_scale_limit": 0.15, "aug_scroll_decohesion_p": 0.25, "aug_scroll_warping_p": 0.0, "aug_scroll_squeeze_p": 0.25, "aug_scroll_z_dropout_p": 0.0, "aug_scroll_intensity_drift_p": 0.0, "aug_scroll_sheet_compression_p": 0.25, "aug_scroll_thick_slice_p": 0.0, "aug_scroll_rician_noise_p": 0.0, "aug_scroll_blank_rectangles_p": 0.0, "use_betti_loss": false, "betti_loss_weight": 0.1, "auxiliary_config": {"enabled": false, "task_types": ["surface_normals", "structure_tensor"], "weights": {"surface_normals": 0.05, "structure_tensor": 0.05}}, "target_fiber_source": "sobel_z", "target_fiber_sigma": 2.0, "multi_task_heads": false, "architecture": "gated_unet", "base_feat": 64, "num_blocks": 16, "num_heads": 8, "dropout": 0.0, "pseudo_label_dir": "local_data/pseudo_labels", "foundation_model_path": null, "enforce_prize_gates": false, "min_prize_centerline_dice": 0.01, "max_prize_skel_dist": 2.0, "max_prize_cc_diff": 64.0, "min_prize_topology_samples": 1, "use_uamt": false, "ema_decay": 0.99, "consistency_weight": 0.1, "unlabeled_uris": ["local_data/PHercParis2Fr47/surface_volume.zarr"]}
2026-06-06 09:01:04	1.000000	nan	0.000000	0.000	0.000	0.0000	0.452685	1.20	1.904	7905.9	{"uri": null, "uris": ["local_data/PHercParis2Fr47/surface_volume.zarr"], "val_uri": "local_data/PHercParis2Fr143/surface_volume.zarr", "cache_dir": null, "use_ridges": true, "use_lasagna": false, "ridge_sigma": 2.0, "batch_size": 16, "patch_size": 64, "num_layers": 16, "lr": 5e-05, "weight_decay": 0.01, "time_budget": 900, "pinned": false, "loss_ink_bce": 0.6, "loss_ink_dice": 0.2, "loss_fiber_bce": 0.3, "loss_st": 0.1, "label_smoothing": 0.0, "aug_mode": "batchgeneratorsv2", "aug_flip_p": 0.5, "aug_brightness_p": 0.75, "aug_affine_p": 0.75, "aug_coarse_dropout_p": 0.5, "aug_elastic_p": 0.0, "aug_grid_p": 0.0, "aug_rotate_limit": 180, "aug_scale_limit": 0.15, "aug_scroll_decohesion_p": 0.25, "aug_scroll_warping_p": 0.0, "aug_scroll_squeeze_p": 0.25, "aug_scroll_z_dropout_p": 0.25, "aug_scroll_intensity_drift_p": 0.0, "aug_scroll_sheet_compression_p": 0.0, "aug_scroll_thick_slice_p": 0.0, "aug_scroll_rician_noise_p": 0.0, "aug_scroll_blank_rectangles_p": 0.0, "use_betti_loss": false, "betti_loss_weight": 0.1, "auxiliary_config": {"enabled": false, "task_types": ["surface_normals", "structure_tensor"], "weights": {"surface_normals": 0.05, "structure_tensor": 0.05}}, "target_fiber_source": "sobel_z", "target_fiber_sigma": 2.0, "multi_task_heads": false, "architecture": "gated_unet", "base_feat": 64, "num_blocks": 16, "num_heads": 8, "dropout": 0.0, "pseudo_label_dir": "local_data/pseudo_labels", "foundation_model_path": null, "enforce_prize_gates": false, "min_prize_centerline_dice": 0.01, "max_prize_skel_dist": 2.0, "max_prize_cc_diff": 64.0, "min_prize_topology_samples": 1, "use_uamt": false, "ema_decay": 0.99, "consistency_weight": 0.1, "unlabeled_uris": ["local_data/PHercParis2Fr47/surface_volume.zarr"]}
2026-06-06 09:16:30	1.000000	nan	0.000000	0.000	0.000	0.0000	0.207869	1.17	1.904	7901.6	{"uri": null, "uris": ["local_data/PHercParis2Fr47/surface_volume.zarr"], "val_uri": "local_data/PHercParis2Fr143/surface_volume.zarr", "cache_dir": null, "use_ridges": true, "use_lasagna": false, "ridge_sigma": 2.0, "batch_size": 16, "patch_size": 64, "num_layers": 16, "lr": 5e-05, "weight_decay": 0.01, "time_budget": 900, "pinned": false, "loss_ink_bce": 0.6, "loss_ink_dice": 0.2, "loss_fiber_bce": 0.3, "loss_st": 0.1, "label_smoothing": 0.0, "aug_mode": "batchgeneratorsv2", "aug_flip_p": 0.5, "aug_brightness_p": 0.75, "aug_affine_p": 0.75, "aug_coarse_dropout_p": 0.5, "aug_elastic_p": 0.0, "aug_grid_p": 0.0, "aug_rotate_limit": 180, "aug_scale_limit": 0.15, "aug_scroll_decohesion_p": 0.25, "aug_scroll_warping_p": 0.0, "aug_scroll_squeeze_p": 0.25, "aug_scroll_z_dropout_p": 0.0, "aug_scroll_intensity_drift_p": 0.0, "aug_scroll_sheet_compression_p": 0.0, "aug_scroll_thick_slice_p": 0.0, "aug_scroll_rician_noise_p": 0.0, "aug_scroll_blank_rectangles_p": 0.0, "use_betti_loss": false, "betti_loss_weight": 0.1, "auxiliary_config": {"enabled": false, "task_types": ["surface_normals", "structure_tensor"], "weights": {"surface_normals": 0.05, "structure_tensor": 0.05}}, "target_fiber_source": "frangi", "target_fiber_sigma": 2.0, "multi_task_heads": false, "architecture": "gated_unet", "base_feat": 64, "num_blocks": 16, "num_heads": 8, "dropout": 0.0, "pseudo_label_dir": "local_data/pseudo_labels", "foundation_model_path": null, "enforce_prize_gates": false, "min_prize_centerline_dice": 0.01, "max_prize_skel_dist": 2.0, "max_prize_cc_diff": 64.0, "min_prize_topology_samples": 1, "use_uamt": false, "ema_decay": 0.99, "consistency_weight": 0.1, "unlabeled_uris": ["local_data/PHercParis2Fr47/surface_volume.zarr"]}
2026-06-06 09:31:51	1.000000	nan	0.000000	0.000	0.000	0.0000	0.451873	1.11	1.904	7905.9	{"uri": null, "uris": ["local_data/PHercParis2Fr47/surface_volume.zarr"], "val_uri": "local_data/PHercParis2Fr143/surface_volume.zarr", "cache_dir": null, "use_ridges": true, "use_lasagna": false, "ridge_sigma": 2.0, "batch_size": 16, "patch_size": 64, "num_layers": 16, "lr": 5e-05, "weight_decay": 0.01, "time_budget": 900, "pinned": false, "loss_ink_bce": 0.6, "loss_ink_dice": 0.2, "loss_fiber_bce": 0.3, "loss_st": 0.1, "label_smoothing": 0.0, "aug_mode": "batchgeneratorsv2", "aug_flip_p": 0.5, "aug_brightness_p": 0.75, "aug_affine_p": 0.75, "aug_coarse_dropout_p": 0.5, "aug_elastic_p": 0.0, "aug_grid_p": 0.0, "aug_rotate_limit": 180, "aug_scale_limit": 0.15, "aug_scroll_decohesion_p": 0.5, "aug_scroll_warping_p": 0.0, "aug_scroll_squeeze_p": 0.25, "aug_scroll_z_dropout_p": 0.0, "aug_scroll_intensity_drift_p": 0.0, "aug_scroll_sheet_compression_p": 0.0, "aug_scroll_thick_slice_p": 0.0, "aug_scroll_rician_noise_p": 0.0, "aug_scroll_blank_rectangles_p": 0.0, "use_betti_loss": false, "betti_loss_weight": 0.1, "auxiliary_config": {"enabled": false, "task_types": ["surface_normals", "structure_tensor"], "weights": {"surface_normals": 0.05, "structure_tensor": 0.05}}, "target_fiber_source": "sobel_z", "target_fiber_sigma": 2.0, "multi_task_heads": false, "architecture": "gated_unet", "base_feat": 64, "num_blocks": 16, "num_heads": 8, "dropout": 0.0, "pseudo_label_dir": "local_data/pseudo_labels", "foundation_model_path": null, "enforce_prize_gates": false, "min_prize_centerline_dice": 0.01, "max_prize_skel_dist": 2.0, "max_prize_cc_diff": 64.0, "min_prize_topology_samples": 1, "use_uamt": false, "ema_decay": 0.99, "consistency_weight": 0.1, "unlabeled_uris": ["local_data/PHercParis2Fr47/surface_volume.zarr"]}
2026-06-06 09:47:17	1.000000	nan	0.000000	0.000	0.000	0.0000	0.454755	1.49	1.904	7905.9	{"uri": null, "uris": ["local_data/PHercParis2Fr47/surface_volume.zarr"], "val_uri": "local_data/PHercParis2Fr143/surface_volume.zarr", "cache_dir": null, "use_ridges": true, "use_lasagna": false, "ridge_sigma": 2.0, "batch_size": 16, "patch_size": 64, "num_layers": 16, "lr": 5e-05, "weight_decay": 0.01, "time_budget": 900, "pinned": false, "loss_ink_bce": 0.6, "loss_ink_dice": 0.2, "loss_fiber_bce": 0.3, "loss_st": 0.1, "label_smoothing": 0.0, "aug_mode": "batchgeneratorsv2", "aug_flip_p": 0.5, "aug_brightness_p": 0.75, "aug_affine_p": 0.75, "aug_coarse_dropout_p": 0.5, "aug_elastic_p": 0.0, "aug_grid_p": 0.0, "aug_rotate_limit": 180, "aug_scale_limit": 0.15, "aug_scroll_decohesion_p": 0.25, "aug_scroll_warping_p": 0.0, "aug_scroll_squeeze_p": 0.25, "aug_scroll_z_dropout_p": 0.0, "aug_scroll_intensity_drift_p": 0.0, "aug_scroll_sheet_compression_p": 0.5, "aug_scroll_thick_slice_p": 0.0, "aug_scroll_rician_noise_p": 0.0, "aug_scroll_blank_rectangles_p": 0.0, "use_betti_loss": false, "betti_loss_weight": 0.1, "auxiliary_config": {"enabled": false, "task_types": ["surface_normals", "structure_tensor"], "weights": {"surface_normals": 0.05, "structure_tensor": 0.05}}, "target_fiber_source": "sobel_z", "target_fiber_sigma": 2.0, "multi_task_heads": false, "architecture": "gated_unet", "base_feat": 64, "num_blocks": 16, "num_heads": 8, "dropout": 0.0, "pseudo_label_dir": "local_data/pseudo_labels", "foundation_model_path": null, "enforce_prize_gates": false, "min_prize_centerline_dice": 0.01, "max_prize_skel_dist": 2.0, "max_prize_cc_diff": 64.0, "min_prize_topology_samples": 1, "use_uamt": false, "ema_decay": 0.99, "consistency_weight": 0.1, "unlabeled_uris": ["local_data/PHercParis2Fr47/surface_volume.zarr"]}
2026-06-06 10:02:42	1.000000	nan	0.000000	0.000	0.000	0.0000	0.478319	0.83	1.904	7905.9	{"uri": null, "uris": ["local_data/PHercParis2Fr47/surface_volume.zarr"], "val_uri": "local_data/PHercParis2Fr143/surface_volume.zarr", "cache_dir": null, "use_ridges": true, "use_lasagna": false, "ridge_sigma": 2.0, "batch_size": 16, "patch_size": 64, "num_layers": 16, "lr": 5e-05, "weight_decay": 0.01, "time_budget": 900, "pinned": false, "loss_ink_bce": 0.6, "loss_ink_dice": 0.2, "loss_fiber_bce": 0.3, "loss_st": 0.1, "label_smoothing": 0.0, "aug_mode": "batchgeneratorsv2", "aug_flip_p": 0.5, "aug_brightness_p": 0.75, "aug_affine_p": 0.75, "aug_coarse_dropout_p": 0.5, "aug_elastic_p": 0.0, "aug_grid_p": 0.0, "aug_rotate_limit": 180, "aug_scale_limit": 0.15, "aug_scroll_decohesion_p": 0.25, "aug_scroll_warping_p": 0.0, "aug_scroll_squeeze_p": 0.25, "aug_scroll_z_dropout_p": 0.0, "aug_scroll_intensity_drift_p": 0.25, "aug_scroll_sheet_compression_p": 0.0, "aug_scroll_thick_slice_p": 0.0, "aug_scroll_rician_noise_p": 0.0, "aug_scroll_blank_rectangles_p": 0.0, "use_betti_loss": false, "betti_loss_weight": 0.1, "auxiliary_config": {"enabled": false, "task_types": ["surface_normals", "structure_tensor"], "weights": {"surface_normals": 0.05, "structure_tensor": 0.05}}, "target_fiber_source": "sobel_z", "target_fiber_sigma": 2.0, "multi_task_heads": false, "architecture": "gated_unet", "base_feat": 64, "num_blocks": 16, "num_heads": 8, "dropout": 0.0, "pseudo_label_dir": "local_data/pseudo_labels", "foundation_model_path": null, "enforce_prize_gates": false, "min_prize_centerline_dice": 0.01, "max_prize_skel_dist": 2.0, "max_prize_cc_diff": 64.0, "min_prize_topology_samples": 1, "use_uamt": false, "ema_decay": 0.99, "consistency_weight": 0.1, "unlabeled_uris": ["local_data/PHercParis2Fr47/surface_volume.zarr"]}
2026-06-06 10:18:29	1.000000	nan	0.000000	0.000	0.000	0.0000	0.330460	1.10	1.904	7905.9	{"uri": null, "uris": ["local_data/PHercParis2Fr47/surface_volume.zarr"], "val_uri": "local_data/PHercParis2Fr143/surface_volume.zarr", "cache_dir": null, "use_ridges": true, "use_lasagna": false, "ridge_sigma": 2.0, "batch_size": 16, "patch_size": 64, "num_layers": 16, "lr": 5e-05, "weight_decay": 0.01, "time_budget": 900, "pinned": false, "loss_ink_bce": 0.6, "loss_ink_dice": 0.2, "loss_fiber_bce": 0.1, "loss_st": 0.1, "label_smoothing": 0.0, "aug_mode": "batchgeneratorsv2", "aug_flip_p": 0.5, "aug_brightness_p": 0.75, "aug_affine_p": 0.75, "aug_coarse_dropout_p": 0.5, "aug_elastic_p": 0.0, "aug_grid_p": 0.0, "aug_rotate_limit": 180, "aug_scale_limit": 0.15, "aug_scroll_decohesion_p": 0.25, "aug_scroll_warping_p": 0.0, "aug_scroll_squeeze_p": 0.25, "aug_scroll_z_dropout_p": 0.0, "aug_scroll_intensity_drift_p": 0.0, "aug_scroll_sheet_compression_p": 0.0, "aug_scroll_thick_slice_p": 0.0, "aug_scroll_rician_noise_p": 0.0, "aug_scroll_blank_rectangles_p": 0.0, "use_betti_loss": false, "betti_loss_weight": 0.1, "auxiliary_config": {"enabled": false, "task_types": ["surface_normals", "structure_tensor"], "weights": {"surface_normals": 0.05, "structure_tensor": 0.05}}, "target_fiber_source": "sobel_z", "target_fiber_sigma": 2.0, "multi_task_heads": false, "architecture": "gated_unet", "base_feat": 64, "num_blocks": 16, "num_heads": 8, "dropout": 0.0, "pseudo_label_dir": "local_data/pseudo_labels", "foundation_model_path": null, "enforce_prize_gates": false, "min_prize_centerline_dice": 0.01, "max_prize_skel_dist": 2.0, "max_prize_cc_diff": 64.0, "min_prize_topology_samples": 1, "use_uamt": false, "ema_decay": 0.99, "consistency_weight": 0.1, "unlabeled_uris": ["local_data/PHercParis2Fr47/surface_volume.zarr"]}
2026-06-06 10:34:17	1.000000	nan	0.000000	0.000	0.000	0.0000	0.422072	1.08	1.904	7905.9	{"uri": null, "uris": ["local_data/PHercParis2Fr47/surface_volume.zarr"], "val_uri": "local_data/PHercParis2Fr143/surface_volume.zarr", "cache_dir": null, "use_ridges": true, "use_lasagna": false, "ridge_sigma": 2.0, "batch_size": 16, "patch_size": 64, "num_layers": 16, "lr": 5e-05, "weight_decay": 0.01, "time_budget": 900, "pinned": false, "loss_ink_bce": 0.6, "loss_ink_dice": 0.2, "loss_fiber_bce": 0.3, "loss_st": 0.1, "label_smoothing": 0.0, "aug_mode": "batchgeneratorsv2", "aug_flip_p": 0.5, "aug_brightness_p": 0.75, "aug_affine_p": 0.75, "aug_coarse_dropout_p": 0.5, "aug_elastic_p": 0.0, "aug_grid_p": 0.0, "aug_rotate_limit": 180, "aug_scale_limit": 0.15, "aug_scroll_decohesion_p": 0.25, "aug_scroll_warping_p": 0.0, "aug_scroll_squeeze_p": 0.25, "aug_scroll_z_dropout_p": 0.0, "aug_scroll_intensity_drift_p": 0.0, "aug_scroll_sheet_compression_p": 0.0, "aug_scroll_thick_slice_p": 0.0, "aug_scroll_rician_noise_p": 0.0, "aug_scroll_blank_rectangles_p": 0.0, "use_betti_loss": false, "betti_loss_weight": 0.1, "auxiliary_config": {"enabled": false, "task_types": ["surface_normals", "structure_tensor"], "weights": {"surface_normals": 0.05, "structure_tensor": 0.05}}, "target_fiber_source": "sobel_z", "target_fiber_sigma": 2.0, "multi_task_heads": true, "architecture": "gated_unet", "base_feat": 64, "num_blocks": 16, "num_heads": 8, "dropout": 0.0, "pseudo_label_dir": "local_data/pseudo_labels", "foundation_model_path": null, "enforce_prize_gates": false, "min_prize_centerline_dice": 0.01, "max_prize_skel_dist": 2.0, "max_prize_cc_diff": 64.0, "min_prize_topology_samples": 1, "use_uamt": false, "ema_decay": 0.99, "consistency_weight": 0.1, "unlabeled_uris": ["local_data/PHercParis2Fr47/surface_volume.zarr"]}
2026-06-06 10:49:40	1.000000	nan	0.000000	0.000	0.000	0.0000	0.444096	1.10	1.904	7905.9	{"uri": null, "uris": ["local_data/PHercParis2Fr47/surface_volume.zarr"], "val_uri": "local_data/PHercParis2Fr143/surface_volume.zarr", "cache_dir": null, "use_ridges": true, "use_lasagna": false, "ridge_sigma": 2.0, "batch_size": 16, "patch_size": 64, "num_layers": 16, "lr": 5e-05, "weight_decay": 0.01, "time_budget": 900, "pinned": false, "loss_ink_bce": 0.6, "loss_ink_dice": 0.2, "loss_fiber_bce": 0.3, "loss_st": 0.1, "label_smoothing": 0.0, "aug_mode": "batchgeneratorsv2", "aug_flip_p": 0.5, "aug_brightness_p": 0.75, "aug_affine_p": 0.75, "aug_coarse_dropout_p": 0.5, "aug_elastic_p": 0.0, "aug_grid_p": 0.0, "aug_rotate_limit": 180, "aug_scale_limit": 0.15, "aug_scroll_decohesion_p": 0.25, "aug_scroll_warping_p": 0.0, "aug_scroll_squeeze_p": 0.25, "aug_scroll_z_dropout_p": 0.0, "aug_scroll_intensity_drift_p": 0.0, "aug_scroll_sheet_compression_p": 0.0, "aug_scroll_thick_slice_p": 0.0, "aug_scroll_rician_noise_p": 0.0, "aug_scroll_blank_rectangles_p": 0.25, "use_betti_loss": false, "betti_loss_weight": 0.1, "auxiliary_config": {"enabled": false, "task_types": ["surface_normals", "structure_tensor"], "weights": {"surface_normals": 0.05, "structure_tensor": 0.05}}, "target_fiber_source": "sobel_z", "target_fiber_sigma": 2.0, "multi_task_heads": false, "architecture": "gated_unet", "base_feat": 64, "num_blocks": 16, "num_heads": 8, "dropout": 0.0, "pseudo_label_dir": "local_data/pseudo_labels", "foundation_model_path": null, "enforce_prize_gates": false, "min_prize_centerline_dice": 0.01, "max_prize_skel_dist": 2.0, "max_prize_cc_diff": 64.0, "min_prize_topology_samples": 1, "use_uamt": false, "ema_decay": 0.99, "consistency_weight": 0.1, "unlabeled_uris": ["local_data/PHercParis2Fr47/surface_volume.zarr"]}
2026-06-06 11:05:02	1.000000	nan	0.000000	0.000	0.000	0.0000	0.451509	1.18	1.904	7905.9	{"uri": null, "uris": ["local_data/PHercParis2Fr47/surface_volume.zarr"], "val_uri": "local_data/PHercParis2Fr143/surface_volume.zarr", "cache_dir": null, "use_ridges": true, "use_lasagna": false, "ridge_sigma": 2.0, "batch_size": 16, "patch_size": 64, "num_layers": 16, "lr": 5e-05, "weight_decay": 0.0, "time_budget": 900, "pinned": false, "loss_ink_bce": 0.6, "loss_ink_dice": 0.2, "loss_fiber_bce": 0.3, "loss_st": 0.1, "label_smoothing": 0.0, "aug_mode": "batchgeneratorsv2", "aug_flip_p": 0.5, "aug_brightness_p": 0.75, "aug_affine_p": 0.75, "aug_coarse_dropout_p": 0.5, "aug_elastic_p": 0.0, "aug_grid_p": 0.0, "aug_rotate_limit": 180, "aug_scale_limit": 0.15, "aug_scroll_decohesion_p": 0.25, "aug_scroll_warping_p": 0.0, "aug_scroll_squeeze_p": 0.25, "aug_scroll_z_dropout_p": 0.0, "aug_scroll_intensity_drift_p": 0.0, "aug_scroll_sheet_compression_p": 0.0, "aug_scroll_thick_slice_p": 0.0, "aug_scroll_rician_noise_p": 0.0, "aug_scroll_blank_rectangles_p": 0.0, "use_betti_loss": false, "betti_loss_weight": 0.1, "auxiliary_config": {"enabled": false, "task_types": ["surface_normals", "structure_tensor"], "weights": {"surface_normals": 0.05, "structure_tensor": 0.05}}, "target_fiber_source": "sobel_z", "target_fiber_sigma": 2.0, "multi_task_heads": false, "architecture": "gated_unet", "base_feat": 64, "num_blocks": 16, "num_heads": 8, "dropout": 0.0, "pseudo_label_dir": "local_data/pseudo_labels", "foundation_model_path": null, "enforce_prize_gates": false, "min_prize_centerline_dice": 0.01, "max_prize_skel_dist": 2.0, "max_prize_cc_diff": 64.0, "min_prize_topology_samples": 1, "use_uamt": false, "ema_decay": 0.99, "consistency_weight": 0.1, "unlabeled_uris": ["local_data/PHercParis2Fr47/surface_volume.zarr"]}
2026-06-06 11:20:29	1.000000	nan	0.000000	0.000	0.000	0.0000	0.447472	1.18	1.904	7905.9	{"uri": null, "uris": ["local_data/PHercParis2Fr47/surface_volume.zarr"], "val_uri": "local_data/PHercParis2Fr143/surface_volume.zarr", "cache_dir": null, "use_ridges": true, "use_lasagna": false, "ridge_sigma": 2.0, "batch_size": 16, "patch_size": 64, "num_layers": 16, "lr": 5e-05, "weight_decay": 0.1, "time_budget": 900, "pinned": false, "loss_ink_bce": 0.6, "loss_ink_dice": 0.2, "loss_fiber_bce": 0.3, "loss_st": 0.1, "label_smoothing": 0.0, "aug_mode": "batchgeneratorsv2", "aug_flip_p": 0.5, "aug_brightness_p": 0.75, "aug_affine_p": 0.75, "aug_coarse_dropout_p": 0.5, "aug_elastic_p": 0.0, "aug_grid_p": 0.0, "aug_rotate_limit": 180, "aug_scale_limit": 0.15, "aug_scroll_decohesion_p": 0.25, "aug_scroll_warping_p": 0.0, "aug_scroll_squeeze_p": 0.25, "aug_scroll_z_dropout_p": 0.0, "aug_scroll_intensity_drift_p": 0.0, "aug_scroll_sheet_compression_p": 0.0, "aug_scroll_thick_slice_p": 0.0, "aug_scroll_rician_noise_p": 0.0, "aug_scroll_blank_rectangles_p": 0.0, "use_betti_loss": false, "betti_loss_weight": 0.1, "auxiliary_config": {"enabled": false, "task_types": ["surface_normals", "structure_tensor"], "weights": {"surface_normals": 0.05, "structure_tensor": 0.05}}, "target_fiber_source": "sobel_z", "target_fiber_sigma": 2.0, "multi_task_heads": false, "architecture": "gated_unet", "base_feat": 64, "num_blocks": 16, "num_heads": 8, "dropout": 0.0, "pseudo_label_dir": "local_data/pseudo_labels", "foundation_model_path": null, "enforce_prize_gates": false, "min_prize_centerline_dice": 0.01, "max_prize_skel_dist": 2.0, "max_prize_cc_diff": 64.0, "min_prize_topology_samples": 1, "use_uamt": false, "ema_decay": 0.99, "consistency_weight": 0.1, "unlabeled_uris": ["local_data/PHercParis2Fr47/surface_volume.zarr"]}
2026-06-06 11:35:51	1.000000	nan	0.000000	0.000	0.000	0.0000	0.444468	1.95	1.904	7905.9	{"uri": null, "uris": ["local_data/PHercParis2Fr47/surface_volume.zarr"], "val_uri": "local_data/PHercParis2Fr143/surface_volume.zarr", "cache_dir": null, "use_ridges": true, "use_lasagna": false, "ridge_sigma": 2.0, "batch_size": 16, "patch_size": 64, "num_layers": 16, "lr": 5e-05, "weight_decay": 0.01, "time_budget": 900, "pinned": false, "loss_ink_bce": 0.6, "loss_ink_dice": 0.2, "loss_fiber_bce": 0.3, "loss_st": 0.1, "label_smoothing": 0.0, "aug_mode": "albumentations", "aug_flip_p": 0.5, "aug_brightness_p": 0.75, "aug_affine_p": 0.75, "aug_coarse_dropout_p": 0.5, "aug_elastic_p": 0.0, "aug_grid_p": 0.0, "aug_rotate_limit": 180, "aug_scale_limit": 0.15, "aug_scroll_decohesion_p": 0.25, "aug_scroll_warping_p": 0.0, "aug_scroll_squeeze_p": 0.25, "aug_scroll_z_dropout_p": 0.0, "aug_scroll_intensity_drift_p": 0.0, "aug_scroll_sheet_compression_p": 0.0, "aug_scroll_thick_slice_p": 0.0, "aug_scroll_rician_noise_p": 0.0, "aug_scroll_blank_rectangles_p": 0.0, "use_betti_loss": false, "betti_loss_weight": 0.1, "auxiliary_config": {"enabled": false, "task_types": ["surface_normals", "structure_tensor"], "weights": {"surface_normals": 0.05, "structure_tensor": 0.05}}, "target_fiber_source": "sobel_z", "target_fiber_sigma": 2.0, "multi_task_heads": false, "architecture": "gated_unet", "base_feat": 64, "num_blocks": 16, "num_heads": 8, "dropout": 0.0, "pseudo_label_dir": "local_data/pseudo_labels", "foundation_model_path": null, "enforce_prize_gates": false, "min_prize_centerline_dice": 0.01, "max_prize_skel_dist": 2.0, "max_prize_cc_diff": 64.0, "min_prize_topology_samples": 1, "use_uamt": false, "ema_decay": 0.99, "consistency_weight": 0.1, "unlabeled_uris": ["local_data/PHercParis2Fr47/surface_volume.zarr"]}
2026-06-06 11:51:14	1.000000	nan	0.000000	0.000	0.000	0.0000	0.450395	1.17	1.904	7905.9	{"uri": null, "uris": ["local_data/PHercParis2Fr47/surface_volume.zarr"], "val_uri": "local_data/PHercParis2Fr143/surface_volume.zarr", "cache_dir": null, "use_ridges": true, "use_lasagna": false, "ridge_sigma": 2.0, "batch_size": 16, "patch_size": 64, "num_layers": 16, "lr": 5e-05, "weight_decay": 0.01, "time_budget": 900, "pinned": false, "loss_ink_bce": 0.6, "loss_ink_dice": 0.2, "loss_fiber_bce": 0.3, "loss_st": 0.1, "label_smoothing": 0.0, "aug_mode": "batchgeneratorsv2", "aug_flip_p": 0.5, "aug_brightness_p": 0.75, "aug_affine_p": 0.75, "aug_coarse_dropout_p": 0.5, "aug_elastic_p": 0.0, "aug_grid_p": 0.0, "aug_rotate_limit": 180, "aug_scale_limit": 0.15, "aug_scroll_decohesion_p": 0.25, "aug_scroll_warping_p": 0.0, "aug_scroll_squeeze_p": 0.25, "aug_scroll_z_dropout_p": 0.0, "aug_scroll_intensity_drift_p": 0.5, "aug_scroll_sheet_compression_p": 0.0, "aug_scroll_thick_slice_p": 0.0, "aug_scroll_rician_noise_p": 0.0, "aug_scroll_blank_rectangles_p": 0.0, "use_betti_loss": false, "betti_loss_weight": 0.1, "auxiliary_config": {"enabled": false, "task_types": ["surface_normals", "structure_tensor"], "weights": {"surface_normals": 0.05, "structure_tensor": 0.05}}, "target_fiber_source": "sobel_z", "target_fiber_sigma": 2.0, "multi_task_heads": false, "architecture": "gated_unet", "base_feat": 64, "num_blocks": 16, "num_heads": 8, "dropout": 0.0, "pseudo_label_dir": "local_data/pseudo_labels", "foundation_model_path": null, "enforce_prize_gates": false, "min_prize_centerline_dice": 0.01, "max_prize_skel_dist": 2.0, "max_prize_cc_diff": 64.0, "min_prize_topology_samples": 1, "use_uamt": false, "ema_decay": 0.99, "consistency_weight": 0.1, "unlabeled_uris": ["local_data/PHercParis2Fr47/surface_volume.zarr"]}
2026-06-06 12:06:37	1.000000	nan	0.000000	0.000	0.000	0.0000	0.452073	1.13	1.904	7905.9	{"uri": null, "uris": ["local_data/PHercParis2Fr47/surface_volume.zarr"], "val_uri": "local_data/PHercParis2Fr143/surface_volume.zarr", "cache_dir": null, "use_ridges": true, "use_lasagna": false, "ridge_sigma": 2.0, "batch_size": 16, "patch_size": 64, "num_layers": 16, "lr": 5e-05, "weight_decay": 0.01, "time_budget": 900, "pinned": false, "loss_ink_bce": 0.6, "loss_ink_dice": 0.2, "loss_fiber_bce": 0.3, "loss_st": 0.1, "label_smoothing": 0.0, "aug_mode": "batchgeneratorsv2", "aug_flip_p": 0.5, "aug_brightness_p": 0.75, "aug_affine_p": 0.75, "aug_coarse_dropout_p": 0.5, "aug_elastic_p": 0.0, "aug_grid_p": 0.0, "aug_rotate_limit": 180, "aug_scale_limit": 0.15, "aug_scroll_decohesion_p": 0.25, "aug_scroll_warping_p": 0.0, "aug_scroll_squeeze_p": 0.0, "aug_scroll_z_dropout_p": 0.0, "aug_scroll_intensity_drift_p": 0.0, "aug_scroll_sheet_compression_p": 0.0, "aug_scroll_thick_slice_p": 0.0, "aug_scroll_rician_noise_p": 0.0, "aug_scroll_blank_rectangles_p": 0.0, "use_betti_loss": false, "betti_loss_weight": 0.1, "auxiliary_config": {"enabled": false, "task_types": ["surface_normals", "structure_tensor"], "weights": {"surface_normals": 0.05, "structure_tensor": 0.05}}, "target_fiber_source": "sobel_z", "target_fiber_sigma": 2.0, "multi_task_heads": false, "architecture": "gated_unet", "base_feat": 64, "num_blocks": 16, "num_heads": 8, "dropout": 0.0, "pseudo_label_dir": "local_data/pseudo_labels", "foundation_model_path": null, "enforce_prize_gates": false, "min_prize_centerline_dice": 0.01, "max_prize_skel_dist": 2.0, "max_prize_cc_diff": 64.0, "min_prize_topology_samples": 1, "use_uamt": false, "ema_decay": 0.99, "consistency_weight": 0.1, "unlabeled_uris": ["local_data/PHercParis2Fr47/surface_volume.zarr"]}
2026-06-06 12:21:59	1.000000	nan	0.000000	0.000	0.000	0.0000	0.442047	1.15	1.904	7905.9	{"uri": null, "uris": ["local_data/PHercParis2Fr47/surface_volume.zarr"], "val_uri": "local_data/PHercParis2Fr143/surface_volume.zarr", "cache_dir": null, "use_ridges": true, "use_lasagna": false, "ridge_sigma": 2.0, "batch_size": 16, "patch_size": 64, "num_layers": 16, "lr": 0.0005, "weight_decay": 0.01, "time_budget": 900, "pinned": false, "loss_ink_bce": 0.6, "loss_ink_dice": 0.2, "loss_fiber_bce": 0.3, "loss_st": 0.1, "label_smoothing": 0.0, "aug_mode": "batchgeneratorsv2", "aug_flip_p": 0.5, "aug_brightness_p": 0.75, "aug_affine_p": 0.75, "aug_coarse_dropout_p": 0.5, "aug_elastic_p": 0.0, "aug_grid_p": 0.0, "aug_rotate_limit": 180, "aug_scale_limit": 0.15, "aug_scroll_decohesion_p": 0.25, "aug_scroll_warping_p": 0.0, "aug_scroll_squeeze_p": 0.25, "aug_scroll_z_dropout_p": 0.0, "aug_scroll_intensity_drift_p": 0.0, "aug_scroll_sheet_compression_p": 0.0, "aug_scroll_thick_slice_p": 0.0, "aug_scroll_rician_noise_p": 0.0, "aug_scroll_blank_rectangles_p": 0.0, "use_betti_loss": false, "betti_loss_weight": 0.1, "auxiliary_config": {"enabled": false, "task_types": ["surface_normals", "structure_tensor"], "weights": {"surface_normals": 0.05, "structure_tensor": 0.05}}, "target_fiber_source": "sobel_z", "target_fiber_sigma": 2.0, "multi_task_heads": false, "architecture": "gated_unet", "base_feat": 64, "num_blocks": 16, "num_heads": 8, "dropout": 0.0, "pseudo_label_dir": "local_data/pseudo_labels", "foundation_model_path": null, "enforce_prize_gates": false, "min_prize_centerline_dice": 0.01, "max_prize_skel_dist": 2.0, "max_prize_cc_diff": 64.0, "min_prize_topology_samples": 1, "use_uamt": false, "ema_decay": 0.99, "consistency_weight": 0.1, "unlabeled_uris": ["local_data/PHercParis2Fr47/surface_volume.zarr"]}
2026-06-06 12:37:22	1.000000	nan	0.000000	0.000	0.000	0.0000	0.450302	1.17	1.904	8148.9	{"uri": null, "uris": ["local_data/PHercParis2Fr47/surface_volume.zarr"], "val_uri": "local_data/PHercParis2Fr143/surface_volume.zarr", "cache_dir": null, "use_ridges": true, "use_lasagna": false, "ridge_sigma": 2.0, "batch_size": 16, "patch_size": 64, "num_layers": 16, "lr": 5e-05, "weight_decay": 0.01, "time_budget": 900, "pinned": false, "loss_ink_bce": 0.6, "loss_ink_dice": 0.2, "loss_fiber_bce": 0.3, "loss_st": 0.1, "label_smoothing": 0.0, "aug_mode": "batchgeneratorsv2", "aug_flip_p": 0.5, "aug_brightness_p": 0.75, "aug_affine_p": 0.75, "aug_coarse_dropout_p": 0.5, "aug_elastic_p": 0.0, "aug_grid_p": 0.0, "aug_rotate_limit": 180, "aug_scale_limit": 0.15, "aug_scroll_decohesion_p": 0.25, "aug_scroll_warping_p": 0.0, "aug_scroll_squeeze_p": 0.25, "aug_scroll_z_dropout_p": 0.0, "aug_scroll_intensity_drift_p": 0.0, "aug_scroll_sheet_compression_p": 0.0, "aug_scroll_thick_slice_p": 0.0, "aug_scroll_rician_noise_p": 0.0, "aug_scroll_blank_rectangles_p": 0.0, "use_betti_loss": false, "betti_loss_weight": 0.1, "auxiliary_config": {"enabled": false, "task_types": ["surface_normals", "structure_tensor"], "weights": {"surface_normals": 0.05, "structure_tensor": 0.05}}, "target_fiber_source": "sobel_z", "target_fiber_sigma": 2.0, "multi_task_heads": false, "architecture": "gated_unet", "base_feat": 64, "num_blocks": 16, "num_heads": 8, "dropout": 0.1, "pseudo_label_dir": "local_data/pseudo_labels", "foundation_model_path": null, "enforce_prize_gates": false, "min_prize_centerline_dice": 0.01, "max_prize_skel_dist": 2.0, "max_prize_cc_diff": 64.0, "min_prize_topology_samples": 1, "use_uamt": false, "ema_decay": 0.99, "consistency_weight": 0.1, "unlabeled_uris": ["local_data/PHercParis2Fr47/surface_volume.zarr"]}
2026-06-06 12:52:46	1.000000	nan	0.000000	0.000	0.000	0.0000	0.466049	1.05	1.904	7905.9	{"uri": null, "uris": ["local_data/PHercParis2Fr47/surface_volume.zarr"], "val_uri": "local_data/PHercParis2Fr143/surface_volume.zarr", "cache_dir": null, "use_ridges": true, "use_lasagna": false, "ridge_sigma": 3.0, "batch_size": 16, "patch_size": 64, "num_layers": 16, "lr": 5e-05, "weight_decay": 0.01, "time_budget": 900, "pinned": false, "loss_ink_bce": 0.6, "loss_ink_dice": 0.2, "loss_fiber_bce": 0.3, "loss_st": 0.1, "label_smoothing": 0.0, "aug_mode": "batchgeneratorsv2", "aug_flip_p": 0.5, "aug_brightness_p": 0.75, "aug_affine_p": 0.75, "aug_coarse_dropout_p": 0.5, "aug_elastic_p": 0.0, "aug_grid_p": 0.0, "aug_rotate_limit": 180, "aug_scale_limit": 0.15, "aug_scroll_decohesion_p": 0.25, "aug_scroll_warping_p": 0.0, "aug_scroll_squeeze_p": 0.25, "aug_scroll_z_dropout_p": 0.0, "aug_scroll_intensity_drift_p": 0.0, "aug_scroll_sheet_compression_p": 0.0, "aug_scroll_thick_slice_p": 0.0, "aug_scroll_rician_noise_p": 0.0, "aug_scroll_blank_rectangles_p": 0.0, "use_betti_loss": false, "betti_loss_weight": 0.1, "auxiliary_config": {"enabled": false, "task_types": ["surface_normals", "structure_tensor"], "weights": {"surface_normals": 0.05, "structure_tensor": 0.05}}, "target_fiber_source": "sobel_z", "target_fiber_sigma": 2.0, "multi_task_heads": false, "architecture": "gated_unet", "base_feat": 64, "num_blocks": 16, "num_heads": 8, "dropout": 0.0, "pseudo_label_dir": "local_data/pseudo_labels", "foundation_model_path": null, "enforce_prize_gates": false, "min_prize_centerline_dice": 0.01, "max_prize_skel_dist": 2.0, "max_prize_cc_diff": 64.0, "min_prize_topology_samples": 1, "use_uamt": false, "ema_decay": 0.99, "consistency_weight": 0.1, "unlabeled_uris": ["local_data/PHercParis2Fr47/surface_volume.zarr"]}
2026-06-06 13:08:35	1.000000	nan	0.000000	0.000	0.000	0.0000	0.579979	0.75	53.090	15073.0	{"uri": null, "uris": ["local_data/PHercParis2Fr47/surface_volume.zarr"], "val_uri": "local_data/PHercParis2Fr143/surface_volume.zarr", "cache_dir": null, "use_ridges": true, "use_lasagna": false, "ridge_sigma": 2.0, "batch_size": 16, "patch_size": 64, "num_layers": 16, "lr": 5e-05, "weight_decay": 0.01, "time_budget": 900, "pinned": false, "loss_ink_bce": 0.6, "loss_ink_dice": 0.2, "loss_fiber_bce": 0.3, "loss_st": 0.1, "label_smoothing": 0.0, "aug_mode": "batchgeneratorsv2", "aug_flip_p": 0.5, "aug_brightness_p": 0.75, "aug_affine_p": 0.75, "aug_coarse_dropout_p": 0.5, "aug_elastic_p": 0.0, "aug_grid_p": 0.0, "aug_rotate_limit": 180, "aug_scale_limit": 0.15, "aug_scroll_decohesion_p": 0.25, "aug_scroll_warping_p": 0.0, "aug_scroll_squeeze_p": 0.25, "aug_scroll_z_dropout_p": 0.0, "aug_scroll_intensity_drift_p": 0.0, "aug_scroll_sheet_compression_p": 0.0, "aug_scroll_thick_slice_p": 0.0, "aug_scroll_rician_noise_p": 0.0, "aug_scroll_blank_rectangles_p": 0.0, "use_betti_loss": false, "betti_loss_weight": 0.1, "auxiliary_config": {"enabled": false, "task_types": ["surface_normals", "structure_tensor"], "weights": {"surface_normals": 0.05, "structure_tensor": 0.05}}, "target_fiber_source": "sobel_z", "target_fiber_sigma": 2.0, "multi_task_heads": false, "architecture": "neural_tracing_vit", "base_feat": 64, "num_blocks": 16, "num_heads": 8, "dropout": 0.0, "pseudo_label_dir": "local_data/pseudo_labels", "foundation_model_path": null, "enforce_prize_gates": false, "min_prize_centerline_dice": 0.01, "max_prize_skel_dist": 2.0, "max_prize_cc_diff": 64.0, "min_prize_topology_samples": 1, "use_uamt": false, "ema_decay": 0.99, "consistency_weight": 0.1, "unlabeled_uris": ["local_data/PHercParis2Fr47/surface_volume.zarr"]}
2026-06-06 13:24:17	1.000000	nan	0.000000	0.000	0.000	0.0000	0.472140	0.87	1.904	7905.9	{"uri": null, "uris": ["local_data/PHercParis2Fr47/surface_volume.zarr"], "val_uri": "local_data/PHercParis2Fr143/surface_volume.zarr", "cache_dir": null, "use_ridges": true, "use_lasagna": false, "ridge_sigma": 2.0, "batch_size": 16, "patch_size": 64, "num_layers": 16, "lr": 5e-05, "weight_decay": 0.01, "time_budget": 900, "pinned": false, "loss_ink_bce": 0.6, "loss_ink_dice": 0.2, "loss_fiber_bce": 0.3, "loss_st": 0.1, "label_smoothing": 0.0, "aug_mode": "batchgeneratorsv2", "aug_flip_p": 0.5, "aug_brightness_p": 0.75, "aug_affine_p": 0.75, "aug_coarse_dropout_p": 0.5, "aug_elastic_p": 0.0, "aug_grid_p": 0.0, "aug_rotate_limit": 180, "aug_scale_limit": 0.15, "aug_scroll_decohesion_p": 0.25, "aug_scroll_warping_p": 0.0, "aug_scroll_squeeze_p": 0.25, "aug_scroll_z_dropout_p": 0.0, "aug_scroll_intensity_drift_p": 0.0, "aug_scroll_sheet_compression_p": 0.0, "aug_scroll_thick_slice_p": 0.0, "aug_scroll_rician_noise_p": 0.5, "aug_scroll_blank_rectangles_p": 0.0, "use_betti_loss": false, "betti_loss_weight": 0.1, "auxiliary_config": {"enabled": false, "task_types": ["surface_normals", "structure_tensor"], "weights": {"surface_normals": 0.05, "structure_tensor": 0.05}}, "target_fiber_source": "sobel_z", "target_fiber_sigma": 2.0, "multi_task_heads": false, "architecture": "gated_unet", "base_feat": 64, "num_blocks": 16, "num_heads": 8, "dropout": 0.0, "pseudo_label_dir": "local_data/pseudo_labels", "foundation_model_path": null, "enforce_prize_gates": false, "min_prize_centerline_dice": 0.01, "max_prize_skel_dist": 2.0, "max_prize_cc_diff": 64.0, "min_prize_topology_samples": 1, "use_uamt": false, "ema_decay": 0.99, "consistency_weight": 0.1, "unlabeled_uris": ["local_data/PHercParis2Fr47/surface_volume.zarr"]}
2026-06-06 13:39:45	1.000000	nan	0.000000	0.000	0.000	0.0000	0.470018	0.95	1.904	7905.9	{"uri": null, "uris": ["local_data/PHercParis2Fr47/surface_volume.zarr"], "val_uri": "local_data/PHercParis2Fr143/surface_volume.zarr", "cache_dir": null, "use_ridges": true, "use_lasagna": false, "ridge_sigma": 2.0, "batch_size": 16, "patch_size": 64, "num_layers": 16, "lr": 5e-05, "weight_decay": 0.01, "time_budget": 900, "pinned": false, "loss_ink_bce": 0.6, "loss_ink_dice": 0.2, "loss_fiber_bce": 0.3, "loss_st": 0.1, "label_smoothing": 0.0, "aug_mode": "batchgeneratorsv2", "aug_flip_p": 0.5, "aug_brightness_p": 0.75, "aug_affine_p": 0.75, "aug_coarse_dropout_p": 0.5, "aug_elastic_p": 0.0, "aug_grid_p": 0.0, "aug_rotate_limit": 180, "aug_scale_limit": 0.15, "aug_scroll_decohesion_p": 0.25, "aug_scroll_warping_p": 0.0, "aug_scroll_squeeze_p": 0.25, "aug_scroll_z_dropout_p": 0.0, "aug_scroll_intensity_drift_p": 0.0, "aug_scroll_sheet_compression_p": 0.0, "aug_scroll_thick_slice_p": 0.0, "aug_scroll_rician_noise_p": 0.0, "aug_scroll_blank_rectangles_p": 0.0, "use_betti_loss": false, "betti_loss_weight": 0.1, "auxiliary_config": {"enabled": false, "task_types": ["surface_normals", "structure_tensor"], "weights": {"surface_normals": 0.05, "structure_tensor": 0.05}}, "target_fiber_source": "sobel_z", "target_fiber_sigma": 2.0, "multi_task_heads": false, "architecture": "gated_unet", "base_feat": 64, "num_blocks": 16, "num_heads": 12, "dropout": 0.0, "pseudo_label_dir": "local_data/pseudo_labels", "foundation_model_path": null, "enforce_prize_gates": false, "min_prize_centerline_dice": 0.01, "max_prize_skel_dist": 2.0, "max_prize_cc_diff": 64.0, "min_prize_topology_samples": 1, "use_uamt": false, "ema_decay": 0.99, "consistency_weight": 0.1, "unlabeled_uris": ["local_data/PHercParis2Fr47/surface_volume.zarr"]}
2026-06-06 13:55:13	1.000000	nan	0.000000	0.000	0.000	0.0000	0.446573	0.90	1.904	7905.9	{"uri": null, "uris": ["local_data/PHercParis2Fr47/surface_volume.zarr"], "val_uri": "local_data/PHercParis2Fr143/surface_volume.zarr", "cache_dir": null, "use_ridges": true, "use_lasagna": false, "ridge_sigma": 2.0, "batch_size": 16, "patch_size": 64, "num_layers": 16, "lr": 0.001, "weight_decay": 0.01, "time_budget": 900, "pinned": false, "loss_ink_bce": 0.6, "loss_ink_dice": 0.2, "loss_fiber_bce": 0.3, "loss_st": 0.1, "label_smoothing": 0.0, "aug_mode": "batchgeneratorsv2", "aug_flip_p": 0.5, "aug_brightness_p": 0.75, "aug_affine_p": 0.75, "aug_coarse_dropout_p": 0.5, "aug_elastic_p": 0.0, "aug_grid_p": 0.0, "aug_rotate_limit": 180, "aug_scale_limit": 0.15, "aug_scroll_decohesion_p": 0.25, "aug_scroll_warping_p": 0.0, "aug_scroll_squeeze_p": 0.25, "aug_scroll_z_dropout_p": 0.0, "aug_scroll_intensity_drift_p": 0.0, "aug_scroll_sheet_compression_p": 0.0, "aug_scroll_thick_slice_p": 0.0, "aug_scroll_rician_noise_p": 0.0, "aug_scroll_blank_rectangles_p": 0.0, "use_betti_loss": false, "betti_loss_weight": 0.1, "auxiliary_config": {"enabled": false, "task_types": ["surface_normals", "structure_tensor"], "weights": {"surface_normals": 0.05, "structure_tensor": 0.05}}, "target_fiber_source": "sobel_z", "target_fiber_sigma": 2.0, "multi_task_heads": false, "architecture": "gated_unet", "base_feat": 64, "num_blocks": 16, "num_heads": 8, "dropout": 0.0, "pseudo_label_dir": "local_data/pseudo_labels", "foundation_model_path": null, "enforce_prize_gates": false, "min_prize_centerline_dice": 0.01, "max_prize_skel_dist": 2.0, "max_prize_cc_diff": 64.0, "min_prize_topology_samples": 1, "use_uamt": false, "ema_decay": 0.99, "consistency_weight": 0.1, "unlabeled_uris": ["local_data/PHercParis2Fr47/surface_volume.zarr"]}
2026-06-06 14:10:44	1.000000	nan	0.000000	0.000	0.000	0.0000	0.470056	0.91	1.904	8148.9	{"uri": null, "uris": ["local_data/PHercParis2Fr47/surface_volume.zarr"], "val_uri": "local_data/PHercParis2Fr143/surface_volume.zarr", "cache_dir": null, "use_ridges": true, "use_lasagna": false, "ridge_sigma": 2.0, "batch_size": 16, "patch_size": 64, "num_layers": 16, "lr": 5e-05, "weight_decay": 0.01, "time_budget": 900, "pinned": false, "loss_ink_bce": 0.6, "loss_ink_dice": 0.2, "loss_fiber_bce": 0.3, "loss_st": 0.1, "label_smoothing": 0.0, "aug_mode": "batchgeneratorsv2", "aug_flip_p": 0.5, "aug_brightness_p": 0.75, "aug_affine_p": 0.75, "aug_coarse_dropout_p": 0.5, "aug_elastic_p": 0.0, "aug_grid_p": 0.0, "aug_rotate_limit": 180, "aug_scale_limit": 0.15, "aug_scroll_decohesion_p": 0.25, "aug_scroll_warping_p": 0.0, "aug_scroll_squeeze_p": 0.25, "aug_scroll_z_dropout_p": 0.0, "aug_scroll_intensity_drift_p": 0.0, "aug_scroll_sheet_compression_p": 0.0, "aug_scroll_thick_slice_p": 0.0, "aug_scroll_rician_noise_p": 0.0, "aug_scroll_blank_rectangles_p": 0.0, "use_betti_loss": false, "betti_loss_weight": 0.1, "auxiliary_config": {"enabled": false, "task_types": ["surface_normals", "structure_tensor"], "weights": {"surface_normals": 0.05, "structure_tensor": 0.05}}, "target_fiber_source": "sobel_z", "target_fiber_sigma": 2.0, "multi_task_heads": false, "architecture": "gated_unet", "base_feat": 64, "num_blocks": 16, "num_heads": 8, "dropout": 0.2, "pseudo_label_dir": "local_data/pseudo_labels", "foundation_model_path": null, "enforce_prize_gates": false, "min_prize_centerline_dice": 0.01, "max_prize_skel_dist": 2.0, "max_prize_cc_diff": 64.0, "min_prize_topology_samples": 1, "use_uamt": false, "ema_decay": 0.99, "consistency_weight": 0.1, "unlabeled_uris": ["local_data/PHercParis2Fr47/surface_volume.zarr"]}
2026-06-06 14:26:12	1.000000	nan	0.000000	0.000	0.000	0.0000	0.434970	1.09	1.904	7905.9	{"uri": null, "uris": ["local_data/PHercParis2Fr47/surface_volume.zarr"], "val_uri": "local_data/PHercParis2Fr143/surface_volume.zarr", "cache_dir": null, "use_ridges": true, "use_lasagna": false, "ridge_sigma": 1.0, "batch_size": 16, "patch_size": 64, "num_layers": 16, "lr": 5e-05, "weight_decay": 0.01, "time_budget": 900, "pinned": false, "loss_ink_bce": 0.6, "loss_ink_dice": 0.2, "loss_fiber_bce": 0.3, "loss_st": 0.1, "label_smoothing": 0.0, "aug_mode": "batchgeneratorsv2", "aug_flip_p": 0.5, "aug_brightness_p": 0.75, "aug_affine_p": 0.75, "aug_coarse_dropout_p": 0.5, "aug_elastic_p": 0.0, "aug_grid_p": 0.0, "aug_rotate_limit": 180, "aug_scale_limit": 0.15, "aug_scroll_decohesion_p": 0.25, "aug_scroll_warping_p": 0.0, "aug_scroll_squeeze_p": 0.25, "aug_scroll_z_dropout_p": 0.0, "aug_scroll_intensity_drift_p": 0.0, "aug_scroll_sheet_compression_p": 0.0, "aug_scroll_thick_slice_p": 0.0, "aug_scroll_rician_noise_p": 0.0, "aug_scroll_blank_rectangles_p": 0.0, "use_betti_loss": false, "betti_loss_weight": 0.1, "auxiliary_config": {"enabled": false, "task_types": ["surface_normals", "structure_tensor"], "weights": {"surface_normals": 0.05, "structure_tensor": 0.05}}, "target_fiber_source": "sobel_z", "target_fiber_sigma": 2.0, "multi_task_heads": false, "architecture": "gated_unet", "base_feat": 64, "num_blocks": 16, "num_heads": 8, "dropout": 0.0, "pseudo_label_dir": "local_data/pseudo_labels", "foundation_model_path": null, "enforce_prize_gates": false, "min_prize_centerline_dice": 0.01, "max_prize_skel_dist": 2.0, "max_prize_cc_diff": 64.0, "min_prize_topology_samples": 1, "use_uamt": false, "ema_decay": 0.99, "consistency_weight": 0.1, "unlabeled_uris": ["local_data/PHercParis2Fr47/surface_volume.zarr"]}
2026-06-06 14:41:35	1.000000	nan	0.000000	0.000	0.000	0.0000	0.453415	1.11	1.904	7905.9	{"uri": null, "uris": ["local_data/PHercParis2Fr47/surface_volume.zarr"], "val_uri": "local_data/PHercParis2Fr143/surface_volume.zarr", "cache_dir": null, "use_ridges": true, "use_lasagna": false, "ridge_sigma": 2.0, "batch_size": 16, "patch_size": 64, "num_layers": 16, "lr": 5e-05, "weight_decay": 0.01, "time_budget": 900, "pinned": false, "loss_ink_bce": 0.6, "loss_ink_dice": 0.2, "loss_fiber_bce": 0.3, "loss_st": 0.1, "label_smoothing": 0.0, "aug_mode": "batchgeneratorsv2", "aug_flip_p": 0.5, "aug_brightness_p": 0.75, "aug_affine_p": 0.75, "aug_coarse_dropout_p": 0.5, "aug_elastic_p": 0.0, "aug_grid_p": 0.0, "aug_rotate_limit": 180, "aug_scale_limit": 0.15, "aug_scroll_decohesion_p": 0.25, "aug_scroll_warping_p": 0.0, "aug_scroll_squeeze_p": 0.25, "aug_scroll_z_dropout_p": 0.0, "aug_scroll_intensity_drift_p": 0.0, "aug_scroll_sheet_compression_p": 0.0, "aug_scroll_thick_slice_p": 0.0, "aug_scroll_rician_noise_p": 0.0, "aug_scroll_blank_rectangles_p": 0.0, "use_betti_loss": false, "betti_loss_weight": 0.1, "auxiliary_config": {"enabled": false, "task_types": ["surface_normals", "structure_tensor"], "weights": {"surface_normals": 0.05, "structure_tensor": 0.05}}, "target_fiber_source": "sobel_z", "target_fiber_sigma": 2.0, "multi_task_heads": false, "architecture": "gated_unet", "base_feat": 64, "num_blocks": 16, "num_heads": 8, "dropout": 0.0, "pseudo_label_dir": "local_data/pseudo_labels", "foundation_model_path": null, "enforce_prize_gates": false, "min_prize_centerline_dice": 0.01, "max_prize_skel_dist": 2.0, "max_prize_cc_diff": 64.0, "min_prize_topology_samples": 1, "use_uamt": false, "ema_decay": 0.99, "consistency_weight": 0.1, "unlabeled_uris": ["local_data/PHercParis2Fr47/surface_volume.zarr"]}
2026-06-06 14:56:58	1.000000	nan	0.000000	0.000	0.000	0.0000	0.443978	1.17	1.904	7905.9	{"uri": null, "uris": ["local_data/PHercParis2Fr47/surface_volume.zarr"], "val_uri": "local_data/PHercParis2Fr143/surface_volume.zarr", "cache_dir": null, "use_ridges": true, "use_lasagna": false, "ridge_sigma": 2.0, "batch_size": 16, "patch_size": 64, "num_layers": 16, "lr": 5e-05, "weight_decay": 0.01, "time_budget": 900, "pinned": false, "loss_ink_bce": 0.2, "loss_ink_dice": 0.2, "loss_fiber_bce": 0.3, "loss_st": 0.1, "label_smoothing": 0.0, "aug_mode": "batchgeneratorsv2", "aug_flip_p": 0.5, "aug_brightness_p": 0.75, "aug_affine_p": 0.75, "aug_coarse_dropout_p": 0.5, "aug_elastic_p": 0.0, "aug_grid_p": 0.0, "aug_rotate_limit": 180, "aug_scale_limit": 0.15, "aug_scroll_decohesion_p": 0.25, "aug_scroll_warping_p": 0.0, "aug_scroll_squeeze_p": 0.25, "aug_scroll_z_dropout_p": 0.0, "aug_scroll_intensity_drift_p": 0.0, "aug_scroll_sheet_compression_p": 0.0, "aug_scroll_thick_slice_p": 0.0, "aug_scroll_rician_noise_p": 0.0, "aug_scroll_blank_rectangles_p": 0.0, "use_betti_loss": false, "betti_loss_weight": 0.1, "auxiliary_config": {"enabled": false, "task_types": ["surface_normals", "structure_tensor"], "weights": {"surface_normals": 0.05, "structure_tensor": 0.05}}, "target_fiber_source": "sobel_z", "target_fiber_sigma": 2.0, "multi_task_heads": false, "architecture": "gated_unet", "base_feat": 64, "num_blocks": 16, "num_heads": 8, "dropout": 0.0, "pseudo_label_dir": "local_data/pseudo_labels", "foundation_model_path": null, "enforce_prize_gates": false, "min_prize_centerline_dice": 0.01, "max_prize_skel_dist": 2.0, "max_prize_cc_diff": 64.0, "min_prize_topology_samples": 1, "use_uamt": false, "ema_decay": 0.99, "consistency_weight": 0.1, "unlabeled_uris": ["local_data/PHercParis2Fr47/surface_volume.zarr"]}
2026-06-06 15:12:21	1.000000	nan	0.000000	0.000	0.000	0.0000	0.451585	1.11	1.904	7905.9	{"uri": null, "uris": ["local_data/PHercParis2Fr47/surface_volume.zarr"], "val_uri": "local_data/PHercParis2Fr143/surface_volume.zarr", "cache_dir": null, "use_ridges": true, "use_lasagna": false, "ridge_sigma": 2.0, "batch_size": 16, "patch_size": 64, "num_layers": 16, "lr": 5e-05, "weight_decay": 0.01, "time_budget": 900, "pinned": false, "loss_ink_bce": 0.6, "loss_ink_dice": 0.2, "loss_fiber_bce": 0.3, "loss_st": 0.1, "label_smoothing": 0.0, "aug_mode": "batchgeneratorsv2", "aug_flip_p": 0.5, "aug_brightness_p": 0.75, "aug_affine_p": 0.75, "aug_coarse_dropout_p": 0.5, "aug_elastic_p": 0.0, "aug_grid_p": 0.0, "aug_rotate_limit": 180, "aug_scale_limit": 0.15, "aug_scroll_decohesion_p": 0.0, "aug_scroll_warping_p": 0.0, "aug_scroll_squeeze_p": 0.25, "aug_scroll_z_dropout_p": 0.0, "aug_scroll_intensity_drift_p": 0.0, "aug_scroll_sheet_compression_p": 0.0, "aug_scroll_thick_slice_p": 0.0, "aug_scroll_rician_noise_p": 0.0, "aug_scroll_blank_rectangles_p": 0.0, "use_betti_loss": false, "betti_loss_weight": 0.1, "auxiliary_config": {"enabled": false, "task_types": ["surface_normals", "structure_tensor"], "weights": {"surface_normals": 0.05, "structure_tensor": 0.05}}, "target_fiber_source": "sobel_z", "target_fiber_sigma": 2.0, "multi_task_heads": false, "architecture": "gated_unet", "base_feat": 64, "num_blocks": 16, "num_heads": 8, "dropout": 0.0, "pseudo_label_dir": "local_data/pseudo_labels", "foundation_model_path": null, "enforce_prize_gates": false, "min_prize_centerline_dice": 0.01, "max_prize_skel_dist": 2.0, "max_prize_cc_diff": 64.0, "min_prize_topology_samples": 1, "use_uamt": false, "ema_decay": 0.99, "consistency_weight": 0.1, "unlabeled_uris": ["local_data/PHercParis2Fr47/surface_volume.zarr"]}
2026-06-06 15:27:49	1.000000	nan	0.000000	0.000	0.000	0.0000	0.451088	1.16	1.904	7905.9	{"uri": null, "uris": ["local_data/PHercParis2Fr47/surface_volume.zarr"], "val_uri": "local_data/PHercParis2Fr143/surface_volume.zarr", "cache_dir": null, "use_ridges": true, "use_lasagna": false, "ridge_sigma": 2.0, "batch_size": 16, "patch_size": 64, "num_layers": 16, "lr": 5e-05, "weight_decay": 0.01, "time_budget": 900, "pinned": false, "loss_ink_bce": 0.6, "loss_ink_dice": 0.2, "loss_fiber_bce": 0.3, "loss_st": 0.1, "label_smoothing": 0.0, "aug_mode": "batchgeneratorsv2", "aug_flip_p": 0.5, "aug_brightness_p": 0.75, "aug_affine_p": 0.75, "aug_coarse_dropout_p": 0.5, "aug_elastic_p": 0.0, "aug_grid_p": 0.0, "aug_rotate_limit": 180, "aug_scale_limit": 0.15, "aug_scroll_decohesion_p": 0.25, "aug_scroll_warping_p": 0.0, "aug_scroll_squeeze_p": 0.25, "aug_scroll_z_dropout_p": 0.5, "aug_scroll_intensity_drift_p": 0.0, "aug_scroll_sheet_compression_p": 0.0, "aug_scroll_thick_slice_p": 0.0, "aug_scroll_rician_noise_p": 0.0, "aug_scroll_blank_rectangles_p": 0.0, "use_betti_loss": false, "betti_loss_weight": 0.1, "auxiliary_config": {"enabled": false, "task_types": ["surface_normals", "structure_tensor"], "weights": {"surface_normals": 0.05, "structure_tensor": 0.05}}, "target_fiber_source": "sobel_z", "target_fiber_sigma": 2.0, "multi_task_heads": false, "architecture": "gated_unet", "base_feat": 64, "num_blocks": 16, "num_heads": 8, "dropout": 0.0, "pseudo_label_dir": "local_data/pseudo_labels", "foundation_model_path": null, "enforce_prize_gates": false, "min_prize_centerline_dice": 0.01, "max_prize_skel_dist": 2.0, "max_prize_cc_diff": 64.0, "min_prize_topology_samples": 1, "use_uamt": false, "ema_decay": 0.99, "consistency_weight": 0.1, "unlabeled_uris": ["local_data/PHercParis2Fr47/surface_volume.zarr"]}
2026-06-06 15:43:12	1.000000	nan	0.000000	0.000	0.000	0.0000	0.434697	1.08	1.904	7905.9	{"uri": null, "uris": ["local_data/PHercParis2Fr47/surface_volume.zarr"], "val_uri": "local_data/PHercParis2Fr143/surface_volume.zarr", "cache_dir": null, "use_ridges": true, "use_lasagna": false, "ridge_sigma": 2.0, "batch_size": 16, "patch_size": 64, "num_layers": 16, "lr": 5e-05, "weight_decay": 0.01, "time_budget": 900, "pinned": false, "loss_ink_bce": 0.6, "loss_ink_dice": 0.2, "loss_fiber_bce": 0.3, "loss_st": 0.1, "label_smoothing": 0.0, "aug_mode": "batchgeneratorsv2", "aug_flip_p": 0.5, "aug_brightness_p": 0.75, "aug_affine_p": 0.75, "aug_coarse_dropout_p": 0.5, "aug_elastic_p": 0.0, "aug_grid_p": 0.0, "aug_rotate_limit": 180, "aug_scale_limit": 0.15, "aug_scroll_decohesion_p": 0.25, "aug_scroll_warping_p": 0.0, "aug_scroll_squeeze_p": 0.25, "aug_scroll_z_dropout_p": 0.25, "aug_scroll_intensity_drift_p": 0.0, "aug_scroll_sheet_compression_p": 0.0, "aug_scroll_thick_slice_p": 0.0, "aug_scroll_rician_noise_p": 0.0, "aug_scroll_blank_rectangles_p": 0.0, "use_betti_loss": false, "betti_loss_weight": 0.1, "auxiliary_config": {"enabled": false, "task_types": ["surface_normals", "structure_tensor"], "weights": {"surface_normals": 0.05, "structure_tensor": 0.05}}, "target_fiber_source": "sobel_z", "target_fiber_sigma": 2.0, "multi_task_heads": false, "architecture": "gated_unet", "base_feat": 64, "num_blocks": 16, "num_heads": 8, "dropout": 0.0, "pseudo_label_dir": "local_data/pseudo_labels", "foundation_model_path": null, "enforce_prize_gates": false, "min_prize_centerline_dice": 0.01, "max_prize_skel_dist": 2.0, "max_prize_cc_diff": 64.0, "min_prize_topology_samples": 1, "use_uamt": false, "ema_decay": 0.99, "consistency_weight": 0.1, "unlabeled_uris": ["local_data/PHercParis2Fr47/surface_volume.zarr"]}
2026-06-06 15:58:34	1.000000	nan	0.000000	0.000	0.000	0.0000	0.449743	1.19	1.904	7905.9	{"uri": null, "uris": ["local_data/PHercParis2Fr47/surface_volume.zarr"], "val_uri": "local_data/PHercParis2Fr143/surface_volume.zarr", "cache_dir": null, "use_ridges": true, "use_lasagna": false, "ridge_sigma": 2.0, "batch_size": 16, "patch_size": 64, "num_layers": 16, "lr": 5e-05, "weight_decay": 0.1, "time_budget": 900, "pinned": false, "loss_ink_bce": 0.6, "loss_ink_dice": 0.2, "loss_fiber_bce": 0.3, "loss_st": 0.1, "label_smoothing": 0.0, "aug_mode": "batchgeneratorsv2", "aug_flip_p": 0.5, "aug_brightness_p": 0.75, "aug_affine_p": 0.75, "aug_coarse_dropout_p": 0.5, "aug_elastic_p": 0.0, "aug_grid_p": 0.0, "aug_rotate_limit": 180, "aug_scale_limit": 0.15, "aug_scroll_decohesion_p": 0.25, "aug_scroll_warping_p": 0.0, "aug_scroll_squeeze_p": 0.25, "aug_scroll_z_dropout_p": 0.0, "aug_scroll_intensity_drift_p": 0.0, "aug_scroll_sheet_compression_p": 0.0, "aug_scroll_thick_slice_p": 0.0, "aug_scroll_rician_noise_p": 0.0, "aug_scroll_blank_rectangles_p": 0.0, "use_betti_loss": false, "betti_loss_weight": 0.1, "auxiliary_config": {"enabled": false, "task_types": ["surface_normals", "structure_tensor"], "weights": {"surface_normals": 0.05, "structure_tensor": 0.05}}, "target_fiber_source": "sobel_z", "target_fiber_sigma": 2.0, "multi_task_heads": false, "architecture": "gated_unet", "base_feat": 64, "num_blocks": 16, "num_heads": 8, "dropout": 0.0, "pseudo_label_dir": "local_data/pseudo_labels", "foundation_model_path": null, "enforce_prize_gates": false, "min_prize_centerline_dice": 0.01, "max_prize_skel_dist": 2.0, "max_prize_cc_diff": 64.0, "min_prize_topology_samples": 1, "use_uamt": false, "ema_decay": 0.99, "consistency_weight": 0.1, "unlabeled_uris": ["local_data/PHercParis2Fr47/surface_volume.zarr"]}
2026-06-06 16:13:57	1.000000	nan	0.000000	0.000	0.000	0.0000	0.471309	1.07	0.852	4176.8	{"uri": null, "uris": ["local_data/PHercParis2Fr47/surface_volume.zarr"], "val_uri": "local_data/PHercParis2Fr143/surface_volume.zarr", "cache_dir": null, "use_ridges": true, "use_lasagna": false, "ridge_sigma": 2.0, "batch_size": 16, "patch_size": 64, "num_layers": 16, "lr": 5e-05, "weight_decay": 0.01, "time_budget": 900, "pinned": false, "loss_ink_bce": 0.6, "loss_ink_dice": 0.2, "loss_fiber_bce": 0.3, "loss_st": 0.1, "label_smoothing": 0.0, "aug_mode": "batchgeneratorsv2", "aug_flip_p": 0.5, "aug_brightness_p": 0.75, "aug_affine_p": 0.75, "aug_coarse_dropout_p": 0.5, "aug_elastic_p": 0.0, "aug_grid_p": 0.0, "aug_rotate_limit": 180, "aug_scale_limit": 0.15, "aug_scroll_decohesion_p": 0.25, "aug_scroll_warping_p": 0.0, "aug_scroll_squeeze_p": 0.25, "aug_scroll_z_dropout_p": 0.0, "aug_scroll_intensity_drift_p": 0.0, "aug_scroll_sheet_compression_p": 0.0, "aug_scroll_thick_slice_p": 0.0, "aug_scroll_rician_noise_p": 0.0, "aug_scroll_blank_rectangles_p": 0.0, "use_betti_loss": false, "betti_loss_weight": 0.1, "auxiliary_config": {"enabled": false, "task_types": ["surface_normals", "structure_tensor"], "weights": {"surface_normals": 0.05, "structure_tensor": 0.05}}, "target_fiber_source": "sobel_z", "target_fiber_sigma": 2.0, "multi_task_heads": false, "architecture": "gated_unet", "base_feat": 32, "num_blocks": 16, "num_heads": 8, "dropout": 0.0, "pseudo_label_dir": "local_data/pseudo_labels", "foundation_model_path": null, "enforce_prize_gates": false, "min_prize_centerline_dice": 0.01, "max_prize_skel_dist": 2.0, "max_prize_cc_diff": 64.0, "min_prize_topology_samples": 1, "use_uamt": false, "ema_decay": 0.99, "consistency_weight": 0.1, "unlabeled_uris": ["local_data/PHercParis2Fr47/surface_volume.zarr"]}
2026-06-06 16:29:22	1.000000	nan	0.000000	0.000	0.000	0.0000	0.445192	1.10	1.904	7905.9	{"uri": null, "uris": ["local_data/PHercParis2Fr47/surface_volume.zarr"], "val_uri": "local_data/PHercParis2Fr143/surface_volume.zarr", "cache_dir": null, "use_ridges": true, "use_lasagna": false, "ridge_sigma": 2.0, "batch_size": 16, "patch_size": 64, "num_layers": 16, "lr": 5e-05, "weight_decay": 0.01, "time_budget": 900, "pinned": false, "loss_ink_bce": 0.6, "loss_ink_dice": 0.2, "loss_fiber_bce": 0.3, "loss_st": 0.1, "label_smoothing": 0.0, "aug_mode": "batchgeneratorsv2", "aug_flip_p": 0.5, "aug_brightness_p": 0.75, "aug_affine_p": 0.75, "aug_coarse_dropout_p": 0.5, "aug_elastic_p": 0.0, "aug_grid_p": 0.0, "aug_rotate_limit": 180, "aug_scale_limit": 0.15, "aug_scroll_decohesion_p": 0.25, "aug_scroll_warping_p": 0.0, "aug_scroll_squeeze_p": 0.25, "aug_scroll_z_dropout_p": 0.0, "aug_scroll_intensity_drift_p": 0.0, "aug_scroll_sheet_compression_p": 0.0, "aug_scroll_thick_slice_p": 0.0, "aug_scroll_rician_noise_p": 0.0, "aug_scroll_blank_rectangles_p": 0.5, "use_betti_loss": false, "betti_loss_weight": 0.1, "auxiliary_config": {"enabled": false, "task_types": ["surface_normals", "structure_tensor"], "weights": {"surface_normals": 0.05, "structure_tensor": 0.05}}, "target_fiber_source": "sobel_z", "target_fiber_sigma": 2.0, "multi_task_heads": false, "architecture": "gated_unet", "base_feat": 64, "num_blocks": 16, "num_heads": 8, "dropout": 0.0, "pseudo_label_dir": "local_data/pseudo_labels", "foundation_model_path": null, "enforce_prize_gates": false, "min_prize_centerline_dice": 0.01, "max_prize_skel_dist": 2.0, "max_prize_cc_diff": 64.0, "min_prize_topology_samples": 1, "use_uamt": false, "ema_decay": 0.99, "consistency_weight": 0.1, "unlabeled_uris": ["local_data/PHercParis2Fr47/surface_volume.zarr"]}
2026-06-06 16:44:45	1.000000	nan	0.000000	0.000	0.000	0.0000	0.451517	1.21	1.904	7905.9	{"uri": null, "uris": ["local_data/PHercParis2Fr47/surface_volume.zarr"], "val_uri": "local_data/PHercParis2Fr143/surface_volume.zarr", "cache_dir": null, "use_ridges": true, "use_lasagna": false, "ridge_sigma": 1.0, "batch_size": 16, "patch_size": 64, "num_layers": 16, "lr": 5e-05, "weight_decay": 0.01, "time_budget": 900, "pinned": false, "loss_ink_bce": 0.6, "loss_ink_dice": 0.2, "loss_fiber_bce": 0.3, "loss_st": 0.1, "label_smoothing": 0.0, "aug_mode": "batchgeneratorsv2", "aug_flip_p": 0.5, "aug_brightness_p": 0.75, "aug_affine_p": 0.75, "aug_coarse_dropout_p": 0.5, "aug_elastic_p": 0.0, "aug_grid_p": 0.0, "aug_rotate_limit": 180, "aug_scale_limit": 0.15, "aug_scroll_decohesion_p": 0.25, "aug_scroll_warping_p": 0.0, "aug_scroll_squeeze_p": 0.25, "aug_scroll_z_dropout_p": 0.0, "aug_scroll_intensity_drift_p": 0.0, "aug_scroll_sheet_compression_p": 0.0, "aug_scroll_thick_slice_p": 0.0, "aug_scroll_rician_noise_p": 0.0, "aug_scroll_blank_rectangles_p": 0.0, "use_betti_loss": false, "betti_loss_weight": 0.1, "auxiliary_config": {"enabled": false, "task_types": ["surface_normals", "structure_tensor"], "weights": {"surface_normals": 0.05, "structure_tensor": 0.05}}, "target_fiber_source": "sobel_z", "target_fiber_sigma": 2.0, "multi_task_heads": false, "architecture": "gated_unet", "base_feat": 64, "num_blocks": 16, "num_heads": 8, "dropout": 0.0, "pseudo_label_dir": "local_data/pseudo_labels", "foundation_model_path": null, "enforce_prize_gates": false, "min_prize_centerline_dice": 0.01, "max_prize_skel_dist": 2.0, "max_prize_cc_diff": 64.0, "min_prize_topology_samples": 1, "use_uamt": false, "ema_decay": 0.99, "consistency_weight": 0.1, "unlabeled_uris": ["local_data/PHercParis2Fr47/surface_volume.zarr"]}
2026-06-06 17:00:07	1.000000	nan	0.000000	0.000	0.000	0.0000	0.453105	1.20	1.904	7905.9	{"uri": null, "uris": ["local_data/PHercParis2Fr47/surface_volume.zarr"], "val_uri": "local_data/PHercParis2Fr143/surface_volume.zarr", "cache_dir": null, "use_ridges": true, "use_lasagna": false, "ridge_sigma": 2.0, "batch_size": 16, "patch_size": 64, "num_layers": 16, "lr": 5e-05, "weight_decay": 0.01, "time_budget": 900, "pinned": false, "loss_ink_bce": 0.6, "loss_ink_dice": 0.2, "loss_fiber_bce": 0.3, "loss_st": 0.1, "label_smoothing": 0.0, "aug_mode": "batchgeneratorsv2", "aug_flip_p": 0.5, "aug_brightness_p": 0.75, "aug_affine_p": 0.75, "aug_coarse_dropout_p": 0.5, "aug_elastic_p": 0.0, "aug_grid_p": 0.0, "aug_rotate_limit": 180, "aug_scale_limit": 0.15, "aug_scroll_decohesion_p": 0.25, "aug_scroll_warping_p": 0.0, "aug_scroll_squeeze_p": 0.25, "aug_scroll_z_dropout_p": 0.0, "aug_scroll_intensity_drift_p": 0.0, "aug_scroll_sheet_compression_p": 0.0, "aug_scroll_thick_slice_p": 0.0, "aug_scroll_rician_noise_p": 0.25, "aug_scroll_blank_rectangles_p": 0.0, "use_betti_loss": false, "betti_loss_weight": 0.1, "auxiliary_config": {"enabled": false, "task_types": ["surface_normals", "structure_tensor"], "weights": {"surface_normals": 0.05, "structure_tensor": 0.05}}, "target_fiber_source": "sobel_z", "target_fiber_sigma": 2.0, "multi_task_heads": false, "architecture": "gated_unet", "base_feat": 64, "num_blocks": 16, "num_heads": 8, "dropout": 0.0, "pseudo_label_dir": "local_data/pseudo_labels", "foundation_model_path": null, "enforce_prize_gates": false, "min_prize_centerline_dice": 0.01, "max_prize_skel_dist": 2.0, "max_prize_cc_diff": 64.0, "min_prize_topology_samples": 1, "use_uamt": false, "ema_decay": 0.99, "consistency_weight": 0.1, "unlabeled_uris": ["local_data/PHercParis2Fr47/surface_volume.zarr"]}
2026-06-06 17:15:30	1.000000	nan	0.000000	0.000	0.000	0.0000	0.450977	1.20	1.904	7905.9	{"uri": null, "uris": ["local_data/PHercParis2Fr47/surface_volume.zarr"], "val_uri": "local_data/PHercParis2Fr143/surface_volume.zarr", "cache_dir": null, "use_ridges": true, "use_lasagna": false, "ridge_sigma": 2.0, "batch_size": 16, "patch_size": 64, "num_layers": 16, "lr": 5e-05, "weight_decay": 0.01, "time_budget": 900, "pinned": false, "loss_ink_bce": 0.6, "loss_ink_dice": 0.2, "loss_fiber_bce": 0.3, "loss_st": 0.1, "label_smoothing": 0.0, "aug_mode": "batchgeneratorsv2", "aug_flip_p": 0.5, "aug_brightness_p": 0.75, "aug_affine_p": 0.75, "aug_coarse_dropout_p": 0.5, "aug_elastic_p": 0.0, "aug_grid_p": 0.0, "aug_rotate_limit": 180, "aug_scale_limit": 0.15, "aug_scroll_decohesion_p": 0.25, "aug_scroll_warping_p": 0.0, "aug_scroll_squeeze_p": 0.25, "aug_scroll_z_dropout_p": 0.0, "aug_scroll_intensity_drift_p": 0.0, "aug_scroll_sheet_compression_p": 0.0, "aug_scroll_thick_slice_p": 0.0, "aug_scroll_rician_noise_p": 0.0, "aug_scroll_blank_rectangles_p": 0.0, "use_betti_loss": false, "betti_loss_weight": 0.1, "auxiliary_config": {"enabled": false, "task_types": ["surface_normals", "structure_tensor"], "weights": {"surface_normals": 0.05, "structure_tensor": 0.05}}, "target_fiber_source": "sobel_z", "target_fiber_sigma": 2.0, "multi_task_heads": true, "architecture": "gated_unet", "base_feat": 64, "num_blocks": 16, "num_heads": 8, "dropout": 0.0, "pseudo_label_dir": "local_data/pseudo_labels", "foundation_model_path": null, "enforce_prize_gates": false, "min_prize_centerline_dice": 0.01, "max_prize_skel_dist": 2.0, "max_prize_cc_diff": 64.0, "min_prize_topology_samples": 1, "use_uamt": false, "ema_decay": 0.99, "consistency_weight": 0.1, "unlabeled_uris": ["local_data/PHercParis2Fr47/surface_volume.zarr"]}
2026-06-06 17:30:56	1.000000	nan	0.000000	0.000	0.000	0.0000	0.332419	1.21	1.904	7905.9	{"uri": null, "uris": ["local_data/PHercParis2Fr47/surface_volume.zarr"], "val_uri": "local_data/PHercParis2Fr143/surface_volume.zarr", "cache_dir": null, "use_ridges": true, "use_lasagna": false, "ridge_sigma": 2.0, "batch_size": 16, "patch_size": 64, "num_layers": 16, "lr": 5e-05, "weight_decay": 0.01, "time_budget": 900, "pinned": false, "loss_ink_bce": 0.6, "loss_ink_dice": 0.2, "loss_fiber_bce": 0.1, "loss_st": 0.1, "label_smoothing": 0.0, "aug_mode": "batchgeneratorsv2", "aug_flip_p": 0.5, "aug_brightness_p": 0.75, "aug_affine_p": 0.75, "aug_coarse_dropout_p": 0.5, "aug_elastic_p": 0.0, "aug_grid_p": 0.0, "aug_rotate_limit": 180, "aug_scale_limit": 0.15, "aug_scroll_decohesion_p": 0.25, "aug_scroll_warping_p": 0.0, "aug_scroll_squeeze_p": 0.25, "aug_scroll_z_dropout_p": 0.0, "aug_scroll_intensity_drift_p": 0.0, "aug_scroll_sheet_compression_p": 0.0, "aug_scroll_thick_slice_p": 0.0, "aug_scroll_rician_noise_p": 0.0, "aug_scroll_blank_rectangles_p": 0.0, "use_betti_loss": false, "betti_loss_weight": 0.1, "auxiliary_config": {"enabled": false, "task_types": ["surface_normals", "structure_tensor"], "weights": {"surface_normals": 0.05, "structure_tensor": 0.05}}, "target_fiber_source": "sobel_z", "target_fiber_sigma": 2.0, "multi_task_heads": false, "architecture": "gated_unet", "base_feat": 64, "num_blocks": 16, "num_heads": 8, "dropout": 0.0, "pseudo_label_dir": "local_data/pseudo_labels", "foundation_model_path": null, "enforce_prize_gates": false, "min_prize_centerline_dice": 0.01, "max_prize_skel_dist": 2.0, "max_prize_cc_diff": 64.0, "min_prize_topology_samples": 1, "use_uamt": false, "ema_decay": 0.99, "consistency_weight": 0.1, "unlabeled_uris": ["local_data/PHercParis2Fr47/surface_volume.zarr"]}
2026-06-06 17:46:18	1.000000	nan	0.000000	0.000	0.000	0.0000	0.455218	1.20	1.904	7905.9	{"uri": null, "uris": ["local_data/PHercParis2Fr47/surface_volume.zarr"], "val_uri": "local_data/PHercParis2Fr143/surface_volume.zarr", "cache_dir": null, "use_ridges": true, "use_lasagna": false, "ridge_sigma": 2.0, "batch_size": 16, "patch_size": 64, "num_layers": 16, "lr": 5e-05, "weight_decay": 0.01, "time_budget": 900, "pinned": false, "loss_ink_bce": 0.6, "loss_ink_dice": 0.2, "loss_fiber_bce": 0.3, "loss_st": 0.1, "label_smoothing": 0.0, "aug_mode": "batchgeneratorsv2", "aug_flip_p": 0.5, "aug_brightness_p": 0.75, "aug_affine_p": 0.75, "aug_coarse_dropout_p": 0.5, "aug_elastic_p": 0.0, "aug_grid_p": 0.0, "aug_rotate_limit": 180, "aug_scale_limit": 0.15, "aug_scroll_decohesion_p": 0.25, "aug_scroll_warping_p": 0.5, "aug_scroll_squeeze_p": 0.25, "aug_scroll_z_dropout_p": 0.0, "aug_scroll_intensity_drift_p": 0.0, "aug_scroll_sheet_compression_p": 0.0, "aug_scroll_thick_slice_p": 0.0, "aug_scroll_rician_noise_p": 0.0, "aug_scroll_blank_rectangles_p": 0.0, "use_betti_loss": false, "betti_loss_weight": 0.1, "auxiliary_config": {"enabled": false, "task_types": ["surface_normals", "structure_tensor"], "weights": {"surface_normals": 0.05, "structure_tensor": 0.05}}, "target_fiber_source": "sobel_z", "target_fiber_sigma": 2.0, "multi_task_heads": false, "architecture": "gated_unet", "base_feat": 64, "num_blocks": 16, "num_heads": 8, "dropout": 0.0, "pseudo_label_dir": "local_data/pseudo_labels", "foundation_model_path": null, "enforce_prize_gates": false, "min_prize_centerline_dice": 0.01, "max_prize_skel_dist": 2.0, "max_prize_cc_diff": 64.0, "min_prize_topology_samples": 1, "use_uamt": false, "ema_decay": 0.99, "consistency_weight": 0.1, "unlabeled_uris": ["local_data/PHercParis2Fr47/surface_volume.zarr"]}
2026-06-06 18:01:40	1.000000	nan	0.000000	0.000	0.000	0.0000	0.452570	1.21	1.904	7905.9	{"uri": null, "uris": ["local_data/PHercParis2Fr47/surface_volume.zarr"], "val_uri": "local_data/PHercParis2Fr143/surface_volume.zarr", "cache_dir": null, "use_ridges": true, "use_lasagna": false, "ridge_sigma": 2.0, "batch_size": 16, "patch_size": 64, "num_layers": 16, "lr": 5e-05, "weight_decay": 0.01, "time_budget": 900, "pinned": false, "loss_ink_bce": 0.6, "loss_ink_dice": 0.2, "loss_fiber_bce": 0.3, "loss_st": 0.1, "label_smoothing": 0.0, "aug_mode": "batchgeneratorsv2", "aug_flip_p": 0.5, "aug_brightness_p": 0.75, "aug_affine_p": 0.75, "aug_coarse_dropout_p": 0.5, "aug_elastic_p": 0.0, "aug_grid_p": 0.0, "aug_rotate_limit": 180, "aug_scale_limit": 0.15, "aug_scroll_decohesion_p": 0.25, "aug_scroll_warping_p": 0.0, "aug_scroll_squeeze_p": 0.25, "aug_scroll_z_dropout_p": 0.0, "aug_scroll_intensity_drift_p": 0.0, "aug_scroll_sheet_compression_p": 0.0, "aug_scroll_thick_slice_p": 0.0, "aug_scroll_rician_noise_p": 0.0, "aug_scroll_blank_rectangles_p": 0.25, "use_betti_loss": false, "betti_loss_weight": 0.1, "auxiliary_config": {"enabled": false, "task_types": ["surface_normals", "structure_tensor"], "weights": {"surface_normals": 0.05, "structure_tensor": 0.05}}, "target_fiber_source": "sobel_z", "target_fiber_sigma": 2.0, "multi_task_heads": false, "architecture": "gated_unet", "base_feat": 64, "num_blocks": 16, "num_heads": 8, "dropout": 0.0, "pseudo_label_dir": "local_data/pseudo_labels", "foundation_model_path": null, "enforce_prize_gates": false, "min_prize_centerline_dice": 0.01, "max_prize_skel_dist": 2.0, "max_prize_cc_diff": 64.0, "min_prize_topology_samples": 1, "use_uamt": false, "ema_decay": 0.99, "consistency_weight": 0.1, "unlabeled_uris": ["local_data/PHercParis2Fr47/surface_volume.zarr"]}
2026-06-06 18:17:03	1.000000	nan	0.000000	0.000	0.000	0.0000	0.451469	1.21	1.904	7905.9	{"uri": null, "uris": ["local_data/PHercParis2Fr47/surface_volume.zarr"], "val_uri": "local_data/PHercParis2Fr143/surface_volume.zarr", "cache_dir": null, "use_ridges": true, "use_lasagna": false, "ridge_sigma": 2.0, "batch_size": 16, "patch_size": 64, "num_layers": 16, "lr": 5e-05, "weight_decay": 0.01, "time_budget": 900, "pinned": false, "loss_ink_bce": 0.6, "loss_ink_dice": 0.2, "loss_fiber_bce": 0.3, "loss_st": 0.1, "label_smoothing": 0.0, "aug_mode": "batchgeneratorsv2", "aug_flip_p": 0.5, "aug_brightness_p": 0.75, "aug_affine_p": 0.75, "aug_coarse_dropout_p": 0.5, "aug_elastic_p": 0.0, "aug_grid_p": 0.0, "aug_rotate_limit": 180, "aug_scale_limit": 0.15, "aug_scroll_decohesion_p": 0.5, "aug_scroll_warping_p": 0.0, "aug_scroll_squeeze_p": 0.25, "aug_scroll_z_dropout_p": 0.0, "aug_scroll_intensity_drift_p": 0.0, "aug_scroll_sheet_compression_p": 0.0, "aug_scroll_thick_slice_p": 0.0, "aug_scroll_rician_noise_p": 0.0, "aug_scroll_blank_rectangles_p": 0.0, "use_betti_loss": false, "betti_loss_weight": 0.1, "auxiliary_config": {"enabled": false, "task_types": ["surface_normals", "structure_tensor"], "weights": {"surface_normals": 0.05, "structure_tensor": 0.05}}, "target_fiber_source": "sobel_z", "target_fiber_sigma": 2.0, "multi_task_heads": false, "architecture": "gated_unet", "base_feat": 64, "num_blocks": 16, "num_heads": 8, "dropout": 0.0, "pseudo_label_dir": "local_data/pseudo_labels", "foundation_model_path": null, "enforce_prize_gates": false, "min_prize_centerline_dice": 0.01, "max_prize_skel_dist": 2.0, "max_prize_cc_diff": 64.0, "min_prize_topology_samples": 1, "use_uamt": false, "ema_decay": 0.99, "consistency_weight": 0.1, "unlabeled_uris": ["local_data/PHercParis2Fr47/surface_volume.zarr"]}
2026-06-06 18:32:25	1.000000	nan	0.000000	0.000	0.000	0.0000	0.450720	1.21	1.904	7905.9	{"uri": null, "uris": ["local_data/PHercParis2Fr47/surface_volume.zarr"], "val_uri": "local_data/PHercParis2Fr143/surface_volume.zarr", "cache_dir": null, "use_ridges": true, "use_lasagna": false, "ridge_sigma": 2.0, "batch_size": 16, "patch_size": 64, "num_layers": 16, "lr": 5e-05, "weight_decay": 0.01, "time_budget": 900, "pinned": false, "loss_ink_bce": 0.6, "loss_ink_dice": 0.2, "loss_fiber_bce": 0.3, "loss_st": 0.1, "label_smoothing": 0.0, "aug_mode": "batchgeneratorsv2", "aug_flip_p": 0.5, "aug_brightness_p": 0.75, "aug_affine_p": 0.75, "aug_coarse_dropout_p": 0.5, "aug_elastic_p": 0.0, "aug_grid_p": 0.0, "aug_rotate_limit": 180, "aug_scale_limit": 0.15, "aug_scroll_decohesion_p": 0.25, "aug_scroll_warping_p": 0.0, "aug_scroll_squeeze_p": 0.25, "aug_scroll_z_dropout_p": 0.0, "aug_scroll_intensity_drift_p": 0.25, "aug_scroll_sheet_compression_p": 0.0, "aug_scroll_thick_slice_p": 0.0, "aug_scroll_rician_noise_p": 0.0, "aug_scroll_blank_rectangles_p": 0.0, "use_betti_loss": false, "betti_loss_weight": 0.1, "auxiliary_config": {"enabled": false, "task_types": ["surface_normals", "structure_tensor"], "weights": {"surface_normals": 0.05, "structure_tensor": 0.05}}, "target_fiber_source": "sobel_z", "target_fiber_sigma": 2.0, "multi_task_heads": false, "architecture": "gated_unet", "base_feat": 64, "num_blocks": 16, "num_heads": 8, "dropout": 0.0, "pseudo_label_dir": "local_data/pseudo_labels", "foundation_model_path": null, "enforce_prize_gates": false, "min_prize_centerline_dice": 0.01, "max_prize_skel_dist": 2.0, "max_prize_cc_diff": 64.0, "min_prize_topology_samples": 1, "use_uamt": false, "ema_decay": 0.99, "consistency_weight": 0.1, "unlabeled_uris": ["local_data/PHercParis2Fr47/surface_volume.zarr"]}
2026-06-06 18:47:48	1.000000	nan	0.000000	0.000	0.000	0.0000	0.440566	1.20	1.904	7905.9	{"uri": null, "uris": ["local_data/PHercParis2Fr47/surface_volume.zarr"], "val_uri": "local_data/PHercParis2Fr143/surface_volume.zarr", "cache_dir": null, "use_ridges": true, "use_lasagna": false, "ridge_sigma": 2.0, "batch_size": 16, "patch_size": 64, "num_layers": 16, "lr": 0.0005, "weight_decay": 0.01, "time_budget": 900, "pinned": false, "loss_ink_bce": 0.6, "loss_ink_dice": 0.2, "loss_fiber_bce": 0.3, "loss_st": 0.1, "label_smoothing": 0.0, "aug_mode": "batchgeneratorsv2", "aug_flip_p": 0.5, "aug_brightness_p": 0.75, "aug_affine_p": 0.75, "aug_coarse_dropout_p": 0.5, "aug_elastic_p": 0.0, "aug_grid_p": 0.0, "aug_rotate_limit": 180, "aug_scale_limit": 0.15, "aug_scroll_decohesion_p": 0.25, "aug_scroll_warping_p": 0.0, "aug_scroll_squeeze_p": 0.25, "aug_scroll_z_dropout_p": 0.0, "aug_scroll_intensity_drift_p": 0.0, "aug_scroll_sheet_compression_p": 0.0, "aug_scroll_thick_slice_p": 0.0, "aug_scroll_rician_noise_p": 0.0, "aug_scroll_blank_rectangles_p": 0.0, "use_betti_loss": false, "betti_loss_weight": 0.1, "auxiliary_config": {"enabled": false, "task_types": ["surface_normals", "structure_tensor"], "weights": {"surface_normals": 0.05, "structure_tensor": 0.05}}, "target_fiber_source": "sobel_z", "target_fiber_sigma": 2.0, "multi_task_heads": false, "architecture": "gated_unet", "base_feat": 64, "num_blocks": 16, "num_heads": 8, "dropout": 0.0, "pseudo_label_dir": "local_data/pseudo_labels", "foundation_model_path": null, "enforce_prize_gates": false, "min_prize_centerline_dice": 0.01, "max_prize_skel_dist": 2.0, "max_prize_cc_diff": 64.0, "min_prize_topology_samples": 1, "use_uamt": false, "ema_decay": 0.99, "consistency_weight": 0.1, "unlabeled_uris": ["local_data/PHercParis2Fr47/surface_volume.zarr"]}
2026-06-06 19:03:10	1.000000	nan	0.000000	0.000	0.000	0.0000	0.454232	1.21	1.904	7905.9	{"uri": null, "uris": ["local_data/PHercParis2Fr47/surface_volume.zarr"], "val_uri": "local_data/PHercParis2Fr143/surface_volume.zarr", "cache_dir": null, "use_ridges": true, "use_lasagna": false, "ridge_sigma": 2.0, "batch_size": 16, "patch_size": 64, "num_layers": 16, "lr": 5e-05, "weight_decay": 0.01, "time_budget": 900, "pinned": false, "loss_ink_bce": 0.4, "loss_ink_dice": 0.2, "loss_fiber_bce": 0.3, "loss_st": 0.1, "label_smoothing": 0.0, "aug_mode": "batchgeneratorsv2", "aug_flip_p": 0.5, "aug_brightness_p": 0.75, "aug_affine_p": 0.75, "aug_coarse_dropout_p": 0.5, "aug_elastic_p": 0.0, "aug_grid_p": 0.0, "aug_rotate_limit": 180, "aug_scale_limit": 0.15, "aug_scroll_decohesion_p": 0.25, "aug_scroll_warping_p": 0.0, "aug_scroll_squeeze_p": 0.25, "aug_scroll_z_dropout_p": 0.0, "aug_scroll_intensity_drift_p": 0.0, "aug_scroll_sheet_compression_p": 0.0, "aug_scroll_thick_slice_p": 0.0, "aug_scroll_rician_noise_p": 0.0, "aug_scroll_blank_rectangles_p": 0.0, "use_betti_loss": false, "betti_loss_weight": 0.1, "auxiliary_config": {"enabled": false, "task_types": ["surface_normals", "structure_tensor"], "weights": {"surface_normals": 0.05, "structure_tensor": 0.05}}, "target_fiber_source": "sobel_z", "target_fiber_sigma": 2.0, "multi_task_heads": false, "architecture": "gated_unet", "base_feat": 64, "num_blocks": 16, "num_heads": 8, "dropout": 0.0, "pseudo_label_dir": "local_data/pseudo_labels", "foundation_model_path": null, "enforce_prize_gates": false, "min_prize_centerline_dice": 0.01, "max_prize_skel_dist": 2.0, "max_prize_cc_diff": 64.0, "min_prize_topology_samples": 1, "use_uamt": false, "ema_decay": 0.99, "consistency_weight": 0.1, "unlabeled_uris": ["local_data/PHercParis2Fr47/surface_volume.zarr"]}
2026-06-07 23:10:32	1.000000	nan	0.000000	0.000	0.000	0.0000	0.446756	1.15	1.904	7905.9	{"uri": null, "uris": ["local_data/PHercParis2Fr47/surface_volume.zarr"], "val_uri": "local_data/PHercParis2Fr143/surface_volume.zarr", "cache_dir": null, "use_ridges": true, "use_lasagna": false, "ridge_sigma": 2.0, "batch_size": 16, "patch_size": 64, "num_layers": 16, "lr": 5e-05, "weight_decay": 0.01, "time_budget": 3600, "pinned": false, "loss_ink_bce": 0.6, "loss_ink_dice": 0.2, "loss_fiber_bce": 0.3, "loss_st": 0.1, "label_smoothing": 0.0, "aug_mode": "batchgeneratorsv2", "aug_flip_p": 0.5, "aug_brightness_p": 0.75, "aug_affine_p": 0.75, "aug_coarse_dropout_p": 0.5, "aug_elastic_p": 0.0, "aug_grid_p": 0.0, "aug_rotate_limit": 180, "aug_scale_limit": 0.15, "aug_scroll_decohesion_p": 0.25, "aug_scroll_warping_p": 0.0, "aug_scroll_squeeze_p": 0.25, "aug_scroll_z_dropout_p": 0.0, "aug_scroll_intensity_drift_p": 0.5, "aug_scroll_sheet_compression_p": 0.0, "aug_scroll_thick_slice_p": 0.0, "aug_scroll_rician_noise_p": 0.0, "aug_scroll_blank_rectangles_p": 0.0, "use_betti_loss": false, "betti_loss_weight": 0.1, "auxiliary_config": {"enabled": false, "task_types": ["surface_normals", "structure_tensor"], "weights": {"surface_normals": 0.05, "structure_tensor": 0.05}}, "target_fiber_source": "sobel_z", "target_fiber_sigma": 2.0, "multi_task_heads": false, "architecture": "gated_unet", "base_feat": 64, "num_blocks": 16, "num_heads": 8, "dropout": 0.0, "pseudo_label_dir": "local_data/pseudo_labels", "foundation_model_path": null, "enforce_prize_gates": false, "min_prize_centerline_dice": 0.01, "max_prize_skel_dist": 2.0, "max_prize_cc_diff": 64.0, "min_prize_topology_samples": 1, "use_uamt": false, "ema_decay": 0.99, "consistency_weight": 0.1, "unlabeled_uris": ["local_data/PHercParis2Fr47/surface_volume.zarr"]}
2026-06-08 00:10:56	1.000000	nan	0.000000	0.000	0.000	0.0000	0.449805	1.18	1.904	7905.9	{"uri": null, "uris": ["local_data/PHercParis2Fr47/surface_volume.zarr"], "val_uri": "local_data/PHercParis2Fr143/surface_volume.zarr", "cache_dir": null, "use_ridges": true, "use_lasagna": true, "ridge_sigma": 2.0, "batch_size": 16, "patch_size": 64, "num_layers": 16, "lr": 5e-05, "weight_decay": 0.01, "time_budget": 3600, "pinned": false, "loss_ink_bce": 0.6, "loss_ink_dice": 0.2, "loss_fiber_bce": 0.3, "loss_st": 0.1, "label_smoothing": 0.0, "aug_mode": "batchgeneratorsv2", "aug_flip_p": 0.5, "aug_brightness_p": 0.75, "aug_affine_p": 0.75, "aug_coarse_dropout_p": 0.5, "aug_elastic_p": 0.0, "aug_grid_p": 0.0, "aug_rotate_limit": 180, "aug_scale_limit": 0.15, "aug_scroll_decohesion_p": 0.25, "aug_scroll_warping_p": 0.0, "aug_scroll_squeeze_p": 0.25, "aug_scroll_z_dropout_p": 0.0, "aug_scroll_intensity_drift_p": 0.0, "aug_scroll_sheet_compression_p": 0.0, "aug_scroll_thick_slice_p": 0.0, "aug_scroll_rician_noise_p": 0.0, "aug_scroll_blank_rectangles_p": 0.0, "use_betti_loss": false, "betti_loss_weight": 0.1, "auxiliary_config": {"enabled": false, "task_types": ["surface_normals", "structure_tensor"], "weights": {"surface_normals": 0.05, "structure_tensor": 0.05}}, "target_fiber_source": "sobel_z", "target_fiber_sigma": 2.0, "multi_task_heads": false, "architecture": "gated_unet", "base_feat": 64, "num_blocks": 16, "num_heads": 8, "dropout": 0.0, "pseudo_label_dir": "local_data/pseudo_labels", "foundation_model_path": null, "enforce_prize_gates": false, "min_prize_centerline_dice": 0.01, "max_prize_skel_dist": 2.0, "max_prize_cc_diff": 64.0, "min_prize_topology_samples": 1, "use_uamt": false, "ema_decay": 0.99, "consistency_weight": 0.1, "unlabeled_uris": ["local_data/PHercParis2Fr47/surface_volume.zarr"]}
2026-06-08 01:11:19	1.000000	nan	0.000000	0.000	0.000	0.0000	0.440888	1.20	1.904	7905.9	{"uri": null, "uris": ["local_data/PHercParis2Fr47/surface_volume.zarr"], "val_uri": "local_data/PHercParis2Fr143/surface_volume.zarr", "cache_dir": null, "use_ridges": true, "use_lasagna": false, "ridge_sigma": 2.0, "batch_size": 16, "patch_size": 64, "num_layers": 16, "lr": 5e-05, "weight_decay": 0.01, "time_budget": 3600, "pinned": false, "loss_ink_bce": 0.6, "loss_ink_dice": 0.2, "loss_fiber_bce": 0.3, "loss_st": 0.1, "label_smoothing": 0.0, "aug_mode": "batchgeneratorsv2", "aug_flip_p": 0.5, "aug_brightness_p": 0.75, "aug_affine_p": 0.75, "aug_coarse_dropout_p": 0.5, "aug_elastic_p": 0.0, "aug_grid_p": 0.0, "aug_rotate_limit": 180, "aug_scale_limit": 0.15, "aug_scroll_decohesion_p": 0.25, "aug_scroll_warping_p": 0.0, "aug_scroll_squeeze_p": 0.0, "aug_scroll_z_dropout_p": 0.0, "aug_scroll_intensity_drift_p": 0.0, "aug_scroll_sheet_compression_p": 0.0, "aug_scroll_thick_slice_p": 0.0, "aug_scroll_rician_noise_p": 0.0, "aug_scroll_blank_rectangles_p": 0.0, "use_betti_loss": false, "betti_loss_weight": 0.1, "auxiliary_config": {"enabled": false, "task_types": ["surface_normals", "structure_tensor"], "weights": {"surface_normals": 0.05, "structure_tensor": 0.05}}, "target_fiber_source": "sobel_z", "target_fiber_sigma": 2.0, "multi_task_heads": false, "architecture": "gated_unet", "base_feat": 64, "num_blocks": 16, "num_heads": 8, "dropout": 0.0, "pseudo_label_dir": "local_data/pseudo_labels", "foundation_model_path": null, "enforce_prize_gates": false, "min_prize_centerline_dice": 0.01, "max_prize_skel_dist": 2.0, "max_prize_cc_diff": 64.0, "min_prize_topology_samples": 1, "use_uamt": false, "ema_decay": 0.99, "consistency_weight": 0.1, "unlabeled_uris": ["local_data/PHercParis2Fr47/surface_volume.zarr"]}
2026-06-08 02:11:42	1.000000	nan	0.000000	0.000	0.000	0.0000	0.438701	1.20	1.904	7905.9	{"uri": null, "uris": ["local_data/PHercParis2Fr47/surface_volume.zarr"], "val_uri": "local_data/PHercParis2Fr143/surface_volume.zarr", "cache_dir": null, "use_ridges": true, "use_lasagna": false, "ridge_sigma": 2.0, "batch_size": 16, "patch_size": 64, "num_layers": 16, "lr": 5e-05, "weight_decay": 0.01, "time_budget": 3600, "pinned": false, "loss_ink_bce": 0.6, "loss_ink_dice": 0.2, "loss_fiber_bce": 0.3, "loss_st": 0.1, "label_smoothing": 0.0, "aug_mode": "batchgeneratorsv2", "aug_flip_p": 0.5, "aug_brightness_p": 0.75, "aug_affine_p": 0.75, "aug_coarse_dropout_p": 0.5, "aug_elastic_p": 0.0, "aug_grid_p": 0.0, "aug_rotate_limit": 180, "aug_scale_limit": 0.15, "aug_scroll_decohesion_p": 0.25, "aug_scroll_warping_p": 0.0, "aug_scroll_squeeze_p": 0.5, "aug_scroll_z_dropout_p": 0.0, "aug_scroll_intensity_drift_p": 0.0, "aug_scroll_sheet_compression_p": 0.0, "aug_scroll_thick_slice_p": 0.0, "aug_scroll_rician_noise_p": 0.0, "aug_scroll_blank_rectangles_p": 0.0, "use_betti_loss": false, "betti_loss_weight": 0.1, "auxiliary_config": {"enabled": false, "task_types": ["surface_normals", "structure_tensor"], "weights": {"surface_normals": 0.05, "structure_tensor": 0.05}}, "target_fiber_source": "sobel_z", "target_fiber_sigma": 2.0, "multi_task_heads": false, "architecture": "gated_unet", "base_feat": 64, "num_blocks": 16, "num_heads": 8, "dropout": 0.0, "pseudo_label_dir": "local_data/pseudo_labels", "foundation_model_path": null, "enforce_prize_gates": false, "min_prize_centerline_dice": 0.01, "max_prize_skel_dist": 2.0, "max_prize_cc_diff": 64.0, "min_prize_topology_samples": 1, "use_uamt": false, "ema_decay": 0.99, "consistency_weight": 0.1, "unlabeled_uris": ["local_data/PHercParis2Fr47/surface_volume.zarr"]}
2026-06-08 03:12:26	1.000000	nan	0.000000	0.000	0.000	0.0000	0.574657	1.22	53.090	15073.0	{"uri": null, "uris": ["local_data/PHercParis2Fr47/surface_volume.zarr"], "val_uri": "local_data/PHercParis2Fr143/surface_volume.zarr", "cache_dir": null, "use_ridges": true, "use_lasagna": false, "ridge_sigma": 2.0, "batch_size": 16, "patch_size": 64, "num_layers": 16, "lr": 5e-05, "weight_decay": 0.01, "time_budget": 3600, "pinned": false, "loss_ink_bce": 0.6, "loss_ink_dice": 0.2, "loss_fiber_bce": 0.3, "loss_st": 0.1, "label_smoothing": 0.0, "aug_mode": "batchgeneratorsv2", "aug_flip_p": 0.5, "aug_brightness_p": 0.75, "aug_affine_p": 0.75, "aug_coarse_dropout_p": 0.5, "aug_elastic_p": 0.0, "aug_grid_p": 0.0, "aug_rotate_limit": 180, "aug_scale_limit": 0.15, "aug_scroll_decohesion_p": 0.25, "aug_scroll_warping_p": 0.0, "aug_scroll_squeeze_p": 0.25, "aug_scroll_z_dropout_p": 0.0, "aug_scroll_intensity_drift_p": 0.0, "aug_scroll_sheet_compression_p": 0.0, "aug_scroll_thick_slice_p": 0.0, "aug_scroll_rician_noise_p": 0.0, "aug_scroll_blank_rectangles_p": 0.0, "use_betti_loss": false, "betti_loss_weight": 0.1, "auxiliary_config": {"enabled": false, "task_types": ["surface_normals", "structure_tensor"], "weights": {"surface_normals": 0.05, "structure_tensor": 0.05}}, "target_fiber_source": "sobel_z", "target_fiber_sigma": 2.0, "multi_task_heads": false, "architecture": "neural_tracing_vit", "base_feat": 64, "num_blocks": 16, "num_heads": 8, "dropout": 0.0, "pseudo_label_dir": "local_data/pseudo_labels", "foundation_model_path": null, "enforce_prize_gates": false, "min_prize_centerline_dice": 0.01, "max_prize_skel_dist": 2.0, "max_prize_cc_diff": 64.0, "min_prize_topology_samples": 1, "use_uamt": false, "ema_decay": 0.99, "consistency_weight": 0.1, "unlabeled_uris": ["local_data/PHercParis2Fr47/surface_volume.zarr"]}
2026-06-08 04:12:51	1.000000	nan	0.000000	0.000	0.000	0.0000	0.443886	1.20	1.904	7905.9	{"uri": null, "uris": ["local_data/PHercParis2Fr47/surface_volume.zarr"], "val_uri": "local_data/PHercParis2Fr143/surface_volume.zarr", "cache_dir": null, "use_ridges": true, "use_lasagna": false, "ridge_sigma": 2.0, "batch_size": 16, "patch_size": 64, "num_layers": 16, "lr": 5e-05, "weight_decay": 0.01, "time_budget": 3600, "pinned": false, "loss_ink_bce": 0.6, "loss_ink_dice": 0.2, "loss_fiber_bce": 0.3, "loss_st": 0.1, "label_smoothing": 0.0, "aug_mode": "batchgeneratorsv2", "aug_flip_p": 0.5, "aug_brightness_p": 0.75, "aug_affine_p": 0.75, "aug_coarse_dropout_p": 0.5, "aug_elastic_p": 0.0, "aug_grid_p": 0.0, "aug_rotate_limit": 180, "aug_scale_limit": 0.15, "aug_scroll_decohesion_p": 0.25, "aug_scroll_warping_p": 0.0, "aug_scroll_squeeze_p": 0.25, "aug_scroll_z_dropout_p": 0.0, "aug_scroll_intensity_drift_p": 0.0, "aug_scroll_sheet_compression_p": 0.0, "aug_scroll_thick_slice_p": 0.0, "aug_scroll_rician_noise_p": 0.0, "aug_scroll_blank_rectangles_p": 0.0, "use_betti_loss": false, "betti_loss_weight": 0.1, "auxiliary_config": {"enabled": false, "task_types": ["surface_normals", "structure_tensor"], "weights": {"surface_normals": 0.05, "structure_tensor": 0.05}}, "target_fiber_source": "sobel_z", "target_fiber_sigma": 2.0, "multi_task_heads": false, "architecture": "gated_unet", "base_feat": 64, "num_blocks": 16, "num_heads": 8, "dropout": 0.0, "pseudo_label_dir": "local_data/pseudo_labels", "foundation_model_path": null, "enforce_prize_gates": false, "min_prize_centerline_dice": 0.01, "max_prize_skel_dist": 2.0, "max_prize_cc_diff": 64.0, "min_prize_topology_samples": 1, "use_uamt": false, "ema_decay": 0.99, "consistency_weight": 0.1, "unlabeled_uris": ["local_data/PHercParis2Fr47/surface_volume.zarr"]}
2026-06-08 05:13:13	1.000000	nan	0.000000	0.000	0.000	0.0000	0.440090	1.20	1.904	7906.1	{"uri": null, "uris": ["local_data/PHercParis2Fr47/surface_volume.zarr"], "val_uri": "local_data/PHercParis2Fr143/surface_volume.zarr", "cache_dir": null, "use_ridges": true, "use_lasagna": false, "ridge_sigma": 2.0, "batch_size": 16, "patch_size": 64, "num_layers": 16, "lr": 5e-05, "weight_decay": 0.01, "time_budget": 3600, "pinned": false, "loss_ink_bce": 0.6, "loss_ink_dice": 0.2, "loss_fiber_bce": 0.3, "loss_st": 0.1, "label_smoothing": 0.0, "aug_mode": "batchgeneratorsv2", "aug_flip_p": 0.5, "aug_brightness_p": 0.75, "aug_affine_p": 0.75, "aug_coarse_dropout_p": 0.5, "aug_elastic_p": 0.0, "aug_grid_p": 0.0, "aug_rotate_limit": 180, "aug_scale_limit": 0.15, "aug_scroll_decohesion_p": 0.25, "aug_scroll_warping_p": 0.0, "aug_scroll_squeeze_p": 0.25, "aug_scroll_z_dropout_p": 0.0, "aug_scroll_intensity_drift_p": 0.0, "aug_scroll_sheet_compression_p": 0.0, "aug_scroll_thick_slice_p": 0.0, "aug_scroll_rician_noise_p": 0.25, "aug_scroll_blank_rectangles_p": 0.0, "use_betti_loss": false, "betti_loss_weight": 0.1, "auxiliary_config": {"enabled": false, "task_types": ["surface_normals", "structure_tensor"], "weights": {"surface_normals": 0.05, "structure_tensor": 0.05}}, "target_fiber_source": "sobel_z", "target_fiber_sigma": 2.0, "multi_task_heads": false, "architecture": "gated_unet", "base_feat": 64, "num_blocks": 16, "num_heads": 8, "dropout": 0.0, "pseudo_label_dir": "local_data/pseudo_labels", "foundation_model_path": null, "enforce_prize_gates": false, "min_prize_centerline_dice": 0.01, "max_prize_skel_dist": 2.0, "max_prize_cc_diff": 64.0, "min_prize_topology_samples": 1, "use_uamt": false, "ema_decay": 0.99, "consistency_weight": 0.1, "unlabeled_uris": ["local_data/PHercParis2Fr47/surface_volume.zarr"]}
2026-06-08 06:13:53	1.000000	nan	0.000000	0.000	0.000	0.0000	0.543517	1.21	53.090	15073.0	{"uri": null, "uris": ["local_data/PHercParis2Fr47/surface_volume.zarr"], "val_uri": "local_data/PHercParis2Fr143/surface_volume.zarr", "cache_dir": null, "use_ridges": true, "use_lasagna": false, "ridge_sigma": 2.0, "batch_size": 16, "patch_size": 64, "num_layers": 16, "lr": 5e-05, "weight_decay": 0.01, "time_budget": 3600, "pinned": false, "loss_ink_bce": 0.6, "loss_ink_dice": 0.2, "loss_fiber_bce": 0.3, "loss_st": 0.1, "label_smoothing": 0.0, "aug_mode": "batchgeneratorsv2", "aug_flip_p": 0.5, "aug_brightness_p": 0.75, "aug_affine_p": 0.75, "aug_coarse_dropout_p": 0.5, "aug_elastic_p": 0.0, "aug_grid_p": 0.0, "aug_rotate_limit": 180, "aug_scale_limit": 0.15, "aug_scroll_decohesion_p": 0.25, "aug_scroll_warping_p": 0.0, "aug_scroll_squeeze_p": 0.25, "aug_scroll_z_dropout_p": 0.0, "aug_scroll_intensity_drift_p": 0.0, "aug_scroll_sheet_compression_p": 0.0, "aug_scroll_thick_slice_p": 0.0, "aug_scroll_rician_noise_p": 0.0, "aug_scroll_blank_rectangles_p": 0.0, "use_betti_loss": false, "betti_loss_weight": 0.1, "auxiliary_config": {"enabled": false, "task_types": ["surface_normals", "structure_tensor"], "weights": {"surface_normals": 0.05, "structure_tensor": 0.05}}, "target_fiber_source": "sobel_z", "target_fiber_sigma": 2.0, "multi_task_heads": false, "architecture": "neural_tracing_vit", "base_feat": 64, "num_blocks": 16, "num_heads": 8, "dropout": 0.0, "pseudo_label_dir": "local_data/pseudo_labels", "foundation_model_path": null, "enforce_prize_gates": false, "min_prize_centerline_dice": 0.01, "max_prize_skel_dist": 2.0, "max_prize_cc_diff": 64.0, "min_prize_topology_samples": 1, "use_uamt": false, "ema_decay": 0.99, "consistency_weight": 0.1, "unlabeled_uris": ["local_data/PHercParis2Fr47/surface_volume.zarr"]}
2026-06-08 07:14:18	1.000000	nan	0.000000	0.000	0.000	0.0000	0.438939	1.20	1.904	7905.9	{"uri": null, "uris": ["local_data/PHercParis2Fr47/surface_volume.zarr"], "val_uri": "local_data/PHercParis2Fr143/surface_volume.zarr", "cache_dir": null, "use_ridges": true, "use_lasagna": false, "ridge_sigma": 2.0, "batch_size": 16, "patch_size": 64, "num_layers": 16, "lr": 5e-05, "weight_decay": 0.01, "time_budget": 3600, "pinned": false, "loss_ink_bce": 0.2, "loss_ink_dice": 0.2, "loss_fiber_bce": 0.3, "loss_st": 0.1, "label_smoothing": 0.0, "aug_mode": "batchgeneratorsv2", "aug_flip_p": 0.5, "aug_brightness_p": 0.75, "aug_affine_p": 0.75, "aug_coarse_dropout_p": 0.5, "aug_elastic_p": 0.0, "aug_grid_p": 0.0, "aug_rotate_limit": 180, "aug_scale_limit": 0.15, "aug_scroll_decohesion_p": 0.25, "aug_scroll_warping_p": 0.0, "aug_scroll_squeeze_p": 0.25, "aug_scroll_z_dropout_p": 0.0, "aug_scroll_intensity_drift_p": 0.0, "aug_scroll_sheet_compression_p": 0.0, "aug_scroll_thick_slice_p": 0.0, "aug_scroll_rician_noise_p": 0.0, "aug_scroll_blank_rectangles_p": 0.0, "use_betti_loss": false, "betti_loss_weight": 0.1, "auxiliary_config": {"enabled": false, "task_types": ["surface_normals", "structure_tensor"], "weights": {"surface_normals": 0.05, "structure_tensor": 0.05}}, "target_fiber_source": "sobel_z", "target_fiber_sigma": 2.0, "multi_task_heads": false, "architecture": "gated_unet", "base_feat": 64, "num_blocks": 16, "num_heads": 8, "dropout": 0.0, "pseudo_label_dir": "local_data/pseudo_labels", "foundation_model_path": null, "enforce_prize_gates": false, "min_prize_centerline_dice": 0.01, "max_prize_skel_dist": 2.0, "max_prize_cc_diff": 64.0, "min_prize_topology_samples": 1, "use_uamt": false, "ema_decay": 0.99, "consistency_weight": 0.1, "unlabeled_uris": ["local_data/PHercParis2Fr47/surface_volume.zarr"]}
2026-06-08 08:45:45	1.000000	nan	0.000000	0.000	0.000	0.0000	0.630612	1.08	1.904	7905.9	{"uri": null, "uris": ["local_data/PHercParis2Fr47/surface_volume.zarr"], "val_uri": "local_data/PHercParis2Fr143/surface_volume.zarr", "cache_dir": null, "use_ridges": true, "use_lasagna": false, "ridge_sigma": 2.0, "batch_size": 16, "patch_size": 64, "num_layers": 16, "lr": 5e-05, "weight_decay": 0.01, "time_budget": 900, "pinned": false, "loss_ink_bce": 0.6, "loss_ink_dice": 0.4, "loss_fiber_bce": 0.3, "loss_st": 0.1, "label_smoothing": 0.0, "aug_mode": "batchgeneratorsv2", "aug_flip_p": 0.5, "aug_brightness_p": 0.75, "aug_affine_p": 0.75, "aug_coarse_dropout_p": 0.5, "aug_elastic_p": 0.0, "aug_grid_p": 0.0, "aug_rotate_limit": 180, "aug_scale_limit": 0.15, "aug_scroll_decohesion_p": 0.25, "aug_scroll_warping_p": 0.0, "aug_scroll_squeeze_p": 0.25, "aug_scroll_z_dropout_p": 0.0, "aug_scroll_intensity_drift_p": 0.0, "aug_scroll_sheet_compression_p": 0.0, "aug_scroll_thick_slice_p": 0.0, "aug_scroll_rician_noise_p": 0.0, "aug_scroll_blank_rectangles_p": 0.0, "use_betti_loss": false, "betti_loss_weight": 0.1, "auxiliary_config": {"enabled": false, "task_types": ["surface_normals", "structure_tensor"], "weights": {"surface_normals": 0.05, "structure_tensor": 0.05}}, "target_fiber_source": "sobel_z", "target_fiber_sigma": 2.0, "multi_task_heads": false, "architecture": "gated_unet", "base_feat": 64, "num_blocks": 16, "num_heads": 8, "dropout": 0.0, "pseudo_label_dir": "local_data/pseudo_labels", "foundation_model_path": null, "enforce_prize_gates": false, "min_prize_centerline_dice": 0.01, "max_prize_skel_dist": 2.0, "max_prize_cc_diff": 64.0, "min_prize_topology_samples": 1, "use_uamt": false, "ema_decay": 0.99, "consistency_weight": 0.1, "unlabeled_uris": ["local_data/PHercParis2Fr47/surface_volume.zarr"]}
2026-06-08 09:01:09	1.000000	nan	0.000000	0.000	0.000	0.0000	0.837292	1.09	1.904	7905.9	{"uri": null, "uris": ["local_data/PHercParis2Fr47/surface_volume.zarr"], "val_uri": "local_data/PHercParis2Fr143/surface_volume.zarr", "cache_dir": null, "use_ridges": true, "use_lasagna": false, "ridge_sigma": 2.0, "batch_size": 16, "patch_size": 64, "num_layers": 16, "lr": 5e-05, "weight_decay": 0.01, "time_budget": 900, "pinned": false, "loss_ink_bce": 0.6, "loss_ink_dice": 0.6, "loss_fiber_bce": 0.3, "loss_st": 0.1, "label_smoothing": 0.0, "aug_mode": "batchgeneratorsv2", "aug_flip_p": 0.5, "aug_brightness_p": 0.75, "aug_affine_p": 0.75, "aug_coarse_dropout_p": 0.5, "aug_elastic_p": 0.0, "aug_grid_p": 0.0, "aug_rotate_limit": 180, "aug_scale_limit": 0.15, "aug_scroll_decohesion_p": 0.25, "aug_scroll_warping_p": 0.0, "aug_scroll_squeeze_p": 0.25, "aug_scroll_z_dropout_p": 0.0, "aug_scroll_intensity_drift_p": 0.0, "aug_scroll_sheet_compression_p": 0.0, "aug_scroll_thick_slice_p": 0.0, "aug_scroll_rician_noise_p": 0.0, "aug_scroll_blank_rectangles_p": 0.0, "use_betti_loss": false, "betti_loss_weight": 0.1, "auxiliary_config": {"enabled": false, "task_types": ["surface_normals", "structure_tensor"], "weights": {"surface_normals": 0.05, "structure_tensor": 0.05}}, "target_fiber_source": "sobel_z", "target_fiber_sigma": 2.0, "multi_task_heads": false, "architecture": "gated_unet", "base_feat": 64, "num_blocks": 16, "num_heads": 8, "dropout": 0.0, "pseudo_label_dir": "local_data/pseudo_labels", "foundation_model_path": null, "enforce_prize_gates": false, "min_prize_centerline_dice": 0.01, "max_prize_skel_dist": 2.0, "max_prize_cc_diff": 64.0, "min_prize_topology_samples": 1, "use_uamt": false, "ema_decay": 0.99, "consistency_weight": 0.1, "unlabeled_uris": ["local_data/PHercParis2Fr47/surface_volume.zarr"]}
2026-06-08 09:16:33	1.000000	nan	0.000000	0.000	0.000	0.0000	0.438796	1.09	1.904	7905.9	{"uri": null, "uris": ["local_data/PHercParis2Fr47/surface_volume.zarr"], "val_uri": "local_data/PHercParis2Fr143/surface_volume.zarr", "cache_dir": null, "use_ridges": true, "use_lasagna": false, "ridge_sigma": 2.0, "batch_size": 16, "patch_size": 64, "num_layers": 16, "lr": 5e-05, "weight_decay": 0.01, "time_budget": 900, "pinned": false, "loss_ink_bce": 0.6, "loss_ink_dice": 0.2, "loss_fiber_bce": 0.3, "loss_st": 0.1, "label_smoothing": 0.0, "aug_mode": "batchgeneratorsv2", "aug_flip_p": 0.5, "aug_brightness_p": 0.75, "aug_affine_p": 0.75, "aug_coarse_dropout_p": 0.5, "aug_elastic_p": 0.0, "aug_grid_p": 0.0, "aug_rotate_limit": 180, "aug_scale_limit": 0.15, "aug_scroll_decohesion_p": 0.25, "aug_scroll_warping_p": 0.0, "aug_scroll_squeeze_p": 0.25, "aug_scroll_z_dropout_p": 0.0, "aug_scroll_intensity_drift_p": 0.0, "aug_scroll_sheet_compression_p": 0.0, "aug_scroll_thick_slice_p": 0.0, "aug_scroll_rician_noise_p": 0.0, "aug_scroll_blank_rectangles_p": 0.25, "use_betti_loss": false, "betti_loss_weight": 0.1, "auxiliary_config": {"enabled": false, "task_types": ["surface_normals", "structure_tensor"], "weights": {"surface_normals": 0.05, "structure_tensor": 0.05}}, "target_fiber_source": "sobel_z", "target_fiber_sigma": 2.0, "multi_task_heads": false, "architecture": "gated_unet", "base_feat": 64, "num_blocks": 16, "num_heads": 8, "dropout": 0.0, "pseudo_label_dir": "local_data/pseudo_labels", "foundation_model_path": null, "enforce_prize_gates": false, "min_prize_centerline_dice": 0.01, "max_prize_skel_dist": 2.0, "max_prize_cc_diff": 64.0, "min_prize_topology_samples": 1, "use_uamt": false, "ema_decay": 0.99, "consistency_weight": 0.1, "unlabeled_uris": ["local_data/PHercParis2Fr47/surface_volume.zarr"]}
2026-06-08 09:31:55	1.000000	nan	0.000000	0.000	0.000	0.0000	0.461011	1.21	1.904	7905.9	{"uri": null, "uris": ["local_data/PHercParis2Fr47/surface_volume.zarr"], "val_uri": "local_data/PHercParis2Fr143/surface_volume.zarr", "cache_dir": null, "use_ridges": true, "use_lasagna": false, "ridge_sigma": 2.0, "batch_size": 16, "patch_size": 64, "num_layers": 16, "lr": 5e-05, "weight_decay": 0.01, "time_budget": 900, "pinned": false, "loss_ink_bce": 0.6, "loss_ink_dice": 0.2, "loss_fiber_bce": 0.3, "loss_st": 0.1, "label_smoothing": 0.0, "aug_mode": "batchgeneratorsv2", "aug_flip_p": 0.5, "aug_brightness_p": 0.75, "aug_affine_p": 0.75, "aug_coarse_dropout_p": 0.5, "aug_elastic_p": 0.0, "aug_grid_p": 0.0, "aug_rotate_limit": 180, "aug_scale_limit": 0.15, "aug_scroll_decohesion_p": 0.25, "aug_scroll_warping_p": 0.0, "aug_scroll_squeeze_p": 0.25, "aug_scroll_z_dropout_p": 0.0, "aug_scroll_intensity_drift_p": 0.0, "aug_scroll_sheet_compression_p": 0.0, "aug_scroll_thick_slice_p": 0.0, "aug_scroll_rician_noise_p": 0.5, "aug_scroll_blank_rectangles_p": 0.0, "use_betti_loss": false, "betti_loss_weight": 0.1, "auxiliary_config": {"enabled": false, "task_types": ["surface_normals", "structure_tensor"], "weights": {"surface_normals": 0.05, "structure_tensor": 0.05}}, "target_fiber_source": "sobel_z", "target_fiber_sigma": 2.0, "multi_task_heads": false, "architecture": "gated_unet", "base_feat": 64, "num_blocks": 16, "num_heads": 8, "dropout": 0.0, "pseudo_label_dir": "local_data/pseudo_labels", "foundation_model_path": null, "enforce_prize_gates": false, "min_prize_centerline_dice": 0.01, "max_prize_skel_dist": 2.0, "max_prize_cc_diff": 64.0, "min_prize_topology_samples": 1, "use_uamt": false, "ema_decay": 0.99, "consistency_weight": 0.1, "unlabeled_uris": ["local_data/PHercParis2Fr47/surface_volume.zarr"]}
2026-06-08 09:47:16	1.000000	nan	0.000000	0.000	0.000	0.0000	0.453539	1.20	1.904	7905.9	{"uri": null, "uris": ["local_data/PHercParis2Fr47/surface_volume.zarr"], "val_uri": "local_data/PHercParis2Fr143/surface_volume.zarr", "cache_dir": null, "use_ridges": true, "use_lasagna": false, "ridge_sigma": 2.0, "batch_size": 16, "patch_size": 64, "num_layers": 16, "lr": 5e-05, "weight_decay": 0.01, "time_budget": 900, "pinned": false, "loss_ink_bce": 0.6, "loss_ink_dice": 0.2, "loss_fiber_bce": 0.3, "loss_st": 0.1, "label_smoothing": 0.0, "aug_mode": "batchgeneratorsv2", "aug_flip_p": 0.5, "aug_brightness_p": 0.75, "aug_affine_p": 0.75, "aug_coarse_dropout_p": 0.5, "aug_elastic_p": 0.0, "aug_grid_p": 0.0, "aug_rotate_limit": 180, "aug_scale_limit": 0.15, "aug_scroll_decohesion_p": 0.5, "aug_scroll_warping_p": 0.0, "aug_scroll_squeeze_p": 0.25, "aug_scroll_z_dropout_p": 0.0, "aug_scroll_intensity_drift_p": 0.0, "aug_scroll_sheet_compression_p": 0.0, "aug_scroll_thick_slice_p": 0.0, "aug_scroll_rician_noise_p": 0.0, "aug_scroll_blank_rectangles_p": 0.0, "use_betti_loss": false, "betti_loss_weight": 0.1, "auxiliary_config": {"enabled": false, "task_types": ["surface_normals", "structure_tensor"], "weights": {"surface_normals": 0.05, "structure_tensor": 0.05}}, "target_fiber_source": "sobel_z", "target_fiber_sigma": 2.0, "multi_task_heads": false, "architecture": "gated_unet", "base_feat": 64, "num_blocks": 16, "num_heads": 8, "dropout": 0.0, "pseudo_label_dir": "local_data/pseudo_labels", "foundation_model_path": null, "enforce_prize_gates": false, "min_prize_centerline_dice": 0.01, "max_prize_skel_dist": 2.0, "max_prize_cc_diff": 64.0, "min_prize_topology_samples": 1, "use_uamt": false, "ema_decay": 0.99, "consistency_weight": 0.1, "unlabeled_uris": ["local_data/PHercParis2Fr47/surface_volume.zarr"]}
2026-06-08 10:02:39	1.000000	nan	0.000000	0.000	0.000	0.0000	0.453528	1.20	1.904	7905.9	{"uri": null, "uris": ["local_data/PHercParis2Fr47/surface_volume.zarr"], "val_uri": "local_data/PHercParis2Fr143/surface_volume.zarr", "cache_dir": null, "use_ridges": true, "use_lasagna": false, "ridge_sigma": 2.0, "batch_size": 16, "patch_size": 64, "num_layers": 16, "lr": 5e-05, "weight_decay": 0.01, "time_budget": 900, "pinned": false, "loss_ink_bce": 0.6, "loss_ink_dice": 0.2, "loss_fiber_bce": 0.3, "loss_st": 0.1, "label_smoothing": 0.0, "aug_mode": "batchgeneratorsv2", "aug_flip_p": 0.5, "aug_brightness_p": 0.75, "aug_affine_p": 0.75, "aug_coarse_dropout_p": 0.5, "aug_elastic_p": 0.0, "aug_grid_p": 0.0, "aug_rotate_limit": 180, "aug_scale_limit": 0.15, "aug_scroll_decohesion_p": 0.25, "aug_scroll_warping_p": 0.5, "aug_scroll_squeeze_p": 0.25, "aug_scroll_z_dropout_p": 0.0, "aug_scroll_intensity_drift_p": 0.0, "aug_scroll_sheet_compression_p": 0.0, "aug_scroll_thick_slice_p": 0.0, "aug_scroll_rician_noise_p": 0.0, "aug_scroll_blank_rectangles_p": 0.0, "use_betti_loss": false, "betti_loss_weight": 0.1, "auxiliary_config": {"enabled": false, "task_types": ["surface_normals", "structure_tensor"], "weights": {"surface_normals": 0.05, "structure_tensor": 0.05}}, "target_fiber_source": "sobel_z", "target_fiber_sigma": 2.0, "multi_task_heads": false, "architecture": "gated_unet", "base_feat": 64, "num_blocks": 16, "num_heads": 8, "dropout": 0.0, "pseudo_label_dir": "local_data/pseudo_labels", "foundation_model_path": null, "enforce_prize_gates": false, "min_prize_centerline_dice": 0.01, "max_prize_skel_dist": 2.0, "max_prize_cc_diff": 64.0, "min_prize_topology_samples": 1, "use_uamt": false, "ema_decay": 0.99, "consistency_weight": 0.1, "unlabeled_uris": ["local_data/PHercParis2Fr47/surface_volume.zarr"]}
2026-06-08 10:18:02	1.000000	nan	0.000000	0.000	0.000	0.0000	0.451493	1.07	1.904	7905.9	{"uri": null, "uris": ["local_data/PHercParis2Fr47/surface_volume.zarr"], "val_uri": "local_data/PHercParis2Fr143/surface_volume.zarr", "cache_dir": null, "use_ridges": true, "use_lasagna": false, "ridge_sigma": 2.0, "batch_size": 16, "patch_size": 64, "num_layers": 16, "lr": 5e-05, "weight_decay": 0.01, "time_budget": 900, "pinned": false, "loss_ink_bce": 0.6, "loss_ink_dice": 0.2, "loss_fiber_bce": 0.3, "loss_st": 0.1, "label_smoothing": 0.0, "aug_mode": "batchgeneratorsv2", "aug_flip_p": 0.5, "aug_brightness_p": 0.75, "aug_affine_p": 0.75, "aug_coarse_dropout_p": 0.5, "aug_elastic_p": 0.0, "aug_grid_p": 0.0, "aug_rotate_limit": 180, "aug_scale_limit": 0.15, "aug_scroll_decohesion_p": 0.25, "aug_scroll_warping_p": 0.0, "aug_scroll_squeeze_p": 0.0, "aug_scroll_z_dropout_p": 0.0, "aug_scroll_intensity_drift_p": 0.0, "aug_scroll_sheet_compression_p": 0.0, "aug_scroll_thick_slice_p": 0.0, "aug_scroll_rician_noise_p": 0.0, "aug_scroll_blank_rectangles_p": 0.0, "use_betti_loss": false, "betti_loss_weight": 0.1, "auxiliary_config": {"enabled": false, "task_types": ["surface_normals", "structure_tensor"], "weights": {"surface_normals": 0.05, "structure_tensor": 0.05}}, "target_fiber_source": "sobel_z", "target_fiber_sigma": 2.0, "multi_task_heads": false, "architecture": "gated_unet", "base_feat": 64, "num_blocks": 16, "num_heads": 8, "dropout": 0.0, "pseudo_label_dir": "local_data/pseudo_labels", "foundation_model_path": null, "enforce_prize_gates": false, "min_prize_centerline_dice": 0.01, "max_prize_skel_dist": 2.0, "max_prize_cc_diff": 64.0, "min_prize_topology_samples": 1, "use_uamt": false, "ema_decay": 0.99, "consistency_weight": 0.1, "unlabeled_uris": ["local_data/PHercParis2Fr47/surface_volume.zarr"]}
2026-06-08 10:33:37	1.000000	nan	0.000000	0.000	0.000	0.0000	0.473898	0.92	1.904	7905.9	{"uri": null, "uris": ["local_data/PHercParis2Fr47/surface_volume.zarr"], "val_uri": "local_data/PHercParis2Fr143/surface_volume.zarr", "cache_dir": null, "use_ridges": true, "use_lasagna": false, "ridge_sigma": 2.0, "batch_size": 16, "patch_size": 64, "num_layers": 16, "lr": 5e-05, "weight_decay": 0.01, "time_budget": 900, "pinned": false, "loss_ink_bce": 0.6, "loss_ink_dice": 0.2, "loss_fiber_bce": 0.3, "loss_st": 0.1, "label_smoothing": 0.0, "aug_mode": "batchgeneratorsv2", "aug_flip_p": 0.5, "aug_brightness_p": 0.75, "aug_affine_p": 0.75, "aug_coarse_dropout_p": 0.5, "aug_elastic_p": 0.0, "aug_grid_p": 0.0, "aug_rotate_limit": 180, "aug_scale_limit": 0.15, "aug_scroll_decohesion_p": 0.25, "aug_scroll_warping_p": 0.0, "aug_scroll_squeeze_p": 0.25, "aug_scroll_z_dropout_p": 0.0, "aug_scroll_intensity_drift_p": 0.0, "aug_scroll_sheet_compression_p": 0.0, "aug_scroll_thick_slice_p": 0.0, "aug_scroll_rician_noise_p": 0.0, "aug_scroll_blank_rectangles_p": 0.5, "use_betti_loss": false, "betti_loss_weight": 0.1, "auxiliary_config": {"enabled": false, "task_types": ["surface_normals", "structure_tensor"], "weights": {"surface_normals": 0.05, "structure_tensor": 0.05}}, "target_fiber_source": "sobel_z", "target_fiber_sigma": 2.0, "multi_task_heads": false, "architecture": "gated_unet", "base_feat": 64, "num_blocks": 16, "num_heads": 8, "dropout": 0.0, "pseudo_label_dir": "local_data/pseudo_labels", "foundation_model_path": null, "enforce_prize_gates": false, "min_prize_centerline_dice": 0.01, "max_prize_skel_dist": 2.0, "max_prize_cc_diff": 64.0, "min_prize_topology_samples": 1, "use_uamt": false, "ema_decay": 0.99, "consistency_weight": 0.1, "unlabeled_uris": ["local_data/PHercParis2Fr47/surface_volume.zarr"]}
2026-06-08 10:49:00	1.000000	nan	0.000000	0.000	0.000	0.0000	0.448550	1.11	1.904	7905.9	{"uri": null, "uris": ["local_data/PHercParis2Fr47/surface_volume.zarr"], "val_uri": "local_data/PHercParis2Fr143/surface_volume.zarr", "cache_dir": null, "use_ridges": true, "use_lasagna": false, "ridge_sigma": 2.0, "batch_size": 16, "patch_size": 64, "num_layers": 16, "lr": 5e-05, "weight_decay": 0.01, "time_budget": 900, "pinned": false, "loss_ink_bce": 0.6, "loss_ink_dice": 0.2, "loss_fiber_bce": 0.3, "loss_st": 0.1, "label_smoothing": 0.0, "aug_mode": "batchgeneratorsv2", "aug_flip_p": 0.5, "aug_brightness_p": 0.75, "aug_affine_p": 0.75, "aug_coarse_dropout_p": 0.5, "aug_elastic_p": 0.0, "aug_grid_p": 0.0, "aug_rotate_limit": 180, "aug_scale_limit": 0.15, "aug_scroll_decohesion_p": 0.0, "aug_scroll_warping_p": 0.0, "aug_scroll_squeeze_p": 0.25, "aug_scroll_z_dropout_p": 0.0, "aug_scroll_intensity_drift_p": 0.0, "aug_scroll_sheet_compression_p": 0.0, "aug_scroll_thick_slice_p": 0.0, "aug_scroll_rician_noise_p": 0.0, "aug_scroll_blank_rectangles_p": 0.0, "use_betti_loss": false, "betti_loss_weight": 0.1, "auxiliary_config": {"enabled": false, "task_types": ["surface_normals", "structure_tensor"], "weights": {"surface_normals": 0.05, "structure_tensor": 0.05}}, "target_fiber_source": "sobel_z", "target_fiber_sigma": 2.0, "multi_task_heads": false, "architecture": "gated_unet", "base_feat": 64, "num_blocks": 16, "num_heads": 8, "dropout": 0.0, "pseudo_label_dir": "local_data/pseudo_labels", "foundation_model_path": null, "enforce_prize_gates": false, "min_prize_centerline_dice": 0.01, "max_prize_skel_dist": 2.0, "max_prize_cc_diff": 64.0, "min_prize_topology_samples": 1, "use_uamt": false, "ema_decay": 0.99, "consistency_weight": 0.1, "unlabeled_uris": ["local_data/PHercParis2Fr47/surface_volume.zarr"]}
2026-06-08 11:04:25	1.000000	nan	0.000000	0.000	0.000	0.0000	0.465876	1.03	1.904	7905.9	{"uri": null, "uris": ["local_data/PHercParis2Fr47/surface_volume.zarr"], "val_uri": "local_data/PHercParis2Fr143/surface_volume.zarr", "cache_dir": null, "use_ridges": true, "use_lasagna": false, "ridge_sigma": 2.0, "batch_size": 16, "patch_size": 64, "num_layers": 16, "lr": 5e-05, "weight_decay": 0.01, "time_budget": 900, "pinned": false, "loss_ink_bce": 0.6, "loss_ink_dice": 0.2, "loss_fiber_bce": 0.3, "loss_st": 0.1, "label_smoothing": 0.0, "aug_mode": "batchgeneratorsv2", "aug_flip_p": 0.5, "aug_brightness_p": 0.75, "aug_affine_p": 0.75, "aug_coarse_dropout_p": 0.5, "aug_elastic_p": 0.0, "aug_grid_p": 0.0, "aug_rotate_limit": 180, "aug_scale_limit": 0.15, "aug_scroll_decohesion_p": 0.25, "aug_scroll_warping_p": 0.0, "aug_scroll_squeeze_p": 0.25, "aug_scroll_z_dropout_p": 0.0, "aug_scroll_intensity_drift_p": 0.0, "aug_scroll_sheet_compression_p": 0.0, "aug_scroll_thick_slice_p": 0.0, "aug_scroll_rician_noise_p": 0.0, "aug_scroll_blank_rectangles_p": 0.0, "use_betti_loss": false, "betti_loss_weight": 0.1, "auxiliary_config": {"enabled": false, "task_types": ["surface_normals", "structure_tensor"], "weights": {"surface_normals": 0.05, "structure_tensor": 0.05}}, "target_fiber_source": "sobel_z", "target_fiber_sigma": 2.0, "multi_task_heads": false, "architecture": "gated_unet", "base_feat": 64, "num_blocks": 16, "num_heads": 12, "dropout": 0.0, "pseudo_label_dir": "local_data/pseudo_labels", "foundation_model_path": null, "enforce_prize_gates": false, "min_prize_centerline_dice": 0.01, "max_prize_skel_dist": 2.0, "max_prize_cc_diff": 64.0, "min_prize_topology_samples": 1, "use_uamt": false, "ema_decay": 0.99, "consistency_weight": 0.1, "unlabeled_uris": ["local_data/PHercParis2Fr47/surface_volume.zarr"]}
2026-06-08 11:19:50	1.000000	nan	0.000000	0.000	0.000	0.0000	0.448517	1.18	1.904	7905.9	{"uri": null, "uris": ["local_data/PHercParis2Fr47/surface_volume.zarr"], "val_uri": "local_data/PHercParis2Fr143/surface_volume.zarr", "cache_dir": null, "use_ridges": true, "use_lasagna": false, "ridge_sigma": 2.0, "batch_size": 16, "patch_size": 64, "num_layers": 16, "lr": 5e-05, "weight_decay": 0.01, "time_budget": 900, "pinned": false, "loss_ink_bce": 0.6, "loss_ink_dice": 0.2, "loss_fiber_bce": 0.3, "loss_st": 0.1, "label_smoothing": 0.0, "aug_mode": "batchgeneratorsv2", "aug_flip_p": 0.5, "aug_brightness_p": 0.75, "aug_affine_p": 0.75, "aug_coarse_dropout_p": 0.5, "aug_elastic_p": 0.0, "aug_grid_p": 0.0, "aug_rotate_limit": 180, "aug_scale_limit": 0.15, "aug_scroll_decohesion_p": 0.25, "aug_scroll_warping_p": 0.25, "aug_scroll_squeeze_p": 0.25, "aug_scroll_z_dropout_p": 0.0, "aug_scroll_intensity_drift_p": 0.0, "aug_scroll_sheet_compression_p": 0.0, "aug_scroll_thick_slice_p": 0.0, "aug_scroll_rician_noise_p": 0.0, "aug_scroll_blank_rectangles_p": 0.0, "use_betti_loss": false, "betti_loss_weight": 0.1, "auxiliary_config": {"enabled": false, "task_types": ["surface_normals", "structure_tensor"], "weights": {"surface_normals": 0.05, "structure_tensor": 0.05}}, "target_fiber_source": "sobel_z", "target_fiber_sigma": 2.0, "multi_task_heads": false, "architecture": "gated_unet", "base_feat": 64, "num_blocks": 16, "num_heads": 8, "dropout": 0.0, "pseudo_label_dir": "local_data/pseudo_labels", "foundation_model_path": null, "enforce_prize_gates": false, "min_prize_centerline_dice": 0.01, "max_prize_skel_dist": 2.0, "max_prize_cc_diff": 64.0, "min_prize_topology_samples": 1, "use_uamt": false, "ema_decay": 0.99, "consistency_weight": 0.1, "unlabeled_uris": ["local_data/PHercParis2Fr47/surface_volume.zarr"]}
2026-06-08 11:35:13	1.000000	nan	0.000000	0.000	0.000	0.0000	0.450356	1.18	1.904	7905.9	{"uri": null, "uris": ["local_data/PHercParis2Fr47/surface_volume.zarr"], "val_uri": "local_data/PHercParis2Fr143/surface_volume.zarr", "cache_dir": null, "use_ridges": true, "use_lasagna": false, "ridge_sigma": 2.0, "batch_size": 16, "patch_size": 64, "num_layers": 16, "lr": 5e-05, "weight_decay": 0.001, "time_budget": 900, "pinned": false, "loss_ink_bce": 0.6, "loss_ink_dice": 0.2, "loss_fiber_bce": 0.3, "loss_st": 0.1, "label_smoothing": 0.0, "aug_mode": "batchgeneratorsv2", "aug_flip_p": 0.5, "aug_brightness_p": 0.75, "aug_affine_p": 0.75, "aug_coarse_dropout_p": 0.5, "aug_elastic_p": 0.0, "aug_grid_p": 0.0, "aug_rotate_limit": 180, "aug_scale_limit": 0.15, "aug_scroll_decohesion_p": 0.25, "aug_scroll_warping_p": 0.0, "aug_scroll_squeeze_p": 0.25, "aug_scroll_z_dropout_p": 0.0, "aug_scroll_intensity_drift_p": 0.0, "aug_scroll_sheet_compression_p": 0.0, "aug_scroll_thick_slice_p": 0.0, "aug_scroll_rician_noise_p": 0.0, "aug_scroll_blank_rectangles_p": 0.0, "use_betti_loss": false, "betti_loss_weight": 0.1, "auxiliary_config": {"enabled": false, "task_types": ["surface_normals", "structure_tensor"], "weights": {"surface_normals": 0.05, "structure_tensor": 0.05}}, "target_fiber_source": "sobel_z", "target_fiber_sigma": 2.0, "multi_task_heads": false, "architecture": "gated_unet", "base_feat": 64, "num_blocks": 16, "num_heads": 8, "dropout": 0.0, "pseudo_label_dir": "local_data/pseudo_labels", "foundation_model_path": null, "enforce_prize_gates": false, "min_prize_centerline_dice": 0.01, "max_prize_skel_dist": 2.0, "max_prize_cc_diff": 64.0, "min_prize_topology_samples": 1, "use_uamt": false, "ema_decay": 0.99, "consistency_weight": 0.1, "unlabeled_uris": ["local_data/PHercParis2Fr47/surface_volume.zarr"]}
2026-06-08 11:50:37	1.000000	nan	0.000000	0.000	0.000	0.0000	0.449041	1.13	1.904	7905.9	{"uri": null, "uris": ["local_data/PHercParis2Fr47/surface_volume.zarr"], "val_uri": "local_data/PHercParis2Fr143/surface_volume.zarr", "cache_dir": null, "use_ridges": true, "use_lasagna": false, "ridge_sigma": 2.0, "batch_size": 16, "patch_size": 64, "num_layers": 16, "lr": 5e-05, "weight_decay": 0.01, "time_budget": 900, "pinned": false, "loss_ink_bce": 0.6, "loss_ink_dice": 0.2, "loss_fiber_bce": 0.3, "loss_st": 0.1, "label_smoothing": 0.0, "aug_mode": "batchgeneratorsv2", "aug_flip_p": 0.5, "aug_brightness_p": 0.75, "aug_affine_p": 0.75, "aug_coarse_dropout_p": 0.5, "aug_elastic_p": 0.0, "aug_grid_p": 0.0, "aug_rotate_limit": 180, "aug_scale_limit": 0.15, "aug_scroll_decohesion_p": 0.25, "aug_scroll_warping_p": 0.0, "aug_scroll_squeeze_p": 0.25, "aug_scroll_z_dropout_p": 0.0, "aug_scroll_intensity_drift_p": 0.0, "aug_scroll_sheet_compression_p": 0.0, "aug_scroll_thick_slice_p": 0.5, "aug_scroll_rician_noise_p": 0.0, "aug_scroll_blank_rectangles_p": 0.0, "use_betti_loss": false, "betti_loss_weight": 0.1, "auxiliary_config": {"enabled": false, "task_types": ["surface_normals", "structure_tensor"], "weights": {"surface_normals": 0.05, "structure_tensor": 0.05}}, "target_fiber_source": "sobel_z", "target_fiber_sigma": 2.0, "multi_task_heads": false, "architecture": "gated_unet", "base_feat": 64, "num_blocks": 16, "num_heads": 8, "dropout": 0.0, "pseudo_label_dir": "local_data/pseudo_labels", "foundation_model_path": null, "enforce_prize_gates": false, "min_prize_centerline_dice": 0.01, "max_prize_skel_dist": 2.0, "max_prize_cc_diff": 64.0, "min_prize_topology_samples": 1, "use_uamt": false, "ema_decay": 0.99, "consistency_weight": 0.1, "unlabeled_uris": ["local_data/PHercParis2Fr47/surface_volume.zarr"]}
2026-06-08 12:06:04	1.000000	nan	0.000000	0.000	0.000	0.0000	0.332085	1.12	1.904	7905.9	{"uri": null, "uris": ["local_data/PHercParis2Fr47/surface_volume.zarr"], "val_uri": "local_data/PHercParis2Fr143/surface_volume.zarr", "cache_dir": null, "use_ridges": true, "use_lasagna": false, "ridge_sigma": 2.0, "batch_size": 16, "patch_size": 64, "num_layers": 16, "lr": 5e-05, "weight_decay": 0.01, "time_budget": 900, "pinned": false, "loss_ink_bce": 0.6, "loss_ink_dice": 0.2, "loss_fiber_bce": 0.1, "loss_st": 0.1, "label_smoothing": 0.0, "aug_mode": "batchgeneratorsv2", "aug_flip_p": 0.5, "aug_brightness_p": 0.75, "aug_affine_p": 0.75, "aug_coarse_dropout_p": 0.5, "aug_elastic_p": 0.0, "aug_grid_p": 0.0, "aug_rotate_limit": 180, "aug_scale_limit": 0.15, "aug_scroll_decohesion_p": 0.25, "aug_scroll_warping_p": 0.0, "aug_scroll_squeeze_p": 0.25, "aug_scroll_z_dropout_p": 0.0, "aug_scroll_intensity_drift_p": 0.0, "aug_scroll_sheet_compression_p": 0.0, "aug_scroll_thick_slice_p": 0.0, "aug_scroll_rician_noise_p": 0.0, "aug_scroll_blank_rectangles_p": 0.0, "use_betti_loss": false, "betti_loss_weight": 0.1, "auxiliary_config": {"enabled": false, "task_types": ["surface_normals", "structure_tensor"], "weights": {"surface_normals": 0.05, "structure_tensor": 0.05}}, "target_fiber_source": "sobel_z", "target_fiber_sigma": 2.0, "multi_task_heads": false, "architecture": "gated_unet", "base_feat": 64, "num_blocks": 16, "num_heads": 8, "dropout": 0.0, "pseudo_label_dir": "local_data/pseudo_labels", "foundation_model_path": null, "enforce_prize_gates": false, "min_prize_centerline_dice": 0.01, "max_prize_skel_dist": 2.0, "max_prize_cc_diff": 64.0, "min_prize_topology_samples": 1, "use_uamt": false, "ema_decay": 0.99, "consistency_weight": 0.1, "unlabeled_uris": ["local_data/PHercParis2Fr47/surface_volume.zarr"]}
2026-06-08 12:21:29	1.000000	nan	0.000000	0.000	0.000	0.0000	0.468027	0.91	1.904	7905.9	{"uri": null, "uris": ["local_data/PHercParis2Fr47/surface_volume.zarr"], "val_uri": "local_data/PHercParis2Fr143/surface_volume.zarr", "cache_dir": null, "use_ridges": true, "use_lasagna": false, "ridge_sigma": 2.0, "batch_size": 16, "patch_size": 64, "num_layers": 16, "lr": 5e-05, "weight_decay": 0.01, "time_budget": 900, "pinned": false, "loss_ink_bce": 0.4, "loss_ink_dice": 0.2, "loss_fiber_bce": 0.3, "loss_st": 0.1, "label_smoothing": 0.0, "aug_mode": "batchgeneratorsv2", "aug_flip_p": 0.5, "aug_brightness_p": 0.75, "aug_affine_p": 0.75, "aug_coarse_dropout_p": 0.5, "aug_elastic_p": 0.0, "aug_grid_p": 0.0, "aug_rotate_limit": 180, "aug_scale_limit": 0.15, "aug_scroll_decohesion_p": 0.25, "aug_scroll_warping_p": 0.0, "aug_scroll_squeeze_p": 0.25, "aug_scroll_z_dropout_p": 0.0, "aug_scroll_intensity_drift_p": 0.0, "aug_scroll_sheet_compression_p": 0.0, "aug_scroll_thick_slice_p": 0.0, "aug_scroll_rician_noise_p": 0.0, "aug_scroll_blank_rectangles_p": 0.0, "use_betti_loss": false, "betti_loss_weight": 0.1, "auxiliary_config": {"enabled": false, "task_types": ["surface_normals", "structure_tensor"], "weights": {"surface_normals": 0.05, "structure_tensor": 0.05}}, "target_fiber_source": "sobel_z", "target_fiber_sigma": 2.0, "multi_task_heads": false, "architecture": "gated_unet", "base_feat": 64, "num_blocks": 16, "num_heads": 8, "dropout": 0.0, "pseudo_label_dir": "local_data/pseudo_labels", "foundation_model_path": null, "enforce_prize_gates": false, "min_prize_centerline_dice": 0.01, "max_prize_skel_dist": 2.0, "max_prize_cc_diff": 64.0, "min_prize_topology_samples": 1, "use_uamt": false, "ema_decay": 0.99, "consistency_weight": 0.1, "unlabeled_uris": ["local_data/PHercParis2Fr47/surface_volume.zarr"]}
2026-06-08 12:36:57	1.000000	nan	0.000000	0.000	0.000	0.0000	0.449382	1.25	1.904	7905.9	{"uri": null, "uris": ["local_data/PHercParis2Fr47/surface_volume.zarr"], "val_uri": "local_data/PHercParis2Fr143/surface_volume.zarr", "cache_dir": null, "use_ridges": true, "use_lasagna": false, "ridge_sigma": 2.0, "batch_size": 16, "patch_size": 64, "num_layers": 16, "lr": 5e-05, "weight_decay": 0.01, "time_budget": 900, "pinned": false, "loss_ink_bce": 0.6, "loss_ink_dice": 0.2, "loss_fiber_bce": 0.3, "loss_st": 0.1, "label_smoothing": 0.0, "aug_mode": "batchgeneratorsv2", "aug_flip_p": 0.5, "aug_brightness_p": 0.75, "aug_affine_p": 0.75, "aug_coarse_dropout_p": 0.5, "aug_elastic_p": 0.0, "aug_grid_p": 0.0, "aug_rotate_limit": 180, "aug_scale_limit": 0.15, "aug_scroll_decohesion_p": 0.25, "aug_scroll_warping_p": 0.0, "aug_scroll_squeeze_p": 0.25, "aug_scroll_z_dropout_p": 0.0, "aug_scroll_intensity_drift_p": 0.0, "aug_scroll_sheet_compression_p": 0.5, "aug_scroll_thick_slice_p": 0.0, "aug_scroll_rician_noise_p": 0.0, "aug_scroll_blank_rectangles_p": 0.0, "use_betti_loss": false, "betti_loss_weight": 0.1, "auxiliary_config": {"enabled": false, "task_types": ["surface_normals", "structure_tensor"], "weights": {"surface_normals": 0.05, "structure_tensor": 0.05}}, "target_fiber_source": "sobel_z", "target_fiber_sigma": 2.0, "multi_task_heads": false, "architecture": "gated_unet", "base_feat": 64, "num_blocks": 16, "num_heads": 8, "dropout": 0.0, "pseudo_label_dir": "local_data/pseudo_labels", "foundation_model_path": null, "enforce_prize_gates": false, "min_prize_centerline_dice": 0.01, "max_prize_skel_dist": 2.0, "max_prize_cc_diff": 64.0, "min_prize_topology_samples": 1, "use_uamt": false, "ema_decay": 0.99, "consistency_weight": 0.1, "unlabeled_uris": ["local_data/PHercParis2Fr47/surface_volume.zarr"]}
2026-06-08 12:52:22	1.000000	nan	0.000000	0.000	0.000	0.0000	0.468580	0.99	1.904	7905.9	{"uri": null, "uris": ["local_data/PHercParis2Fr47/surface_volume.zarr"], "val_uri": "local_data/PHercParis2Fr143/surface_volume.zarr", "cache_dir": null, "use_ridges": true, "use_lasagna": false, "ridge_sigma": 2.0, "batch_size": 16, "patch_size": 64, "num_layers": 16, "lr": 5e-05, "weight_decay": 0.01, "time_budget": 900, "pinned": false, "loss_ink_bce": 0.6, "loss_ink_dice": 0.2, "loss_fiber_bce": 0.3, "loss_st": 0.1, "label_smoothing": 0.0, "aug_mode": "batchgeneratorsv2", "aug_flip_p": 0.5, "aug_brightness_p": 0.75, "aug_affine_p": 0.75, "aug_coarse_dropout_p": 0.5, "aug_elastic_p": 0.0, "aug_grid_p": 0.0, "aug_rotate_limit": 180, "aug_scale_limit": 0.15, "aug_scroll_decohesion_p": 0.25, "aug_scroll_warping_p": 0.0, "aug_scroll_squeeze_p": 0.25, "aug_scroll_z_dropout_p": 0.0, "aug_scroll_intensity_drift_p": 0.5, "aug_scroll_sheet_compression_p": 0.0, "aug_scroll_thick_slice_p": 0.0, "aug_scroll_rician_noise_p": 0.0, "aug_scroll_blank_rectangles_p": 0.0, "use_betti_loss": false, "betti_loss_weight": 0.1, "auxiliary_config": {"enabled": false, "task_types": ["surface_normals", "structure_tensor"], "weights": {"surface_normals": 0.05, "structure_tensor": 0.05}}, "target_fiber_source": "sobel_z", "target_fiber_sigma": 2.0, "multi_task_heads": false, "architecture": "gated_unet", "base_feat": 64, "num_blocks": 16, "num_heads": 8, "dropout": 0.0, "pseudo_label_dir": "local_data/pseudo_labels", "foundation_model_path": null, "enforce_prize_gates": false, "min_prize_centerline_dice": 0.01, "max_prize_skel_dist": 2.0, "max_prize_cc_diff": 64.0, "min_prize_topology_samples": 1, "use_uamt": false, "ema_decay": 0.99, "consistency_weight": 0.1, "unlabeled_uris": ["local_data/PHercParis2Fr47/surface_volume.zarr"]}
2026-06-08 13:07:50	1.000000	nan	0.000000	0.000	0.000	0.0000	0.449909	1.34	1.904	7905.9	{"uri": null, "uris": ["local_data/PHercParis2Fr47/surface_volume.zarr"], "val_uri": "local_data/PHercParis2Fr143/surface_volume.zarr", "cache_dir": null, "use_ridges": true, "use_lasagna": false, "ridge_sigma": 2.0, "batch_size": 16, "patch_size": 64, "num_layers": 16, "lr": 5e-05, "weight_decay": 0.01, "time_budget": 900, "pinned": false, "loss_ink_bce": 0.6, "loss_ink_dice": 0.2, "loss_fiber_bce": 0.3, "loss_st": 0.1, "label_smoothing": 0.0, "aug_mode": "batchgeneratorsv2", "aug_flip_p": 0.5, "aug_brightness_p": 0.75, "aug_affine_p": 0.75, "aug_coarse_dropout_p": 0.5, "aug_elastic_p": 0.0, "aug_grid_p": 0.0, "aug_rotate_limit": 180, "aug_scale_limit": 0.15, "aug_scroll_decohesion_p": 0.25, "aug_scroll_warping_p": 0.0, "aug_scroll_squeeze_p": 0.25, "aug_scroll_z_dropout_p": 0.0, "aug_scroll_intensity_drift_p": 0.0, "aug_scroll_sheet_compression_p": 0.25, "aug_scroll_thick_slice_p": 0.0, "aug_scroll_rician_noise_p": 0.0, "aug_scroll_blank_rectangles_p": 0.0, "use_betti_loss": false, "betti_loss_weight": 0.1, "auxiliary_config": {"enabled": false, "task_types": ["surface_normals", "structure_tensor"], "weights": {"surface_normals": 0.05, "structure_tensor": 0.05}}, "target_fiber_source": "sobel_z", "target_fiber_sigma": 2.0, "multi_task_heads": false, "architecture": "gated_unet", "base_feat": 64, "num_blocks": 16, "num_heads": 8, "dropout": 0.0, "pseudo_label_dir": "local_data/pseudo_labels", "foundation_model_path": null, "enforce_prize_gates": false, "min_prize_centerline_dice": 0.01, "max_prize_skel_dist": 2.0, "max_prize_cc_diff": 64.0, "min_prize_topology_samples": 1, "use_uamt": false, "ema_decay": 0.99, "consistency_weight": 0.1, "unlabeled_uris": ["local_data/PHercParis2Fr47/surface_volume.zarr"]}
2026-06-08 13:23:25	1.000000	nan	0.000000	0.000	0.000	0.0000	0.471271	0.91	1.904	7905.9	{"uri": null, "uris": ["local_data/PHercParis2Fr47/surface_volume.zarr"], "val_uri": "local_data/PHercParis2Fr143/surface_volume.zarr", "cache_dir": null, "use_ridges": true, "use_lasagna": false, "ridge_sigma": 2.0, "batch_size": 16, "patch_size": 64, "num_layers": 16, "lr": 5e-05, "weight_decay": 0.01, "time_budget": 900, "pinned": false, "loss_ink_bce": 0.6, "loss_ink_dice": 0.2, "loss_fiber_bce": 0.3, "loss_st": 0.1, "label_smoothing": 0.0, "aug_mode": "batchgeneratorsv2", "aug_flip_p": 0.5, "aug_brightness_p": 0.75, "aug_affine_p": 0.75, "aug_coarse_dropout_p": 0.5, "aug_elastic_p": 0.0, "aug_grid_p": 0.0, "aug_rotate_limit": 180, "aug_scale_limit": 0.15, "aug_scroll_decohesion_p": 0.25, "aug_scroll_warping_p": 0.0, "aug_scroll_squeeze_p": 0.25, "aug_scroll_z_dropout_p": 0.5, "aug_scroll_intensity_drift_p": 0.0, "aug_scroll_sheet_compression_p": 0.0, "aug_scroll_thick_slice_p": 0.0, "aug_scroll_rician_noise_p": 0.0, "aug_scroll_blank_rectangles_p": 0.0, "use_betti_loss": false, "betti_loss_weight": 0.1, "auxiliary_config": {"enabled": false, "task_types": ["surface_normals", "structure_tensor"], "weights": {"surface_normals": 0.05, "structure_tensor": 0.05}}, "target_fiber_source": "sobel_z", "target_fiber_sigma": 2.0, "multi_task_heads": false, "architecture": "gated_unet", "base_feat": 64, "num_blocks": 16, "num_heads": 8, "dropout": 0.0, "pseudo_label_dir": "local_data/pseudo_labels", "foundation_model_path": null, "enforce_prize_gates": false, "min_prize_centerline_dice": 0.01, "max_prize_skel_dist": 2.0, "max_prize_cc_diff": 64.0, "min_prize_topology_samples": 1, "use_uamt": false, "ema_decay": 0.99, "consistency_weight": 0.1, "unlabeled_uris": ["local_data/PHercParis2Fr47/surface_volume.zarr"]}
2026-06-08 13:38:55	1.000000	nan	0.000000	0.000	0.000	0.0000	0.465750	0.96	1.904	7905.9	{"uri": null, "uris": ["local_data/PHercParis2Fr47/surface_volume.zarr"], "val_uri": "local_data/PHercParis2Fr143/surface_volume.zarr", "cache_dir": null, "use_ridges": true, "use_lasagna": false, "ridge_sigma": 2.0, "batch_size": 16, "patch_size": 64, "num_layers": 16, "lr": 5e-05, "weight_decay": 0.01, "time_budget": 900, "pinned": false, "loss_ink_bce": 0.6, "loss_ink_dice": 0.2, "loss_fiber_bce": 0.3, "loss_st": 0.1, "label_smoothing": 0.0, "aug_mode": "batchgeneratorsv2", "aug_flip_p": 0.5, "aug_brightness_p": 0.75, "aug_affine_p": 0.75, "aug_coarse_dropout_p": 0.5, "aug_elastic_p": 0.0, "aug_grid_p": 0.0, "aug_rotate_limit": 180, "aug_scale_limit": 0.15, "aug_scroll_decohesion_p": 0.25, "aug_scroll_warping_p": 0.0, "aug_scroll_squeeze_p": 0.25, "aug_scroll_z_dropout_p": 0.0, "aug_scroll_intensity_drift_p": 0.25, "aug_scroll_sheet_compression_p": 0.0, "aug_scroll_thick_slice_p": 0.0, "aug_scroll_rician_noise_p": 0.0, "aug_scroll_blank_rectangles_p": 0.0, "use_betti_loss": false, "betti_loss_weight": 0.1, "auxiliary_config": {"enabled": false, "task_types": ["surface_normals", "structure_tensor"], "weights": {"surface_normals": 0.05, "structure_tensor": 0.05}}, "target_fiber_source": "sobel_z", "target_fiber_sigma": 2.0, "multi_task_heads": false, "architecture": "gated_unet", "base_feat": 64, "num_blocks": 16, "num_heads": 8, "dropout": 0.0, "pseudo_label_dir": "local_data/pseudo_labels", "foundation_model_path": null, "enforce_prize_gates": false, "min_prize_centerline_dice": 0.01, "max_prize_skel_dist": 2.0, "max_prize_cc_diff": 64.0, "min_prize_topology_samples": 1, "use_uamt": false, "ema_decay": 0.99, "consistency_weight": 0.1, "unlabeled_uris": ["local_data/PHercParis2Fr47/surface_volume.zarr"]}
2026-06-08 13:54:22	1.000000	nan	0.000000	0.000	0.000	0.0000	0.452174	1.13	1.904	7905.9	{"uri": null, "uris": ["local_data/PHercParis2Fr47/surface_volume.zarr"], "val_uri": "local_data/PHercParis2Fr143/surface_volume.zarr", "cache_dir": null, "use_ridges": true, "use_lasagna": false, "ridge_sigma": 2.0, "batch_size": 16, "patch_size": 64, "num_layers": 16, "lr": 5e-05, "weight_decay": 0.01, "time_budget": 900, "pinned": false, "loss_ink_bce": 0.6, "loss_ink_dice": 0.2, "loss_fiber_bce": 0.3, "loss_st": 0.1, "label_smoothing": 0.0, "aug_mode": "batchgeneratorsv2", "aug_flip_p": 0.5, "aug_brightness_p": 0.75, "aug_affine_p": 0.75, "aug_coarse_dropout_p": 0.5, "aug_elastic_p": 0.0, "aug_grid_p": 0.0, "aug_rotate_limit": 180, "aug_scale_limit": 0.15, "aug_scroll_decohesion_p": 0.25, "aug_scroll_warping_p": 0.0, "aug_scroll_squeeze_p": 0.25, "aug_scroll_z_dropout_p": 0.0, "aug_scroll_intensity_drift_p": 0.0, "aug_scroll_sheet_compression_p": 0.0, "aug_scroll_thick_slice_p": 0.25, "aug_scroll_rician_noise_p": 0.0, "aug_scroll_blank_rectangles_p": 0.0, "use_betti_loss": false, "betti_loss_weight": 0.1, "auxiliary_config": {"enabled": false, "task_types": ["surface_normals", "structure_tensor"], "weights": {"surface_normals": 0.05, "structure_tensor": 0.05}}, "target_fiber_source": "sobel_z", "target_fiber_sigma": 2.0, "multi_task_heads": false, "architecture": "gated_unet", "base_feat": 64, "num_blocks": 16, "num_heads": 8, "dropout": 0.0, "pseudo_label_dir": "local_data/pseudo_labels", "foundation_model_path": null, "enforce_prize_gates": false, "min_prize_centerline_dice": 0.01, "max_prize_skel_dist": 2.0, "max_prize_cc_diff": 64.0, "min_prize_topology_samples": 1, "use_uamt": false, "ema_decay": 0.99, "consistency_weight": 0.1, "unlabeled_uris": ["local_data/PHercParis2Fr47/surface_volume.zarr"]}
2026-06-08 14:09:45	1.000000	nan	0.000000	0.000	0.000	0.0000	0.492605	1.17	0.852	4181.8	{"uri": null, "uris": ["local_data/PHercParis2Fr47/surface_volume.zarr"], "val_uri": "local_data/PHercParis2Fr143/surface_volume.zarr", "cache_dir": null, "use_ridges": true, "use_lasagna": false, "ridge_sigma": 2.0, "batch_size": 16, "patch_size": 64, "num_layers": 16, "lr": 5e-05, "weight_decay": 0.01, "time_budget": 900, "pinned": false, "loss_ink_bce": 0.6, "loss_ink_dice": 0.2, "loss_fiber_bce": 0.3, "loss_st": 0.1, "label_smoothing": 0.0, "aug_mode": "batchgeneratorsv2", "aug_flip_p": 0.5, "aug_brightness_p": 0.75, "aug_affine_p": 0.75, "aug_coarse_dropout_p": 0.5, "aug_elastic_p": 0.0, "aug_grid_p": 0.0, "aug_rotate_limit": 180, "aug_scale_limit": 0.15, "aug_scroll_decohesion_p": 0.25, "aug_scroll_warping_p": 0.0, "aug_scroll_squeeze_p": 0.25, "aug_scroll_z_dropout_p": 0.0, "aug_scroll_intensity_drift_p": 0.0, "aug_scroll_sheet_compression_p": 0.0, "aug_scroll_thick_slice_p": 0.0, "aug_scroll_rician_noise_p": 0.0, "aug_scroll_blank_rectangles_p": 0.0, "use_betti_loss": false, "betti_loss_weight": 0.1, "auxiliary_config": {"enabled": false, "task_types": ["surface_normals", "structure_tensor"], "weights": {"surface_normals": 0.05, "structure_tensor": 0.05}}, "target_fiber_source": "sobel_z", "target_fiber_sigma": 2.0, "multi_task_heads": false, "architecture": "gated_unet", "base_feat": 32, "num_blocks": 16, "num_heads": 8, "dropout": 0.0, "pseudo_label_dir": "local_data/pseudo_labels", "foundation_model_path": null, "enforce_prize_gates": false, "min_prize_centerline_dice": 0.01, "max_prize_skel_dist": 2.0, "max_prize_cc_diff": 64.0, "min_prize_topology_samples": 1, "use_uamt": false, "ema_decay": 0.99, "consistency_weight": 0.1, "unlabeled_uris": ["local_data/PHercParis2Fr47/surface_volume.zarr"]}
2026-06-08 14:25:03	1.000000	nan	0.000000	0.000	0.000	0.0000	0.444823	2.10	1.903	7883.9	{"uri": null, "uris": ["local_data/PHercParis2Fr47/surface_volume.zarr"], "val_uri": "local_data/PHercParis2Fr143/surface_volume.zarr", "cache_dir": null, "use_ridges": false, "use_lasagna": false, "ridge_sigma": 2.0, "batch_size": 16, "patch_size": 64, "num_layers": 16, "lr": 5e-05, "weight_decay": 0.01, "time_budget": 900, "pinned": false, "loss_ink_bce": 0.6, "loss_ink_dice": 0.2, "loss_fiber_bce": 0.3, "loss_st": 0.1, "label_smoothing": 0.0, "aug_mode": "batchgeneratorsv2", "aug_flip_p": 0.5, "aug_brightness_p": 0.75, "aug_affine_p": 0.75, "aug_coarse_dropout_p": 0.5, "aug_elastic_p": 0.0, "aug_grid_p": 0.0, "aug_rotate_limit": 180, "aug_scale_limit": 0.15, "aug_scroll_decohesion_p": 0.25, "aug_scroll_warping_p": 0.0, "aug_scroll_squeeze_p": 0.25, "aug_scroll_z_dropout_p": 0.0, "aug_scroll_intensity_drift_p": 0.0, "aug_scroll_sheet_compression_p": 0.0, "aug_scroll_thick_slice_p": 0.0, "aug_scroll_rician_noise_p": 0.0, "aug_scroll_blank_rectangles_p": 0.0, "use_betti_loss": false, "betti_loss_weight": 0.1, "auxiliary_config": {"enabled": false, "task_types": ["surface_normals", "structure_tensor"], "weights": {"surface_normals": 0.05, "structure_tensor": 0.05}}, "target_fiber_source": "sobel_z", "target_fiber_sigma": 2.0, "multi_task_heads": false, "architecture": "gated_unet", "base_feat": 64, "num_blocks": 16, "num_heads": 8, "dropout": 0.0, "pseudo_label_dir": "local_data/pseudo_labels", "foundation_model_path": null, "enforce_prize_gates": false, "min_prize_centerline_dice": 0.01, "max_prize_skel_dist": 2.0, "max_prize_cc_diff": 64.0, "min_prize_topology_samples": 1, "use_uamt": false, "ema_decay": 0.99, "consistency_weight": 0.1, "unlabeled_uris": ["local_data/PHercParis2Fr47/surface_volume.zarr"]}
2026-06-08 14:40:54	1.000000	nan	0.000000	0.000	0.000	0.0000	0.443688	1.85	1.904	7905.9	{"uri": null, "uris": ["local_data/PHercParis2Fr47/surface_volume.zarr"], "val_uri": "local_data/PHercParis2Fr143/surface_volume.zarr", "cache_dir": null, "use_ridges": true, "use_lasagna": false, "ridge_sigma": 2.0, "batch_size": 16, "patch_size": 64, "num_layers": 16, "lr": 5e-05, "weight_decay": 0.01, "time_budget": 900, "pinned": false, "loss_ink_bce": 0.6, "loss_ink_dice": 0.2, "loss_fiber_bce": 0.3, "loss_st": 0.1, "label_smoothing": 0.0, "aug_mode": "albumentations", "aug_flip_p": 0.5, "aug_brightness_p": 0.75, "aug_affine_p": 0.75, "aug_coarse_dropout_p": 0.5, "aug_elastic_p": 0.0, "aug_grid_p": 0.0, "aug_rotate_limit": 180, "aug_scale_limit": 0.15, "aug_scroll_decohesion_p": 0.25, "aug_scroll_warping_p": 0.0, "aug_scroll_squeeze_p": 0.25, "aug_scroll_z_dropout_p": 0.0, "aug_scroll_intensity_drift_p": 0.0, "aug_scroll_sheet_compression_p": 0.0, "aug_scroll_thick_slice_p": 0.0, "aug_scroll_rician_noise_p": 0.0, "aug_scroll_blank_rectangles_p": 0.0, "use_betti_loss": false, "betti_loss_weight": 0.1, "auxiliary_config": {"enabled": false, "task_types": ["surface_normals", "structure_tensor"], "weights": {"surface_normals": 0.05, "structure_tensor": 0.05}}, "target_fiber_source": "sobel_z", "target_fiber_sigma": 2.0, "multi_task_heads": false, "architecture": "gated_unet", "base_feat": 64, "num_blocks": 16, "num_heads": 8, "dropout": 0.0, "pseudo_label_dir": "local_data/pseudo_labels", "foundation_model_path": null, "enforce_prize_gates": false, "min_prize_centerline_dice": 0.01, "max_prize_skel_dist": 2.0, "max_prize_cc_diff": 64.0, "min_prize_topology_samples": 1, "use_uamt": false, "ema_decay": 0.99, "consistency_weight": 0.1, "unlabeled_uris": ["local_data/PHercParis2Fr47/surface_volume.zarr"]}
2026-06-08 14:56:18	1.000000	nan	0.000000	0.000	0.000	0.0000	0.401449	1.00	1.904	7905.9	{"uri": null, "uris": ["local_data/PHercParis2Fr47/surface_volume.zarr"], "val_uri": "local_data/PHercParis2Fr143/surface_volume.zarr", "cache_dir": null, "use_ridges": true, "use_lasagna": false, "ridge_sigma": 2.0, "batch_size": 16, "patch_size": 64, "num_layers": 16, "lr": 5e-05, "weight_decay": 0.01, "time_budget": 900, "pinned": false, "loss_ink_bce": 0.6, "loss_ink_dice": 0.2, "loss_fiber_bce": 0.2, "loss_st": 0.1, "label_smoothing": 0.0, "aug_mode": "batchgeneratorsv2", "aug_flip_p": 0.5, "aug_brightness_p": 0.75, "aug_affine_p": 0.75, "aug_coarse_dropout_p": 0.5, "aug_elastic_p": 0.0, "aug_grid_p": 0.0, "aug_rotate_limit": 180, "aug_scale_limit": 0.15, "aug_scroll_decohesion_p": 0.25, "aug_scroll_warping_p": 0.0, "aug_scroll_squeeze_p": 0.25, "aug_scroll_z_dropout_p": 0.0, "aug_scroll_intensity_drift_p": 0.0, "aug_scroll_sheet_compression_p": 0.0, "aug_scroll_thick_slice_p": 0.0, "aug_scroll_rician_noise_p": 0.0, "aug_scroll_blank_rectangles_p": 0.0, "use_betti_loss": false, "betti_loss_weight": 0.1, "auxiliary_config": {"enabled": false, "task_types": ["surface_normals", "structure_tensor"], "weights": {"surface_normals": 0.05, "structure_tensor": 0.05}}, "target_fiber_source": "sobel_z", "target_fiber_sigma": 2.0, "multi_task_heads": false, "architecture": "gated_unet", "base_feat": 64, "num_blocks": 16, "num_heads": 8, "dropout": 0.0, "pseudo_label_dir": "local_data/pseudo_labels", "foundation_model_path": null, "enforce_prize_gates": false, "min_prize_centerline_dice": 0.01, "max_prize_skel_dist": 2.0, "max_prize_cc_diff": 64.0, "min_prize_topology_samples": 1, "use_uamt": false, "ema_decay": 0.99, "consistency_weight": 0.1, "unlabeled_uris": ["local_data/PHercParis2Fr47/surface_volume.zarr"]}
2026-06-08 15:11:44	1.000000	nan	0.000000	0.000	0.000	0.0000	0.468602	0.97	1.904	7905.9	{"uri": null, "uris": ["local_data/PHercParis2Fr47/surface_volume.zarr"], "val_uri": "local_data/PHercParis2Fr143/surface_volume.zarr", "cache_dir": null, "use_ridges": true, "use_lasagna": false, "ridge_sigma": 3.0, "batch_size": 16, "patch_size": 64, "num_layers": 16, "lr": 5e-05, "weight_decay": 0.01, "time_budget": 900, "pinned": false, "loss_ink_bce": 0.6, "loss_ink_dice": 0.2, "loss_fiber_bce": 0.3, "loss_st": 0.1, "label_smoothing": 0.0, "aug_mode": "batchgeneratorsv2", "aug_flip_p": 0.5, "aug_brightness_p": 0.75, "aug_affine_p": 0.75, "aug_coarse_dropout_p": 0.5, "aug_elastic_p": 0.0, "aug_grid_p": 0.0, "aug_rotate_limit": 180, "aug_scale_limit": 0.15, "aug_scroll_decohesion_p": 0.25, "aug_scroll_warping_p": 0.0, "aug_scroll_squeeze_p": 0.25, "aug_scroll_z_dropout_p": 0.0, "aug_scroll_intensity_drift_p": 0.0, "aug_scroll_sheet_compression_p": 0.0, "aug_scroll_thick_slice_p": 0.0, "aug_scroll_rician_noise_p": 0.0, "aug_scroll_blank_rectangles_p": 0.0, "use_betti_loss": false, "betti_loss_weight": 0.1, "auxiliary_config": {"enabled": false, "task_types": ["surface_normals", "structure_tensor"], "weights": {"surface_normals": 0.05, "structure_tensor": 0.05}}, "target_fiber_source": "sobel_z", "target_fiber_sigma": 2.0, "multi_task_heads": false, "architecture": "gated_unet", "base_feat": 64, "num_blocks": 16, "num_heads": 8, "dropout": 0.0, "pseudo_label_dir": "local_data/pseudo_labels", "foundation_model_path": null, "enforce_prize_gates": false, "min_prize_centerline_dice": 0.01, "max_prize_skel_dist": 2.0, "max_prize_cc_diff": 64.0, "min_prize_topology_samples": 1, "use_uamt": false, "ema_decay": 0.99, "consistency_weight": 0.1, "unlabeled_uris": ["local_data/PHercParis2Fr47/surface_volume.zarr"]}
2026-06-08 15:27:14	1.000000	nan	0.000000	0.000	0.000	0.0000	0.452101	0.95	1.904	7905.9	{"uri": null, "uris": ["local_data/PHercParis2Fr47/surface_volume.zarr"], "val_uri": "local_data/PHercParis2Fr143/surface_volume.zarr", "cache_dir": null, "use_ridges": true, "use_lasagna": false, "ridge_sigma": 2.0, "batch_size": 16, "patch_size": 64, "num_layers": 16, "lr": 0.001, "weight_decay": 0.01, "time_budget": 900, "pinned": false, "loss_ink_bce": 0.6, "loss_ink_dice": 0.2, "loss_fiber_bce": 0.3, "loss_st": 0.1, "label_smoothing": 0.0, "aug_mode": "batchgeneratorsv2", "aug_flip_p": 0.5, "aug_brightness_p": 0.75, "aug_affine_p": 0.75, "aug_coarse_dropout_p": 0.5, "aug_elastic_p": 0.0, "aug_grid_p": 0.0, "aug_rotate_limit": 180, "aug_scale_limit": 0.15, "aug_scroll_decohesion_p": 0.25, "aug_scroll_warping_p": 0.0, "aug_scroll_squeeze_p": 0.25, "aug_scroll_z_dropout_p": 0.0, "aug_scroll_intensity_drift_p": 0.0, "aug_scroll_sheet_compression_p": 0.0, "aug_scroll_thick_slice_p": 0.0, "aug_scroll_rician_noise_p": 0.0, "aug_scroll_blank_rectangles_p": 0.0, "use_betti_loss": false, "betti_loss_weight": 0.1, "auxiliary_config": {"enabled": false, "task_types": ["surface_normals", "structure_tensor"], "weights": {"surface_normals": 0.05, "structure_tensor": 0.05}}, "target_fiber_source": "sobel_z", "target_fiber_sigma": 2.0, "multi_task_heads": false, "architecture": "gated_unet", "base_feat": 64, "num_blocks": 16, "num_heads": 8, "dropout": 0.0, "pseudo_label_dir": "local_data/pseudo_labels", "foundation_model_path": null, "enforce_prize_gates": false, "min_prize_centerline_dice": 0.01, "max_prize_skel_dist": 2.0, "max_prize_cc_diff": 64.0, "min_prize_topology_samples": 1, "use_uamt": false, "ema_decay": 0.99, "consistency_weight": 0.1, "unlabeled_uris": ["local_data/PHercParis2Fr47/surface_volume.zarr"]}
2026-06-08 15:42:51	1.000000	nan	0.000000	0.000	0.000	0.0000	0.433642	1.09	1.637	6692.3	{"uri": null, "uris": ["local_data/PHercParis2Fr47/surface_volume.zarr"], "val_uri": "local_data/PHercParis2Fr143/surface_volume.zarr", "cache_dir": null, "use_ridges": true, "use_lasagna": false, "ridge_sigma": 2.0, "batch_size": 16, "patch_size": 64, "num_layers": 16, "lr": 5e-05, "weight_decay": 0.01, "time_budget": 900, "pinned": false, "loss_ink_bce": 0.6, "loss_ink_dice": 0.2, "loss_fiber_bce": 0.3, "loss_st": 0.1, "label_smoothing": 0.0, "aug_mode": "batchgeneratorsv2", "aug_flip_p": 0.5, "aug_brightness_p": 0.75, "aug_affine_p": 0.75, "aug_coarse_dropout_p": 0.5, "aug_elastic_p": 0.0, "aug_grid_p": 0.0, "aug_rotate_limit": 180, "aug_scale_limit": 0.15, "aug_scroll_decohesion_p": 0.25, "aug_scroll_warping_p": 0.0, "aug_scroll_squeeze_p": 0.25, "aug_scroll_z_dropout_p": 0.0, "aug_scroll_intensity_drift_p": 0.0, "aug_scroll_sheet_compression_p": 0.0, "aug_scroll_thick_slice_p": 0.0, "aug_scroll_rician_noise_p": 0.0, "aug_scroll_blank_rectangles_p": 0.0, "use_betti_loss": false, "betti_loss_weight": 0.1, "auxiliary_config": {"enabled": false, "task_types": ["surface_normals", "structure_tensor"], "weights": {"surface_normals": 0.05, "structure_tensor": 0.05}}, "target_fiber_source": "sobel_z", "target_fiber_sigma": 2.0, "multi_task_heads": false, "architecture": "gated_unet", "base_feat": 64, "num_blocks": 12, "num_heads": 8, "dropout": 0.0, "pseudo_label_dir": "local_data/pseudo_labels", "foundation_model_path": null, "enforce_prize_gates": false, "min_prize_centerline_dice": 0.01, "max_prize_skel_dist": 2.0, "max_prize_cc_diff": 64.0, "min_prize_topology_samples": 1, "use_uamt": false, "ema_decay": 0.99, "consistency_weight": 0.1, "unlabeled_uris": ["local_data/PHercParis2Fr47/surface_volume.zarr"]}
2026-06-08 15:58:16	1.000000	nan	0.000000	0.000	0.000	0.0000	0.469639	0.97	1.904	7905.9	{"uri": null, "uris": ["local_data/PHercParis2Fr47/surface_volume.zarr"], "val_uri": "local_data/PHercParis2Fr143/surface_volume.zarr", "cache_dir": null, "use_ridges": true, "use_lasagna": false, "ridge_sigma": 2.0, "batch_size": 16, "patch_size": 64, "num_layers": 16, "lr": 5e-05, "weight_decay": 0.0, "time_budget": 900, "pinned": false, "loss_ink_bce": 0.6, "loss_ink_dice": 0.2, "loss_fiber_bce": 0.3, "loss_st": 0.1, "label_smoothing": 0.0, "aug_mode": "batchgeneratorsv2", "aug_flip_p": 0.5, "aug_brightness_p": 0.75, "aug_affine_p": 0.75, "aug_coarse_dropout_p": 0.5, "aug_elastic_p": 0.0, "aug_grid_p": 0.0, "aug_rotate_limit": 180, "aug_scale_limit": 0.15, "aug_scroll_decohesion_p": 0.25, "aug_scroll_warping_p": 0.0, "aug_scroll_squeeze_p": 0.25, "aug_scroll_z_dropout_p": 0.0, "aug_scroll_intensity_drift_p": 0.0, "aug_scroll_sheet_compression_p": 0.0, "aug_scroll_thick_slice_p": 0.0, "aug_scroll_rician_noise_p": 0.0, "aug_scroll_blank_rectangles_p": 0.0, "use_betti_loss": false, "betti_loss_weight": 0.1, "auxiliary_config": {"enabled": false, "task_types": ["surface_normals", "structure_tensor"], "weights": {"surface_normals": 0.05, "structure_tensor": 0.05}}, "target_fiber_source": "sobel_z", "target_fiber_sigma": 2.0, "multi_task_heads": false, "architecture": "gated_unet", "base_feat": 64, "num_blocks": 16, "num_heads": 8, "dropout": 0.0, "pseudo_label_dir": "local_data/pseudo_labels", "foundation_model_path": null, "enforce_prize_gates": false, "min_prize_centerline_dice": 0.01, "max_prize_skel_dist": 2.0, "max_prize_cc_diff": 64.0, "min_prize_topology_samples": 1, "use_uamt": false, "ema_decay": 0.99, "consistency_weight": 0.1, "unlabeled_uris": ["local_data/PHercParis2Fr47/surface_volume.zarr"]}
2026-06-08 16:13:42	1.000000	nan	0.000000	0.000	0.000	0.0000	0.466614	0.98	1.904	7905.9	{"uri": null, "uris": ["local_data/PHercParis2Fr47/surface_volume.zarr"], "val_uri": "local_data/PHercParis2Fr143/surface_volume.zarr", "cache_dir": null, "use_ridges": true, "use_lasagna": false, "ridge_sigma": 2.0, "batch_size": 16, "patch_size": 64, "num_layers": 16, "lr": 5e-05, "weight_decay": 0.01, "time_budget": 900, "pinned": false, "loss_ink_bce": 0.6, "loss_ink_dice": 0.2, "loss_fiber_bce": 0.3, "loss_st": 0.1, "label_smoothing": 0.0, "aug_mode": "batchgeneratorsv2", "aug_flip_p": 0.5, "aug_brightness_p": 0.75, "aug_affine_p": 0.75, "aug_coarse_dropout_p": 0.5, "aug_elastic_p": 0.0, "aug_grid_p": 0.0, "aug_rotate_limit": 180, "aug_scale_limit": 0.15, "aug_scroll_decohesion_p": 0.25, "aug_scroll_warping_p": 0.0, "aug_scroll_squeeze_p": 0.25, "aug_scroll_z_dropout_p": 0.25, "aug_scroll_intensity_drift_p": 0.0, "aug_scroll_sheet_compression_p": 0.0, "aug_scroll_thick_slice_p": 0.0, "aug_scroll_rician_noise_p": 0.0, "aug_scroll_blank_rectangles_p": 0.0, "use_betti_loss": false, "betti_loss_weight": 0.1, "auxiliary_config": {"enabled": false, "task_types": ["surface_normals", "structure_tensor"], "weights": {"surface_normals": 0.05, "structure_tensor": 0.05}}, "target_fiber_source": "sobel_z", "target_fiber_sigma": 2.0, "multi_task_heads": false, "architecture": "gated_unet", "base_feat": 64, "num_blocks": 16, "num_heads": 8, "dropout": 0.0, "pseudo_label_dir": "local_data/pseudo_labels", "foundation_model_path": null, "enforce_prize_gates": false, "min_prize_centerline_dice": 0.01, "max_prize_skel_dist": 2.0, "max_prize_cc_diff": 64.0, "min_prize_topology_samples": 1, "use_uamt": false, "ema_decay": 0.99, "consistency_weight": 0.1, "unlabeled_uris": ["local_data/PHercParis2Fr47/surface_volume.zarr"]}
2026-06-08 16:29:10	1.000000	nan	0.000000	0.000	0.000	0.0000	0.472018	0.93	1.904	7797.9	{"uri": null, "uris": ["local_data/PHercParis2Fr47/surface_volume.zarr"], "val_uri": "local_data/PHercParis2Fr143/surface_volume.zarr", "cache_dir": null, "use_ridges": true, "use_lasagna": false, "ridge_sigma": 2.0, "batch_size": 16, "patch_size": 64, "num_layers": 16, "lr": 5e-05, "weight_decay": 0.01, "time_budget": 900, "pinned": false, "loss_ink_bce": 0.6, "loss_ink_dice": 0.2, "loss_fiber_bce": 0.3, "loss_st": 0.1, "label_smoothing": 0.0, "aug_mode": "batchgeneratorsv2", "aug_flip_p": 0.5, "aug_brightness_p": 0.75, "aug_affine_p": 0.75, "aug_coarse_dropout_p": 0.5, "aug_elastic_p": 0.0, "aug_grid_p": 0.0, "aug_rotate_limit": 180, "aug_scale_limit": 0.15, "aug_scroll_decohesion_p": 0.25, "aug_scroll_warping_p": 0.0, "aug_scroll_squeeze_p": 0.25, "aug_scroll_z_dropout_p": 0.0, "aug_scroll_intensity_drift_p": 0.0, "aug_scroll_sheet_compression_p": 0.0, "aug_scroll_thick_slice_p": 0.0, "aug_scroll_rician_noise_p": 0.0, "aug_scroll_blank_rectangles_p": 0.0, "use_betti_loss": false, "betti_loss_weight": 0.1, "auxiliary_config": {"enabled": false, "task_types": ["surface_normals", "structure_tensor"], "weights": {"surface_normals": 0.05, "structure_tensor": 0.05}}, "target_fiber_source": "sobel_z", "target_fiber_sigma": 2.0, "multi_task_heads": false, "architecture": "gated_unet", "base_feat": 64, "num_blocks": 16, "num_heads": 4, "dropout": 0.0, "pseudo_label_dir": "local_data/pseudo_labels", "foundation_model_path": null, "enforce_prize_gates": false, "min_prize_centerline_dice": 0.01, "max_prize_skel_dist": 2.0, "max_prize_cc_diff": 64.0, "min_prize_topology_samples": 1, "use_uamt": false, "ema_decay": 0.99, "consistency_weight": 0.1, "unlabeled_uris": ["local_data/PHercParis2Fr47/surface_volume.zarr"]}
2026-06-08 16:44:36	1.000000	nan	0.000000	0.000	0.000	0.0000	0.444382	1.10	1.904	7905.9	{"uri": null, "uris": ["local_data/PHercParis2Fr47/surface_volume.zarr"], "val_uri": "local_data/PHercParis2Fr143/surface_volume.zarr", "cache_dir": null, "use_ridges": true, "use_lasagna": false, "ridge_sigma": 2.0, "batch_size": 16, "patch_size": 64, "num_layers": 16, "lr": 5e-05, "weight_decay": 0.01, "time_budget": 900, "pinned": false, "loss_ink_bce": 0.6, "loss_ink_dice": 0.2, "loss_fiber_bce": 0.3, "loss_st": 0.2, "label_smoothing": 0.0, "aug_mode": "batchgeneratorsv2", "aug_flip_p": 0.5, "aug_brightness_p": 0.75, "aug_affine_p": 0.75, "aug_coarse_dropout_p": 0.5, "aug_elastic_p": 0.0, "aug_grid_p": 0.0, "aug_rotate_limit": 180, "aug_scale_limit": 0.15, "aug_scroll_decohesion_p": 0.25, "aug_scroll_warping_p": 0.0, "aug_scroll_squeeze_p": 0.25, "aug_scroll_z_dropout_p": 0.0, "aug_scroll_intensity_drift_p": 0.0, "aug_scroll_sheet_compression_p": 0.0, "aug_scroll_thick_slice_p": 0.0, "aug_scroll_rician_noise_p": 0.0, "aug_scroll_blank_rectangles_p": 0.0, "use_betti_loss": false, "betti_loss_weight": 0.1, "auxiliary_config": {"enabled": false, "task_types": ["surface_normals", "structure_tensor"], "weights": {"surface_normals": 0.05, "structure_tensor": 0.05}}, "target_fiber_source": "sobel_z", "target_fiber_sigma": 2.0, "multi_task_heads": false, "architecture": "gated_unet", "base_feat": 64, "num_blocks": 16, "num_heads": 8, "dropout": 0.0, "pseudo_label_dir": "local_data/pseudo_labels", "foundation_model_path": null, "enforce_prize_gates": false, "min_prize_centerline_dice": 0.01, "max_prize_skel_dist": 2.0, "max_prize_cc_diff": 64.0, "min_prize_topology_samples": 1, "use_uamt": false, "ema_decay": 0.99, "consistency_weight": 0.1, "unlabeled_uris": ["local_data/PHercParis2Fr47/surface_volume.zarr"]}
2026-06-08 17:00:05	1.000000	nan	0.000000	0.000	0.000	0.0000	0.218956	0.80	1.904	7901.6	{"uri": null, "uris": ["local_data/PHercParis2Fr47/surface_volume.zarr"], "val_uri": "local_data/PHercParis2Fr143/surface_volume.zarr", "cache_dir": null, "use_ridges": true, "use_lasagna": false, "ridge_sigma": 2.0, "batch_size": 16, "patch_size": 64, "num_layers": 16, "lr": 5e-05, "weight_decay": 0.01, "time_budget": 900, "pinned": false, "loss_ink_bce": 0.6, "loss_ink_dice": 0.2, "loss_fiber_bce": 0.3, "loss_st": 0.1, "label_smoothing": 0.0, "aug_mode": "batchgeneratorsv2", "aug_flip_p": 0.5, "aug_brightness_p": 0.75, "aug_affine_p": 0.75, "aug_coarse_dropout_p": 0.5, "aug_elastic_p": 0.0, "aug_grid_p": 0.0, "aug_rotate_limit": 180, "aug_scale_limit": 0.15, "aug_scroll_decohesion_p": 0.25, "aug_scroll_warping_p": 0.0, "aug_scroll_squeeze_p": 0.25, "aug_scroll_z_dropout_p": 0.0, "aug_scroll_intensity_drift_p": 0.0, "aug_scroll_sheet_compression_p": 0.0, "aug_scroll_thick_slice_p": 0.0, "aug_scroll_rician_noise_p": 0.0, "aug_scroll_blank_rectangles_p": 0.0, "use_betti_loss": false, "betti_loss_weight": 0.1, "auxiliary_config": {"enabled": false, "task_types": ["surface_normals", "structure_tensor"], "weights": {"surface_normals": 0.05, "structure_tensor": 0.05}}, "target_fiber_source": "frangi", "target_fiber_sigma": 2.0, "multi_task_heads": false, "architecture": "gated_unet", "base_feat": 64, "num_blocks": 16, "num_heads": 8, "dropout": 0.0, "pseudo_label_dir": "local_data/pseudo_labels", "foundation_model_path": null, "enforce_prize_gates": false, "min_prize_centerline_dice": 0.01, "max_prize_skel_dist": 2.0, "max_prize_cc_diff": 64.0, "min_prize_topology_samples": 1, "use_uamt": false, "ema_decay": 0.99, "consistency_weight": 0.1, "unlabeled_uris": ["local_data/PHercParis2Fr47/surface_volume.zarr"]}
2026-06-08 17:15:31	1.000000	nan	0.000000	0.000	0.000	0.0000	0.468712	0.92	1.370	5478.7	{"uri": null, "uris": ["local_data/PHercParis2Fr47/surface_volume.zarr"], "val_uri": "local_data/PHercParis2Fr143/surface_volume.zarr", "cache_dir": null, "use_ridges": true, "use_lasagna": false, "ridge_sigma": 2.0, "batch_size": 16, "patch_size": 64, "num_layers": 16, "lr": 5e-05, "weight_decay": 0.01, "time_budget": 900, "pinned": false, "loss_ink_bce": 0.6, "loss_ink_dice": 0.2, "loss_fiber_bce": 0.3, "loss_st": 0.1, "label_smoothing": 0.0, "aug_mode": "batchgeneratorsv2", "aug_flip_p": 0.5, "aug_brightness_p": 0.75, "aug_affine_p": 0.75, "aug_coarse_dropout_p": 0.5, "aug_elastic_p": 0.0, "aug_grid_p": 0.0, "aug_rotate_limit": 180, "aug_scale_limit": 0.15, "aug_scroll_decohesion_p": 0.25, "aug_scroll_warping_p": 0.0, "aug_scroll_squeeze_p": 0.25, "aug_scroll_z_dropout_p": 0.0, "aug_scroll_intensity_drift_p": 0.0, "aug_scroll_sheet_compression_p": 0.0, "aug_scroll_thick_slice_p": 0.0, "aug_scroll_rician_noise_p": 0.0, "aug_scroll_blank_rectangles_p": 0.0, "use_betti_loss": false, "betti_loss_weight": 0.1, "auxiliary_config": {"enabled": false, "task_types": ["surface_normals", "structure_tensor"], "weights": {"surface_normals": 0.05, "structure_tensor": 0.05}}, "target_fiber_source": "sobel_z", "target_fiber_sigma": 2.0, "multi_task_heads": false, "architecture": "gated_unet", "base_feat": 64, "num_blocks": 8, "num_heads": 8, "dropout": 0.0, "pseudo_label_dir": "local_data/pseudo_labels", "foundation_model_path": null, "enforce_prize_gates": false, "min_prize_centerline_dice": 0.01, "max_prize_skel_dist": 2.0, "max_prize_cc_diff": 64.0, "min_prize_topology_samples": 1, "use_uamt": false, "ema_decay": 0.99, "consistency_weight": 0.1, "unlabeled_uris": ["local_data/PHercParis2Fr47/surface_volume.zarr"]}
2026-06-08 17:31:09	1.000000	nan	0.000000	0.000	0.000	0.0000	0.473729	0.76	1.904	8148.9	{"uri": null, "uris": ["local_data/PHercParis2Fr47/surface_volume.zarr"], "val_uri": "local_data/PHercParis2Fr143/surface_volume.zarr", "cache_dir": null, "use_ridges": true, "use_lasagna": false, "ridge_sigma": 2.0, "batch_size": 16, "patch_size": 64, "num_layers": 16, "lr": 5e-05, "weight_decay": 0.01, "time_budget": 900, "pinned": false, "loss_ink_bce": 0.6, "loss_ink_dice": 0.2, "loss_fiber_bce": 0.3, "loss_st": 0.1, "label_smoothing": 0.0, "aug_mode": "batchgeneratorsv2", "aug_flip_p": 0.5, "aug_brightness_p": 0.75, "aug_affine_p": 0.75, "aug_coarse_dropout_p": 0.5, "aug_elastic_p": 0.0, "aug_grid_p": 0.0, "aug_rotate_limit": 180, "aug_scale_limit": 0.15, "aug_scroll_decohesion_p": 0.25, "aug_scroll_warping_p": 0.0, "aug_scroll_squeeze_p": 0.25, "aug_scroll_z_dropout_p": 0.0, "aug_scroll_intensity_drift_p": 0.0, "aug_scroll_sheet_compression_p": 0.0, "aug_scroll_thick_slice_p": 0.0, "aug_scroll_rician_noise_p": 0.0, "aug_scroll_blank_rectangles_p": 0.0, "use_betti_loss": false, "betti_loss_weight": 0.1, "auxiliary_config": {"enabled": false, "task_types": ["surface_normals", "structure_tensor"], "weights": {"surface_normals": 0.05, "structure_tensor": 0.05}}, "target_fiber_source": "sobel_z", "target_fiber_sigma": 2.0, "multi_task_heads": false, "architecture": "gated_unet", "base_feat": 64, "num_blocks": 16, "num_heads": 8, "dropout": 0.2, "pseudo_label_dir": "local_data/pseudo_labels", "foundation_model_path": null, "enforce_prize_gates": false, "min_prize_centerline_dice": 0.01, "max_prize_skel_dist": 2.0, "max_prize_cc_diff": 64.0, "min_prize_topology_samples": 1, "use_uamt": false, "ema_decay": 0.99, "consistency_weight": 0.1, "unlabeled_uris": ["local_data/PHercParis2Fr47/surface_volume.zarr"]}
2026-06-08 17:46:46	1.000000	nan	0.000000	0.000	0.000	0.0000	0.674417	0.22	1.904	7905.9	{"uri": null, "uris": ["local_data/PHercParis2Fr47/surface_volume.zarr"], "val_uri": "local_data/PHercParis2Fr143/surface_volume.zarr", "cache_dir": null, "use_ridges": true, "use_lasagna": false, "ridge_sigma": 2.0, "batch_size": 16, "patch_size": 64, "num_layers": 16, "lr": 5e-05, "weight_decay": 0.01, "time_budget": 900, "pinned": false, "loss_ink_bce": 0.6, "loss_ink_dice": 0.2, "loss_fiber_bce": 0.3, "loss_st": 0.1, "label_smoothing": 0.0, "aug_mode": "batchgeneratorsv2", "aug_flip_p": 0.5, "aug_brightness_p": 0.75, "aug_affine_p": 0.75, "aug_coarse_dropout_p": 0.5, "aug_elastic_p": 0.0, "aug_grid_p": 0.0, "aug_rotate_limit": 180, "aug_scale_limit": 0.15, "aug_scroll_decohesion_p": 0.25, "aug_scroll_warping_p": 0.0, "aug_scroll_squeeze_p": 0.25, "aug_scroll_z_dropout_p": 0.0, "aug_scroll_intensity_drift_p": 0.0, "aug_scroll_sheet_compression_p": 0.0, "aug_scroll_thick_slice_p": 0.0, "aug_scroll_rician_noise_p": 0.0, "aug_scroll_blank_rectangles_p": 0.0, "use_betti_loss": false, "betti_loss_weight": 0.1, "auxiliary_config": {"enabled": false, "task_types": ["surface_normals", "structure_tensor"], "weights": {"surface_normals": 0.05, "structure_tensor": 0.05}}, "target_fiber_source": "sobel_z", "target_fiber_sigma": 2.0, "multi_task_heads": false, "architecture": "gated_unet", "base_feat": 64, "num_blocks": 16, "num_heads": 8, "dropout": 0.0, "pseudo_label_dir": "local_data/pseudo_labels", "foundation_model_path": null, "enforce_prize_gates": false, "min_prize_centerline_dice": 0.01, "max_prize_skel_dist": 2.0, "max_prize_cc_diff": 64.0, "min_prize_topology_samples": 1, "use_uamt": false, "ema_decay": 0.99, "consistency_weight": 0.1, "unlabeled_uris": ["local_data/PHercParis2Fr47/surface_volume.zarr"]}
2026-06-08 18:02:27	1.000000	nan	0.000000	0.000	0.000	0.0000	0.681626	0.57	1.904	7905.9	{"uri": null, "uris": ["local_data/PHercParis2Fr47/surface_volume.zarr"], "val_uri": "local_data/PHercParis2Fr143/surface_volume.zarr", "cache_dir": null, "use_ridges": true, "use_lasagna": false, "ridge_sigma": 2.0, "batch_size": 16, "patch_size": 64, "num_layers": 16, "lr": 5e-05, "weight_decay": 0.01, "time_budget": 900, "pinned": false, "loss_ink_bce": 0.6, "loss_ink_dice": 0.4, "loss_fiber_bce": 0.3, "loss_st": 0.1, "label_smoothing": 0.0, "aug_mode": "batchgeneratorsv2", "aug_flip_p": 0.5, "aug_brightness_p": 0.75, "aug_affine_p": 0.75, "aug_coarse_dropout_p": 0.5, "aug_elastic_p": 0.0, "aug_grid_p": 0.0, "aug_rotate_limit": 180, "aug_scale_limit": 0.15, "aug_scroll_decohesion_p": 0.25, "aug_scroll_warping_p": 0.0, "aug_scroll_squeeze_p": 0.25, "aug_scroll_z_dropout_p": 0.0, "aug_scroll_intensity_drift_p": 0.0, "aug_scroll_sheet_compression_p": 0.0, "aug_scroll_thick_slice_p": 0.0, "aug_scroll_rician_noise_p": 0.0, "aug_scroll_blank_rectangles_p": 0.0, "use_betti_loss": false, "betti_loss_weight": 0.1, "auxiliary_config": {"enabled": false, "task_types": ["surface_normals", "structure_tensor"], "weights": {"surface_normals": 0.05, "structure_tensor": 0.05}}, "target_fiber_source": "sobel_z", "target_fiber_sigma": 2.0, "multi_task_heads": false, "architecture": "gated_unet", "base_feat": 64, "num_blocks": 16, "num_heads": 8, "dropout": 0.0, "pseudo_label_dir": "local_data/pseudo_labels", "foundation_model_path": null, "enforce_prize_gates": false, "min_prize_centerline_dice": 0.01, "max_prize_skel_dist": 2.0, "max_prize_cc_diff": 64.0, "min_prize_topology_samples": 1, "use_uamt": false, "ema_decay": 0.99, "consistency_weight": 0.1, "unlabeled_uris": ["local_data/PHercParis2Fr47/surface_volume.zarr"]}
2026-06-08 18:17:57	1.000000	nan	0.000000	0.000	0.000	0.0000	0.468392	0.91	1.904	7905.9	{"uri": null, "uris": ["local_data/PHercParis2Fr47/surface_volume.zarr"], "val_uri": "local_data/PHercParis2Fr143/surface_volume.zarr", "cache_dir": null, "use_ridges": true, "use_lasagna": false, "ridge_sigma": 2.0, "batch_size": 16, "patch_size": 64, "num_layers": 16, "lr": 5e-05, "weight_decay": 0.01, "time_budget": 900, "pinned": false, "loss_ink_bce": 0.6, "loss_ink_dice": 0.2, "loss_fiber_bce": 0.3, "loss_st": 0.1, "label_smoothing": 0.0, "aug_mode": "batchgeneratorsv2", "aug_flip_p": 0.5, "aug_brightness_p": 0.75, "aug_affine_p": 0.75, "aug_coarse_dropout_p": 0.5, "aug_elastic_p": 0.0, "aug_grid_p": 0.0, "aug_rotate_limit": 180, "aug_scale_limit": 0.15, "aug_scroll_decohesion_p": 0.25, "aug_scroll_warping_p": 0.0, "aug_scroll_squeeze_p": 0.25, "aug_scroll_z_dropout_p": 0.0, "aug_scroll_intensity_drift_p": 0.5, "aug_scroll_sheet_compression_p": 0.0, "aug_scroll_thick_slice_p": 0.0, "aug_scroll_rician_noise_p": 0.0, "aug_scroll_blank_rectangles_p": 0.0, "use_betti_loss": false, "betti_loss_weight": 0.1, "auxiliary_config": {"enabled": false, "task_types": ["surface_normals", "structure_tensor"], "weights": {"surface_normals": 0.05, "structure_tensor": 0.05}}, "target_fiber_source": "sobel_z", "target_fiber_sigma": 2.0, "multi_task_heads": false, "architecture": "gated_unet", "base_feat": 64, "num_blocks": 16, "num_heads": 8, "dropout": 0.0, "pseudo_label_dir": "local_data/pseudo_labels", "foundation_model_path": null, "enforce_prize_gates": false, "min_prize_centerline_dice": 0.01, "max_prize_skel_dist": 2.0, "max_prize_cc_diff": 64.0, "min_prize_topology_samples": 1, "use_uamt": false, "ema_decay": 0.99, "consistency_weight": 0.1, "unlabeled_uris": ["local_data/PHercParis2Fr47/surface_volume.zarr"]}
2026-06-08 18:33:26	1.000000	nan	0.000000	0.000	0.000	0.0000	0.446145	1.12	1.904	7905.9	{"uri": null, "uris": ["local_data/PHercParis2Fr47/surface_volume.zarr"], "val_uri": "local_data/PHercParis2Fr143/surface_volume.zarr", "cache_dir": null, "use_ridges": true, "use_lasagna": false, "ridge_sigma": 2.0, "batch_size": 16, "patch_size": 64, "num_layers": 16, "lr": 5e-05, "weight_decay": 0.01, "time_budget": 900, "pinned": false, "loss_ink_bce": 0.6, "loss_ink_dice": 0.2, "loss_fiber_bce": 0.3, "loss_st": 0.1, "label_smoothing": 0.0, "aug_mode": "batchgeneratorsv2", "aug_flip_p": 0.5, "aug_brightness_p": 0.75, "aug_affine_p": 0.75, "aug_coarse_dropout_p": 0.5, "aug_elastic_p": 0.0, "aug_grid_p": 0.0, "aug_rotate_limit": 180, "aug_scale_limit": 0.15, "aug_scroll_decohesion_p": 0.25, "aug_scroll_warping_p": 0.0, "aug_scroll_squeeze_p": 0.25, "aug_scroll_z_dropout_p": 0.0, "aug_scroll_intensity_drift_p": 0.0, "aug_scroll_sheet_compression_p": 0.5, "aug_scroll_thick_slice_p": 0.0, "aug_scroll_rician_noise_p": 0.0, "aug_scroll_blank_rectangles_p": 0.0, "use_betti_loss": false, "betti_loss_weight": 0.1, "auxiliary_config": {"enabled": false, "task_types": ["surface_normals", "structure_tensor"], "weights": {"surface_normals": 0.05, "structure_tensor": 0.05}}, "target_fiber_source": "sobel_z", "target_fiber_sigma": 2.0, "multi_task_heads": false, "architecture": "gated_unet", "base_feat": 64, "num_blocks": 16, "num_heads": 8, "dropout": 0.0, "pseudo_label_dir": "local_data/pseudo_labels", "foundation_model_path": null, "enforce_prize_gates": false, "min_prize_centerline_dice": 0.01, "max_prize_skel_dist": 2.0, "max_prize_cc_diff": 64.0, "min_prize_topology_samples": 1, "use_uamt": false, "ema_decay": 0.99, "consistency_weight": 0.1, "unlabeled_uris": ["local_data/PHercParis2Fr47/surface_volume.zarr"]}
2026-06-08 18:48:54	1.000000	nan	0.000000	0.000	0.000	0.0000	0.458748	1.05	1.904	7905.9	{"uri": null, "uris": ["local_data/PHercParis2Fr47/surface_volume.zarr"], "val_uri": "local_data/PHercParis2Fr143/surface_volume.zarr", "cache_dir": null, "use_ridges": true, "use_lasagna": false, "ridge_sigma": 2.0, "batch_size": 16, "patch_size": 64, "num_layers": 16, "lr": 5e-05, "weight_decay": 0.01, "time_budget": 900, "pinned": false, "loss_ink_bce": 0.2, "loss_ink_dice": 0.2, "loss_fiber_bce": 0.3, "loss_st": 0.1, "label_smoothing": 0.0, "aug_mode": "batchgeneratorsv2", "aug_flip_p": 0.5, "aug_brightness_p": 0.75, "aug_affine_p": 0.75, "aug_coarse_dropout_p": 0.5, "aug_elastic_p": 0.0, "aug_grid_p": 0.0, "aug_rotate_limit": 180, "aug_scale_limit": 0.15, "aug_scroll_decohesion_p": 0.25, "aug_scroll_warping_p": 0.0, "aug_scroll_squeeze_p": 0.25, "aug_scroll_z_dropout_p": 0.0, "aug_scroll_intensity_drift_p": 0.0, "aug_scroll_sheet_compression_p": 0.0, "aug_scroll_thick_slice_p": 0.0, "aug_scroll_rician_noise_p": 0.0, "aug_scroll_blank_rectangles_p": 0.0, "use_betti_loss": false, "betti_loss_weight": 0.1, "auxiliary_config": {"enabled": false, "task_types": ["surface_normals", "structure_tensor"], "weights": {"surface_normals": 0.05, "structure_tensor": 0.05}}, "target_fiber_source": "sobel_z", "target_fiber_sigma": 2.0, "multi_task_heads": false, "architecture": "gated_unet", "base_feat": 64, "num_blocks": 16, "num_heads": 8, "dropout": 0.0, "pseudo_label_dir": "local_data/pseudo_labels", "foundation_model_path": null, "enforce_prize_gates": false, "min_prize_centerline_dice": 0.01, "max_prize_skel_dist": 2.0, "max_prize_cc_diff": 64.0, "min_prize_topology_samples": 1, "use_uamt": false, "ema_decay": 0.99, "consistency_weight": 0.1, "unlabeled_uris": ["local_data/PHercParis2Fr47/surface_volume.zarr"]}
2026-06-08 19:04:17	1.000000	nan	0.000000	0.000	0.000	0.0000	0.393586	1.07	1.904	7905.9	{"uri": null, "uris": ["local_data/PHercParis2Fr47/surface_volume.zarr"], "val_uri": "local_data/PHercParis2Fr143/surface_volume.zarr", "cache_dir": null, "use_ridges": true, "use_lasagna": false, "ridge_sigma": 2.0, "batch_size": 16, "patch_size": 64, "num_layers": 16, "lr": 5e-05, "weight_decay": 0.01, "time_budget": 900, "pinned": false, "loss_ink_bce": 0.6, "loss_ink_dice": 0.2, "loss_fiber_bce": 0.2, "loss_st": 0.1, "label_smoothing": 0.0, "aug_mode": "batchgeneratorsv2", "aug_flip_p": 0.5, "aug_brightness_p": 0.75, "aug_affine_p": 0.75, "aug_coarse_dropout_p": 0.5, "aug_elastic_p": 0.0, "aug_grid_p": 0.0, "aug_rotate_limit": 180, "aug_scale_limit": 0.15, "aug_scroll_decohesion_p": 0.25, "aug_scroll_warping_p": 0.0, "aug_scroll_squeeze_p": 0.25, "aug_scroll_z_dropout_p": 0.0, "aug_scroll_intensity_drift_p": 0.0, "aug_scroll_sheet_compression_p": 0.0, "aug_scroll_thick_slice_p": 0.0, "aug_scroll_rician_noise_p": 0.0, "aug_scroll_blank_rectangles_p": 0.0, "use_betti_loss": false, "betti_loss_weight": 0.1, "auxiliary_config": {"enabled": false, "task_types": ["surface_normals", "structure_tensor"], "weights": {"surface_normals": 0.05, "structure_tensor": 0.05}}, "target_fiber_source": "sobel_z", "target_fiber_sigma": 2.0, "multi_task_heads": false, "architecture": "gated_unet", "base_feat": 64, "num_blocks": 16, "num_heads": 8, "dropout": 0.0, "pseudo_label_dir": "local_data/pseudo_labels", "foundation_model_path": null, "enforce_prize_gates": false, "min_prize_centerline_dice": 0.01, "max_prize_skel_dist": 2.0, "max_prize_cc_diff": 64.0, "min_prize_topology_samples": 1, "use_uamt": false, "ema_decay": 0.99, "consistency_weight": 0.1, "unlabeled_uris": ["local_data/PHercParis2Fr47/surface_volume.zarr"]}
2026-06-09 08:44:53	1.000000	nan	0.000000	0.000	0.000	0.0000	0.454030	1.19	1.904	7905.9	{"uri": null, "uris": ["local_data/PHercParis2Fr47/surface_volume.zarr"], "val_uri": "local_data/PHercParis2Fr143/surface_volume.zarr", "cache_dir": null, "use_ridges": true, "use_lasagna": false, "ridge_sigma": 2.0, "batch_size": 16, "patch_size": 64, "num_layers": 16, "lr": 5e-05, "weight_decay": 0.01, "time_budget": 900, "pinned": false, "loss_ink_bce": 0.6, "loss_ink_dice": 0.2, "loss_fiber_bce": 0.3, "loss_st": 0.1, "label_smoothing": 0.0, "aug_mode": "batchgeneratorsv2", "aug_flip_p": 0.5, "aug_brightness_p": 0.75, "aug_affine_p": 0.75, "aug_coarse_dropout_p": 0.5, "aug_elastic_p": 0.0, "aug_grid_p": 0.0, "aug_rotate_limit": 180, "aug_scale_limit": 0.15, "aug_scroll_decohesion_p": 0.25, "aug_scroll_warping_p": 0.0, "aug_scroll_squeeze_p": 0.25, "aug_scroll_z_dropout_p": 0.0, "aug_scroll_intensity_drift_p": 0.0, "aug_scroll_sheet_compression_p": 0.0, "aug_scroll_thick_slice_p": 0.0, "aug_scroll_rician_noise_p": 0.0, "aug_scroll_blank_rectangles_p": 0.0, "use_betti_loss": false, "betti_loss_weight": 0.1, "auxiliary_config": {"enabled": false, "task_types": ["surface_normals", "structure_tensor"], "weights": {"surface_normals": 0.05, "structure_tensor": 0.05}}, "target_fiber_source": "sobel_z", "target_fiber_sigma": 2.0, "multi_task_heads": false, "architecture": "gated_unet", "base_feat": 64, "num_blocks": 16, "num_heads": 8, "dropout": 0.0, "pseudo_label_dir": "local_data/pseudo_labels", "foundation_model_path": null, "enforce_prize_gates": false, "min_prize_centerline_dice": 0.01, "max_prize_skel_dist": 2.0, "max_prize_cc_diff": 64.0, "min_prize_topology_samples": 1, "use_uamt": false, "ema_decay": 0.99, "consistency_weight": 0.1, "unlabeled_uris": ["local_data/PHercParis2Fr47/surface_volume.zarr"]}
2026-06-09 10:45:42	0.262675	23.318817	0.072192	0.000	0.000	0.0000	0.955024	0.83	1.904	7905.9	{"uri": null, "uris": ["local_data/PHercParis2Fr47/surface_volume.zarr"], "val_uri": "local_data/PHercParis2Fr143/surface_volume.zarr", "cache_dir": null, "use_ridges": true, "use_lasagna": false, "ridge_sigma": 2.0, "batch_size": 16, "patch_size": 64, "num_layers": 16, "lr": 5e-05, "weight_decay": 0.01, "time_budget": 900, "pinned": false, "loss_ink_bce": 0.6, "loss_ink_dice": 0.2, "loss_fiber_bce": 0.3, "loss_st": 0.1, "label_smoothing": 0.0, "aug_mode": "batchgeneratorsv2", "aug_flip_p": 0.5, "aug_brightness_p": 0.75, "aug_affine_p": 0.75, "aug_coarse_dropout_p": 0.5, "aug_elastic_p": 0.0, "aug_grid_p": 0.0, "aug_rotate_limit": 180, "aug_scale_limit": 0.15, "aug_scroll_decohesion_p": 0.25, "aug_scroll_warping_p": 0.25, "aug_scroll_squeeze_p": 0.25, "aug_scroll_z_dropout_p": 0.0, "aug_scroll_intensity_drift_p": 0.0, "aug_scroll_sheet_compression_p": 0.0, "aug_scroll_thick_slice_p": 0.0, "aug_scroll_rician_noise_p": 0.0, "aug_scroll_blank_rectangles_p": 0.0, "use_betti_loss": false, "betti_loss_weight": 0.1, "auxiliary_config": {"enabled": false, "task_types": ["surface_normals", "structure_tensor"], "weights": {"surface_normals": 0.05, "structure_tensor": 0.05}}, "target_fiber_source": "sobel_z", "target_fiber_sigma": 2.0, "multi_task_heads": false, "architecture": "gated_unet", "base_feat": 64, "num_blocks": 16, "num_heads": 8, "dropout": 0.0, "pseudo_label_dir": "local_data/pseudo_labels", "foundation_model_path": null, "enforce_prize_gates": false, "min_prize_centerline_dice": 0.01, "max_prize_skel_dist": 2.0, "max_prize_cc_diff": 64.0, "min_prize_topology_samples": 1, "use_uamt": false, "ema_decay": 0.99, "consistency_weight": 0.1, "unlabeled_uris": ["local_data/PHercParis2Fr47/surface_volume.zarr"]}
2026-06-09 11:02:02	0.262675	23.318817	0.072192	0.000	0.000	0.0000	0.879786	0.88	1.904	7873.5	{"uri": null, "uris": ["local_data/PHercParis2Fr47/surface_volume.zarr"], "val_uri": "local_data/PHercParis2Fr143/surface_volume.zarr", "cache_dir": null, "use_ridges": true, "use_lasagna": false, "ridge_sigma": 2.0, "batch_size": 16, "patch_size": 64, "num_layers": 16, "lr": 5e-05, "weight_decay": 0.01, "time_budget": 900, "pinned": false, "loss_ink_bce": 0.6, "loss_ink_dice": 0.2, "loss_fiber_bce": 0.3, "loss_st": 0.1, "label_smoothing": 0.0, "aug_mode": "batchgeneratorsv2", "aug_flip_p": 0.5, "aug_brightness_p": 0.75, "aug_affine_p": 0.75, "aug_coarse_dropout_p": 0.5, "aug_elastic_p": 0.0, "aug_grid_p": 0.0, "aug_rotate_limit": 180, "aug_scale_limit": 0.15, "aug_scroll_decohesion_p": 0.25, "aug_scroll_warping_p": 0.25, "aug_scroll_squeeze_p": 0.25, "aug_scroll_z_dropout_p": 0.0, "aug_scroll_intensity_drift_p": 0.5, "aug_scroll_sheet_compression_p": 0.0, "aug_scroll_thick_slice_p": 0.0, "aug_scroll_rician_noise_p": 0.0, "aug_scroll_blank_rectangles_p": 0.0, "use_betti_loss": false, "betti_loss_weight": 0.1, "auxiliary_config": {"enabled": false, "task_types": ["surface_normals", "structure_tensor"], "weights": {"surface_normals": 0.05, "structure_tensor": 0.05}}, "target_fiber_source": "sobel_z", "target_fiber_sigma": 2.0, "multi_task_heads": false, "architecture": "gated_unet", "base_feat": 64, "num_blocks": 16, "num_heads": 8, "dropout": 0.0, "pseudo_label_dir": "local_data/pseudo_labels", "foundation_model_path": null, "enforce_prize_gates": false, "min_prize_centerline_dice": 0.01, "max_prize_skel_dist": 2.0, "max_prize_cc_diff": 64.0, "min_prize_topology_samples": 1, "use_uamt": false, "ema_decay": 0.99, "consistency_weight": 0.1, "unlabeled_uris": ["local_data/PHercParis2Fr47/surface_volume.zarr"]}
2026-06-09 11:18:09	0.262675	23.318817	0.072192	0.000	0.000	0.0000	0.624091	1.01	1.904	7873.5	{"uri": null, "uris": ["local_data/PHercParis2Fr47/surface_volume.zarr"], "val_uri": "local_data/PHercParis2Fr143/surface_volume.zarr", "cache_dir": null, "use_ridges": true, "use_lasagna": false, "ridge_sigma": 2.0, "batch_size": 16, "patch_size": 64, "num_layers": 16, "lr": 5e-05, "weight_decay": 0.01, "time_budget": 900, "pinned": false, "loss_ink_bce": 0.6, "loss_ink_dice": 0.2, "loss_fiber_bce": 0.3, "loss_st": 0.1, "label_smoothing": 0.0, "aug_mode": "batchgeneratorsv2", "aug_flip_p": 0.5, "aug_brightness_p": 0.75, "aug_affine_p": 0.75, "aug_coarse_dropout_p": 0.5, "aug_elastic_p": 0.0, "aug_grid_p": 0.0, "aug_rotate_limit": 180, "aug_scale_limit": 0.15, "aug_scroll_decohesion_p": 0.25, "aug_scroll_warping_p": 0.25, "aug_scroll_squeeze_p": 0.25, "aug_scroll_z_dropout_p": 0.0, "aug_scroll_intensity_drift_p": 0.0, "aug_scroll_sheet_compression_p": 0.0, "aug_scroll_thick_slice_p": 0.0, "aug_scroll_rician_noise_p": 0.0, "aug_scroll_blank_rectangles_p": 0.25, "use_betti_loss": false, "betti_loss_weight": 0.1, "auxiliary_config": {"enabled": false, "task_types": ["surface_normals", "structure_tensor"], "weights": {"surface_normals": 0.05, "structure_tensor": 0.05}}, "target_fiber_source": "sobel_z", "target_fiber_sigma": 2.0, "multi_task_heads": false, "architecture": "gated_unet", "base_feat": 64, "num_blocks": 16, "num_heads": 8, "dropout": 0.0, "pseudo_label_dir": "local_data/pseudo_labels", "foundation_model_path": null, "enforce_prize_gates": false, "min_prize_centerline_dice": 0.01, "max_prize_skel_dist": 2.0, "max_prize_cc_diff": 64.0, "min_prize_topology_samples": 1, "use_uamt": false, "ema_decay": 0.99, "consistency_weight": 0.1, "unlabeled_uris": ["local_data/PHercParis2Fr47/surface_volume.zarr"]}
2026-06-09 11:33:52	0.274578	24.237943	0.104067	0.000	0.000	0.0000	0.870660	1.03	1.904	3965.5	{"uri": null, "uris": ["local_data/PHercParis2Fr47/surface_volume.zarr"], "val_uri": "local_data/PHercParis2Fr143/surface_volume.zarr", "cache_dir": null, "use_ridges": true, "use_lasagna": false, "ridge_sigma": 2.0, "batch_size": 8, "patch_size": 64, "num_layers": 16, "lr": 2.5e-05, "weight_decay": 0.01, "time_budget": 900, "pinned": false, "loss_ink_bce": 0.6, "loss_ink_dice": 0.2, "loss_fiber_bce": 0.3, "loss_st": 0.1, "label_smoothing": 0.0, "aug_mode": "batchgeneratorsv2", "aug_flip_p": 0.5, "aug_brightness_p": 0.75, "aug_affine_p": 0.75, "aug_coarse_dropout_p": 0.5, "aug_elastic_p": 0.0, "aug_grid_p": 0.0, "aug_rotate_limit": 180, "aug_scale_limit": 0.15, "aug_scroll_decohesion_p": 0.25, "aug_scroll_warping_p": 0.25, "aug_scroll_squeeze_p": 0.25, "aug_scroll_z_dropout_p": 0.0, "aug_scroll_intensity_drift_p": 0.0, "aug_scroll_sheet_compression_p": 0.0, "aug_scroll_thick_slice_p": 0.0, "aug_scroll_rician_noise_p": 0.0, "aug_scroll_blank_rectangles_p": 0.25, "use_betti_loss": false, "betti_loss_weight": 0.1, "auxiliary_config": {"enabled": false, "task_types": ["surface_normals", "structure_tensor"], "weights": {"surface_normals": 0.05, "structure_tensor": 0.05}}, "target_fiber_source": "sobel_z", "target_fiber_sigma": 2.0, "multi_task_heads": false, "architecture": "gated_unet", "base_feat": 64, "num_blocks": 16, "num_heads": 8, "dropout": 0.0, "pseudo_label_dir": "local_data/pseudo_labels", "foundation_model_path": null, "enforce_prize_gates": false, "min_prize_centerline_dice": 0.01, "max_prize_skel_dist": 2.0, "max_prize_cc_diff": 64.0, "min_prize_topology_samples": 1, "use_uamt": false, "ema_decay": 0.99, "consistency_weight": 0.1, "unlabeled_uris": ["local_data/PHercParis2Fr47/surface_volume.zarr"]}
2026-06-09 11:50:14	0.262675	23.318817	0.072192	0.000	0.000	0.0000	0.548900	1.08	1.904	7873.5	{"uri": null, "uris": ["local_data/PHercParis2Fr47/surface_volume.zarr"], "val_uri": "local_data/PHercParis2Fr143/surface_volume.zarr", "cache_dir": null, "use_ridges": true, "use_lasagna": false, "ridge_sigma": 2.0, "batch_size": 16, "patch_size": 64, "num_layers": 16, "lr": 5e-05, "weight_decay": 0.01, "time_budget": 900, "pinned": false, "loss_ink_bce": 0.6, "loss_ink_dice": 0.2, "loss_fiber_bce": 0.3, "loss_st": 0.1, "label_smoothing": 0.0, "aug_mode": "batchgeneratorsv2", "aug_flip_p": 0.5, "aug_brightness_p": 0.75, "aug_affine_p": 0.75, "aug_coarse_dropout_p": 0.5, "aug_elastic_p": 0.0, "aug_grid_p": 0.0, "aug_rotate_limit": 180, "aug_scale_limit": 0.15, "aug_scroll_decohesion_p": 0.25, "aug_scroll_warping_p": 0.25, "aug_scroll_squeeze_p": 0.25, "aug_scroll_z_dropout_p": 0.0, "aug_scroll_intensity_drift_p": 0.0, "aug_scroll_sheet_compression_p": 0.0, "aug_scroll_thick_slice_p": 0.0, "aug_scroll_rician_noise_p": 0.5, "aug_scroll_blank_rectangles_p": 0.25, "use_betti_loss": false, "betti_loss_weight": 0.1, "auxiliary_config": {"enabled": false, "task_types": ["surface_normals", "structure_tensor"], "weights": {"surface_normals": 0.05, "structure_tensor": 0.05}}, "target_fiber_source": "sobel_z", "target_fiber_sigma": 2.0, "multi_task_heads": false, "architecture": "gated_unet", "base_feat": 64, "num_blocks": 16, "num_heads": 8, "dropout": 0.0, "pseudo_label_dir": "local_data/pseudo_labels", "foundation_model_path": null, "enforce_prize_gates": false, "min_prize_centerline_dice": 0.01, "max_prize_skel_dist": 2.0, "max_prize_cc_diff": 64.0, "min_prize_topology_samples": 1, "use_uamt": false, "ema_decay": 0.99, "consistency_weight": 0.1, "unlabeled_uris": ["local_data/PHercParis2Fr47/surface_volume.zarr"]}
2026-06-09 12:06:33	0.262675	23.318817	0.072192	0.000	0.000	0.0000	0.782211	1.04	1.904	7873.4	{"uri": null, "uris": ["local_data/PHercParis2Fr47/surface_volume.zarr"], "val_uri": "local_data/PHercParis2Fr143/surface_volume.zarr", "cache_dir": null, "use_ridges": true, "use_lasagna": false, "ridge_sigma": 2.0, "batch_size": 16, "patch_size": 64, "num_layers": 16, "lr": 5e-05, "weight_decay": 0.01, "time_budget": 900, "pinned": false, "loss_ink_bce": 0.6, "loss_ink_dice": 0.2, "loss_fiber_bce": 0.3, "loss_st": 0.1, "label_smoothing": 0.0, "aug_mode": "batchgeneratorsv2", "aug_flip_p": 0.5, "aug_brightness_p": 0.75, "aug_affine_p": 0.75, "aug_coarse_dropout_p": 0.5, "aug_elastic_p": 0.0, "aug_grid_p": 0.0, "aug_rotate_limit": 180, "aug_scale_limit": 0.15, "aug_scroll_decohesion_p": 0.25, "aug_scroll_warping_p": 0.25, "aug_scroll_squeeze_p": 0.0, "aug_scroll_z_dropout_p": 0.0, "aug_scroll_intensity_drift_p": 0.0, "aug_scroll_sheet_compression_p": 0.0, "aug_scroll_thick_slice_p": 0.0, "aug_scroll_rician_noise_p": 0.0, "aug_scroll_blank_rectangles_p": 0.25, "use_betti_loss": false, "betti_loss_weight": 0.1, "auxiliary_config": {"enabled": false, "task_types": ["surface_normals", "structure_tensor"], "weights": {"surface_normals": 0.05, "structure_tensor": 0.05}}, "target_fiber_source": "sobel_z", "target_fiber_sigma": 2.0, "multi_task_heads": false, "architecture": "gated_unet", "base_feat": 64, "num_blocks": 16, "num_heads": 8, "dropout": 0.0, "pseudo_label_dir": "local_data/pseudo_labels", "foundation_model_path": null, "enforce_prize_gates": false, "min_prize_centerline_dice": 0.01, "max_prize_skel_dist": 2.0, "max_prize_cc_diff": 64.0, "min_prize_topology_samples": 1, "use_uamt": false, "ema_decay": 0.99, "consistency_weight": 0.1, "unlabeled_uris": ["local_data/PHercParis2Fr47/surface_volume.zarr"]}
2026-06-09 12:22:43	0.262675	23.318817	0.072192	0.000	0.000	0.0000	0.641913	1.10	1.904	7873.4	{"uri": null, "uris": ["local_data/PHercParis2Fr47/surface_volume.zarr"], "val_uri": "local_data/PHercParis2Fr143/surface_volume.zarr", "cache_dir": null, "use_ridges": true, "use_lasagna": false, "ridge_sigma": 1.0, "batch_size": 16, "patch_size": 64, "num_layers": 16, "lr": 5e-05, "weight_decay": 0.01, "time_budget": 900, "pinned": false, "loss_ink_bce": 0.6, "loss_ink_dice": 0.2, "loss_fiber_bce": 0.3, "loss_st": 0.1, "label_smoothing": 0.0, "aug_mode": "batchgeneratorsv2", "aug_flip_p": 0.5, "aug_brightness_p": 0.75, "aug_affine_p": 0.75, "aug_coarse_dropout_p": 0.5, "aug_elastic_p": 0.0, "aug_grid_p": 0.0, "aug_rotate_limit": 180, "aug_scale_limit": 0.15, "aug_scroll_decohesion_p": 0.25, "aug_scroll_warping_p": 0.25, "aug_scroll_squeeze_p": 0.25, "aug_scroll_z_dropout_p": 0.0, "aug_scroll_intensity_drift_p": 0.0, "aug_scroll_sheet_compression_p": 0.0, "aug_scroll_thick_slice_p": 0.0, "aug_scroll_rician_noise_p": 0.0, "aug_scroll_blank_rectangles_p": 0.25, "use_betti_loss": false, "betti_loss_weight": 0.1, "auxiliary_config": {"enabled": false, "task_types": ["surface_normals", "structure_tensor"], "weights": {"surface_normals": 0.05, "structure_tensor": 0.05}}, "target_fiber_source": "sobel_z", "target_fiber_sigma": 2.0, "multi_task_heads": false, "architecture": "gated_unet", "base_feat": 64, "num_blocks": 16, "num_heads": 8, "dropout": 0.0, "pseudo_label_dir": "local_data/pseudo_labels", "foundation_model_path": null, "enforce_prize_gates": false, "min_prize_centerline_dice": 0.01, "max_prize_skel_dist": 2.0, "max_prize_cc_diff": 64.0, "min_prize_topology_samples": 1, "use_uamt": false, "ema_decay": 0.99, "consistency_weight": 0.1, "unlabeled_uris": ["local_data/PHercParis2Fr47/surface_volume.zarr"]}
2026-06-09 12:39:03	0.262675	23.276115	0.108328	0.000	0.000	0.0000	0.788208	1.04	1.904	7873.5	{"uri": null, "uris": ["local_data/PHercParis2Fr47/surface_volume.zarr"], "val_uri": "local_data/PHercParis2Fr143/surface_volume.zarr", "cache_dir": null, "use_ridges": true, "use_lasagna": false, "ridge_sigma": 2.0, "batch_size": 16, "patch_size": 64, "num_layers": 16, "lr": 5e-05, "weight_decay": 0.01, "time_budget": 900, "pinned": false, "loss_ink_bce": 0.6, "loss_ink_dice": 0.2, "loss_fiber_bce": 0.3, "loss_st": 0.1, "label_smoothing": 0.0, "aug_mode": "batchgeneratorsv2", "aug_flip_p": 0.5, "aug_brightness_p": 0.75, "aug_affine_p": 0.75, "aug_coarse_dropout_p": 0.5, "aug_elastic_p": 0.0, "aug_grid_p": 0.0, "aug_rotate_limit": 180, "aug_scale_limit": 0.15, "aug_scroll_decohesion_p": 0.25, "aug_scroll_warping_p": 0.25, "aug_scroll_squeeze_p": 0.25, "aug_scroll_z_dropout_p": 0.5, "aug_scroll_intensity_drift_p": 0.0, "aug_scroll_sheet_compression_p": 0.0, "aug_scroll_thick_slice_p": 0.0, "aug_scroll_rician_noise_p": 0.0, "aug_scroll_blank_rectangles_p": 0.25, "use_betti_loss": false, "betti_loss_weight": 0.1, "auxiliary_config": {"enabled": false, "task_types": ["surface_normals", "structure_tensor"], "weights": {"surface_normals": 0.05, "structure_tensor": 0.05}}, "target_fiber_source": "sobel_z", "target_fiber_sigma": 2.0, "multi_task_heads": false, "architecture": "gated_unet", "base_feat": 64, "num_blocks": 16, "num_heads": 8, "dropout": 0.0, "pseudo_label_dir": "local_data/pseudo_labels", "foundation_model_path": null, "enforce_prize_gates": false, "min_prize_centerline_dice": 0.01, "max_prize_skel_dist": 2.0, "max_prize_cc_diff": 64.0, "min_prize_topology_samples": 1, "use_uamt": false, "ema_decay": 0.99, "consistency_weight": 0.1, "unlabeled_uris": ["local_data/PHercParis2Fr47/surface_volume.zarr"]}
2026-06-09 12:55:16	0.262675	23.318817	0.072192	0.000	0.000	0.0000	0.796182	0.97	1.904	7873.5	{"uri": null, "uris": ["local_data/PHercParis2Fr47/surface_volume.zarr"], "val_uri": "local_data/PHercParis2Fr143/surface_volume.zarr", "cache_dir": null, "use_ridges": true, "use_lasagna": false, "ridge_sigma": 2.0, "batch_size": 16, "patch_size": 64, "num_layers": 16, "lr": 5e-05, "weight_decay": 0.01, "time_budget": 900, "pinned": false, "loss_ink_bce": 0.6, "loss_ink_dice": 0.2, "loss_fiber_bce": 0.3, "loss_st": 0.1, "label_smoothing": 0.0, "aug_mode": "batchgeneratorsv2", "aug_flip_p": 0.5, "aug_brightness_p": 0.75, "aug_affine_p": 0.75, "aug_coarse_dropout_p": 0.5, "aug_elastic_p": 0.0, "aug_grid_p": 0.0, "aug_rotate_limit": 180, "aug_scale_limit": 0.15, "aug_scroll_decohesion_p": 0.25, "aug_scroll_warping_p": 0.25, "aug_scroll_squeeze_p": 0.25, "aug_scroll_z_dropout_p": 0.25, "aug_scroll_intensity_drift_p": 0.0, "aug_scroll_sheet_compression_p": 0.0, "aug_scroll_thick_slice_p": 0.0, "aug_scroll_rician_noise_p": 0.0, "aug_scroll_blank_rectangles_p": 0.25, "use_betti_loss": false, "betti_loss_weight": 0.1, "auxiliary_config": {"enabled": false, "task_types": ["surface_normals", "structure_tensor"], "weights": {"surface_normals": 0.05, "structure_tensor": 0.05}}, "target_fiber_source": "sobel_z", "target_fiber_sigma": 2.0, "multi_task_heads": false, "architecture": "gated_unet", "base_feat": 64, "num_blocks": 16, "num_heads": 8, "dropout": 0.0, "pseudo_label_dir": "local_data/pseudo_labels", "foundation_model_path": null, "enforce_prize_gates": false, "min_prize_centerline_dice": 0.01, "max_prize_skel_dist": 2.0, "max_prize_cc_diff": 64.0, "min_prize_topology_samples": 1, "use_uamt": false, "ema_decay": 0.99, "consistency_weight": 0.1, "unlabeled_uris": ["local_data/PHercParis2Fr47/surface_volume.zarr"]}
2026-06-09 16:48:05	0.262659	24.747442	0.074631	0.000	0.000	0.0000	0.641875	1.05	10.223	16048.4	{"uri": null, "uris": ["local_data/PHercParis2Fr47/surface_volume.zarr"], "val_uri": "local_data/PHercParis2Fr143/surface_volume.zarr", "cache_dir": null, "use_ridges": true, "use_lasagna": false, "ridge_sigma": 2.0, "batch_size": 16, "patch_size": 64, "num_layers": 16, "lr": 5e-05, "weight_decay": 0.01, "time_budget": 900, "pinned": false, "loss_ink_bce": 0.6, "loss_ink_dice": 0.2, "loss_fiber_bce": 0.3, "loss_st": 0.1, "label_smoothing": 0.0, "aug_mode": "batchgeneratorsv2", "aug_flip_p": 0.5, "aug_brightness_p": 0.75, "aug_affine_p": 0.75, "aug_coarse_dropout_p": 0.5, "aug_elastic_p": 0.0, "aug_grid_p": 0.0, "aug_rotate_limit": 180, "aug_scale_limit": 0.15, "aug_scroll_decohesion_p": 0.25, "aug_scroll_warping_p": 0.0, "aug_scroll_squeeze_p": 0.25, "aug_scroll_z_dropout_p": 0.0, "aug_scroll_intensity_drift_p": 0.0, "aug_scroll_sheet_compression_p": 0.0, "aug_scroll_thick_slice_p": 0.0, "aug_scroll_rician_noise_p": 0.0, "aug_scroll_blank_rectangles_p": 0.0, "use_betti_loss": false, "betti_loss_weight": 0.1, "auxiliary_config": {"enabled": false, "task_types": ["surface_normals", "structure_tensor"], "weights": {"surface_normals": 0.05, "structure_tensor": 0.05}}, "target_fiber_source": "frangi", "target_fiber_sigma": 2.0, "multi_task_heads": false, "architecture": "resenc_unet", "base_feat": 64, "num_blocks": 16, "num_heads": 8, "dropout": 0.0, "pseudo_label_dir": "local_data/pseudo_labels", "foundation_model_path": null, "enforce_prize_gates": false, "min_prize_centerline_dice": 0.01, "max_prize_skel_dist": 2.0, "max_prize_cc_diff": 64.0, "min_prize_topology_samples": 1, "use_uamt": false, "ema_decay": 0.99, "consistency_weight": 0.1, "unlabeled_uris": ["local_data/PHercParis2Fr47/surface_volume.zarr"]}
2026-06-09 17:04:16	0.262667	23.318817	0.072192	0.000	0.000	0.0000	0.515656	1.06	10.223	16048.4	{"uri": null, "uris": ["local_data/PHercParis2Fr47/surface_volume.zarr"], "val_uri": "local_data/PHercParis2Fr143/surface_volume.zarr", "cache_dir": null, "use_ridges": true, "use_lasagna": false, "ridge_sigma": 2.0, "batch_size": 16, "patch_size": 64, "num_layers": 16, "lr": 5e-05, "weight_decay": 0.01, "time_budget": 900, "pinned": false, "loss_ink_bce": 0.6, "loss_ink_dice": 0.2, "loss_fiber_bce": 0.3, "loss_st": 0.1, "label_smoothing": 0.0, "aug_mode": "batchgeneratorsv2", "aug_flip_p": 0.5, "aug_brightness_p": 0.75, "aug_affine_p": 0.75, "aug_coarse_dropout_p": 0.5, "aug_elastic_p": 0.0, "aug_grid_p": 0.0, "aug_rotate_limit": 180, "aug_scale_limit": 0.15, "aug_scroll_decohesion_p": 0.25, "aug_scroll_warping_p": 0.5, "aug_scroll_squeeze_p": 0.25, "aug_scroll_z_dropout_p": 0.0, "aug_scroll_intensity_drift_p": 0.0, "aug_scroll_sheet_compression_p": 0.0, "aug_scroll_thick_slice_p": 0.0, "aug_scroll_rician_noise_p": 0.0, "aug_scroll_blank_rectangles_p": 0.0, "use_betti_loss": false, "betti_loss_weight": 0.1, "auxiliary_config": {"enabled": false, "task_types": ["surface_normals", "structure_tensor"], "weights": {"surface_normals": 0.05, "structure_tensor": 0.05}}, "target_fiber_source": "frangi", "target_fiber_sigma": 2.0, "multi_task_heads": false, "architecture": "resenc_unet", "base_feat": 64, "num_blocks": 16, "num_heads": 8, "dropout": 0.0, "pseudo_label_dir": "local_data/pseudo_labels", "foundation_model_path": null, "enforce_prize_gates": false, "min_prize_centerline_dice": 0.01, "max_prize_skel_dist": 2.0, "max_prize_cc_diff": 64.0, "min_prize_topology_samples": 1, "use_uamt": false, "ema_decay": 0.99, "consistency_weight": 0.1, "unlabeled_uris": ["local_data/PHercParis2Fr47/surface_volume.zarr"]}
2026-06-09 17:20:24	0.262564	24.747442	0.073438	0.000	0.000	0.0000	0.505729	1.06	10.223	16048.4	{"uri": null, "uris": ["local_data/PHercParis2Fr47/surface_volume.zarr"], "val_uri": "local_data/PHercParis2Fr143/surface_volume.zarr", "cache_dir": null, "use_ridges": true, "use_lasagna": false, "ridge_sigma": 2.0, "batch_size": 16, "patch_size": 64, "num_layers": 16, "lr": 5e-05, "weight_decay": 0.01, "time_budget": 900, "pinned": false, "loss_ink_bce": 0.6, "loss_ink_dice": 0.2, "loss_fiber_bce": 0.3, "loss_st": 0.1, "label_smoothing": 0.0, "aug_mode": "batchgeneratorsv2", "aug_flip_p": 0.5, "aug_brightness_p": 0.75, "aug_affine_p": 0.75, "aug_coarse_dropout_p": 0.5, "aug_elastic_p": 0.0, "aug_grid_p": 0.0, "aug_rotate_limit": 180, "aug_scale_limit": 0.15, "aug_scroll_decohesion_p": 0.25, "aug_scroll_warping_p": 0.0, "aug_scroll_squeeze_p": 0.25, "aug_scroll_z_dropout_p": 0.0, "aug_scroll_intensity_drift_p": 0.0, "aug_scroll_sheet_compression_p": 0.0, "aug_scroll_thick_slice_p": 0.0, "aug_scroll_rician_noise_p": 0.0, "aug_scroll_blank_rectangles_p": 0.5, "use_betti_loss": false, "betti_loss_weight": 0.1, "auxiliary_config": {"enabled": false, "task_types": ["surface_normals", "structure_tensor"], "weights": {"surface_normals": 0.05, "structure_tensor": 0.05}}, "target_fiber_source": "frangi", "target_fiber_sigma": 2.0, "multi_task_heads": false, "architecture": "resenc_unet", "base_feat": 64, "num_blocks": 16, "num_heads": 8, "dropout": 0.0, "pseudo_label_dir": "local_data/pseudo_labels", "foundation_model_path": null, "enforce_prize_gates": false, "min_prize_centerline_dice": 0.01, "max_prize_skel_dist": 2.0, "max_prize_cc_diff": 64.0, "min_prize_topology_samples": 1, "use_uamt": false, "ema_decay": 0.99, "consistency_weight": 0.1, "unlabeled_uris": ["local_data/PHercParis2Fr47/surface_volume.zarr"]}
2026-06-09 17:36:34	0.262647	24.747442	0.074610	0.000	0.000	0.0000	0.538521	1.05	10.223	16048.4	{"uri": null, "uris": ["local_data/PHercParis2Fr47/surface_volume.zarr"], "val_uri": "local_data/PHercParis2Fr143/surface_volume.zarr", "cache_dir": null, "use_ridges": true, "use_lasagna": false, "ridge_sigma": 2.0, "batch_size": 16, "patch_size": 64, "num_layers": 16, "lr": 5e-05, "weight_decay": 0.01, "time_budget": 900, "pinned": false, "loss_ink_bce": 0.6, "loss_ink_dice": 0.2, "loss_fiber_bce": 0.3, "loss_st": 0.1, "label_smoothing": 0.0, "aug_mode": "batchgeneratorsv2", "aug_flip_p": 0.5, "aug_brightness_p": 0.75, "aug_affine_p": 0.75, "aug_coarse_dropout_p": 0.5, "aug_elastic_p": 0.0, "aug_grid_p": 0.0, "aug_rotate_limit": 180, "aug_scale_limit": 0.15, "aug_scroll_decohesion_p": 0.25, "aug_scroll_warping_p": 0.0, "aug_scroll_squeeze_p": 0.25, "aug_scroll_z_dropout_p": 0.0, "aug_scroll_intensity_drift_p": 0.0, "aug_scroll_sheet_compression_p": 0.0, "aug_scroll_thick_slice_p": 0.0, "aug_scroll_rician_noise_p": 0.0, "aug_scroll_blank_rectangles_p": 0.5, "use_betti_loss": false, "betti_loss_weight": 0.1, "auxiliary_config": {"enabled": false, "task_types": ["surface_normals", "structure_tensor"], "weights": {"surface_normals": 0.05, "structure_tensor": 0.05}}, "target_fiber_source": "frangi", "target_fiber_sigma": 2.0, "multi_task_heads": false, "architecture": "resenc_unet", "base_feat": 64, "num_blocks": 16, "num_heads": 8, "dropout": 0.1, "pseudo_label_dir": "local_data/pseudo_labels", "foundation_model_path": null, "enforce_prize_gates": false, "min_prize_centerline_dice": 0.01, "max_prize_skel_dist": 2.0, "max_prize_cc_diff": 64.0, "min_prize_topology_samples": 1, "use_uamt": false, "ema_decay": 0.99, "consistency_weight": 0.1, "unlabeled_uris": ["local_data/PHercParis2Fr47/surface_volume.zarr"]}
2026-06-09 17:52:42	0.262675	23.318817	0.072192	0.000	0.000	0.0000	0.444996	1.07	10.223	16048.4	{"uri": null, "uris": ["local_data/PHercParis2Fr47/surface_volume.zarr"], "val_uri": "local_data/PHercParis2Fr143/surface_volume.zarr", "cache_dir": null, "use_ridges": true, "use_lasagna": false, "ridge_sigma": 2.0, "batch_size": 16, "patch_size": 64, "num_layers": 16, "lr": 5e-05, "weight_decay": 0.01, "time_budget": 900, "pinned": false, "loss_ink_bce": 0.6, "loss_ink_dice": 0.2, "loss_fiber_bce": 0.3, "loss_st": 0.1, "label_smoothing": 0.0, "aug_mode": "batchgeneratorsv2", "aug_flip_p": 0.5, "aug_brightness_p": 0.75, "aug_affine_p": 0.75, "aug_coarse_dropout_p": 0.5, "aug_elastic_p": 0.0, "aug_grid_p": 0.0, "aug_rotate_limit": 180, "aug_scale_limit": 0.15, "aug_scroll_decohesion_p": 0.25, "aug_scroll_warping_p": 0.0, "aug_scroll_squeeze_p": 0.25, "aug_scroll_z_dropout_p": 0.0, "aug_scroll_intensity_drift_p": 0.5, "aug_scroll_sheet_compression_p": 0.0, "aug_scroll_thick_slice_p": 0.0, "aug_scroll_rician_noise_p": 0.0, "aug_scroll_blank_rectangles_p": 0.5, "use_betti_loss": false, "betti_loss_weight": 0.1, "auxiliary_config": {"enabled": false, "task_types": ["surface_normals", "structure_tensor"], "weights": {"surface_normals": 0.05, "structure_tensor": 0.05}}, "target_fiber_source": "frangi", "target_fiber_sigma": 2.0, "multi_task_heads": false, "architecture": "resenc_unet", "base_feat": 64, "num_blocks": 16, "num_heads": 8, "dropout": 0.0, "pseudo_label_dir": "local_data/pseudo_labels", "foundation_model_path": null, "enforce_prize_gates": false, "min_prize_centerline_dice": 0.01, "max_prize_skel_dist": 2.0, "max_prize_cc_diff": 64.0, "min_prize_topology_samples": 1, "use_uamt": false, "ema_decay": 0.99, "consistency_weight": 0.1, "unlabeled_uris": ["local_data/PHercParis2Fr47/surface_volume.zarr"]}
2026-06-09 18:08:53	0.262617	25.055546	0.072754	0.000	0.000	0.0000	0.642991	1.05	10.223	16048.4	{"uri": null, "uris": ["local_data/PHercParis2Fr47/surface_volume.zarr"], "val_uri": "local_data/PHercParis2Fr143/surface_volume.zarr", "cache_dir": null, "use_ridges": true, "use_lasagna": false, "ridge_sigma": 2.0, "batch_size": 16, "patch_size": 64, "num_layers": 16, "lr": 5e-05, "weight_decay": 0.01, "time_budget": 900, "pinned": false, "loss_ink_bce": 0.6, "loss_ink_dice": 0.2, "loss_fiber_bce": 0.3, "loss_st": 0.1, "label_smoothing": 0.0, "aug_mode": "batchgeneratorsv2", "aug_flip_p": 0.5, "aug_brightness_p": 0.75, "aug_affine_p": 0.75, "aug_coarse_dropout_p": 0.5, "aug_elastic_p": 0.0, "aug_grid_p": 0.0, "aug_rotate_limit": 180, "aug_scale_limit": 0.15, "aug_scroll_decohesion_p": 0.25, "aug_scroll_warping_p": 0.0, "aug_scroll_squeeze_p": 0.25, "aug_scroll_z_dropout_p": 0.0, "aug_scroll_intensity_drift_p": 0.0, "aug_scroll_sheet_compression_p": 0.0, "aug_scroll_thick_slice_p": 0.5, "aug_scroll_rician_noise_p": 0.0, "aug_scroll_blank_rectangles_p": 0.5, "use_betti_loss": false, "betti_loss_weight": 0.1, "auxiliary_config": {"enabled": false, "task_types": ["surface_normals", "structure_tensor"], "weights": {"surface_normals": 0.05, "structure_tensor": 0.05}}, "target_fiber_source": "frangi", "target_fiber_sigma": 2.0, "multi_task_heads": false, "architecture": "resenc_unet", "base_feat": 64, "num_blocks": 16, "num_heads": 8, "dropout": 0.0, "pseudo_label_dir": "local_data/pseudo_labels", "foundation_model_path": null, "enforce_prize_gates": false, "min_prize_centerline_dice": 0.01, "max_prize_skel_dist": 2.0, "max_prize_cc_diff": 64.0, "min_prize_topology_samples": 1, "use_uamt": false, "ema_decay": 0.99, "consistency_weight": 0.1, "unlabeled_uris": ["local_data/PHercParis2Fr47/surface_volume.zarr"]}
2026-06-09 18:25:01	0.262675	23.318817	0.072192	0.000	0.000	0.0000	0.437085	1.25	10.223	16048.9	{"uri": null, "uris": ["local_data/PHercParis2Fr47/surface_volume.zarr"], "val_uri": "local_data/PHercParis2Fr143/surface_volume.zarr", "cache_dir": null, "use_ridges": true, "use_lasagna": false, "ridge_sigma": 2.0, "batch_size": 16, "patch_size": 64, "num_layers": 16, "lr": 5e-05, "weight_decay": 0.01, "time_budget": 900, "pinned": false, "loss_ink_bce": 0.6, "loss_ink_dice": 0.2, "loss_fiber_bce": 0.3, "loss_st": 0.1, "label_smoothing": 0.0, "aug_mode": "batchgeneratorsv2", "aug_flip_p": 0.5, "aug_brightness_p": 0.75, "aug_affine_p": 0.75, "aug_coarse_dropout_p": 0.5, "aug_elastic_p": 0.0, "aug_grid_p": 0.0, "aug_rotate_limit": 180, "aug_scale_limit": 0.15, "aug_scroll_decohesion_p": 0.25, "aug_scroll_warping_p": 0.0, "aug_scroll_squeeze_p": 0.25, "aug_scroll_z_dropout_p": 0.0, "aug_scroll_intensity_drift_p": 0.0, "aug_scroll_sheet_compression_p": 0.25, "aug_scroll_thick_slice_p": 0.0, "aug_scroll_rician_noise_p": 0.0, "aug_scroll_blank_rectangles_p": 0.5, "use_betti_loss": false, "betti_loss_weight": 0.1, "auxiliary_config": {"enabled": false, "task_types": ["surface_normals", "structure_tensor"], "weights": {"surface_normals": 0.05, "structure_tensor": 0.05}}, "target_fiber_source": "frangi", "target_fiber_sigma": 2.0, "multi_task_heads": false, "architecture": "resenc_unet", "base_feat": 64, "num_blocks": 16, "num_heads": 8, "dropout": 0.0, "pseudo_label_dir": "local_data/pseudo_labels", "foundation_model_path": null, "enforce_prize_gates": false, "min_prize_centerline_dice": 0.01, "max_prize_skel_dist": 2.0, "max_prize_cc_diff": 64.0, "min_prize_topology_samples": 1, "use_uamt": false, "ema_decay": 0.99, "consistency_weight": 0.1, "unlabeled_uris": ["local_data/PHercParis2Fr47/surface_volume.zarr"]}
2026-06-09 18:41:09	0.262643	23.318817	0.072192	0.000	0.000	0.0000	0.569608	1.05	10.223	16048.4	{"uri": null, "uris": ["local_data/PHercParis2Fr47/surface_volume.zarr"], "val_uri": "local_data/PHercParis2Fr143/surface_volume.zarr", "cache_dir": null, "use_ridges": true, "use_lasagna": false, "ridge_sigma": 2.0, "batch_size": 16, "patch_size": 64, "num_layers": 16, "lr": 5e-05, "weight_decay": 0.01, "time_budget": 900, "pinned": false, "loss_ink_bce": 0.6, "loss_ink_dice": 0.2, "loss_fiber_bce": 0.3, "loss_st": 0.1, "label_smoothing": 0.0, "aug_mode": "batchgeneratorsv2", "aug_flip_p": 0.5, "aug_brightness_p": 0.75, "aug_affine_p": 0.75, "aug_coarse_dropout_p": 0.5, "aug_elastic_p": 0.0, "aug_grid_p": 0.0, "aug_rotate_limit": 180, "aug_scale_limit": 0.15, "aug_scroll_decohesion_p": 0.25, "aug_scroll_warping_p": 0.0, "aug_scroll_squeeze_p": 0.5, "aug_scroll_z_dropout_p": 0.0, "aug_scroll_intensity_drift_p": 0.0, "aug_scroll_sheet_compression_p": 0.0, "aug_scroll_thick_slice_p": 0.0, "aug_scroll_rician_noise_p": 0.0, "aug_scroll_blank_rectangles_p": 0.5, "use_betti_loss": false, "betti_loss_weight": 0.1, "auxiliary_config": {"enabled": false, "task_types": ["surface_normals", "structure_tensor"], "weights": {"surface_normals": 0.05, "structure_tensor": 0.05}}, "target_fiber_source": "frangi", "target_fiber_sigma": 2.0, "multi_task_heads": false, "architecture": "resenc_unet", "base_feat": 64, "num_blocks": 16, "num_heads": 8, "dropout": 0.0, "pseudo_label_dir": "local_data/pseudo_labels", "foundation_model_path": null, "enforce_prize_gates": false, "min_prize_centerline_dice": 0.01, "max_prize_skel_dist": 2.0, "max_prize_cc_diff": 64.0, "min_prize_topology_samples": 1, "use_uamt": false, "ema_decay": 0.99, "consistency_weight": 0.1, "unlabeled_uris": ["local_data/PHercParis2Fr47/surface_volume.zarr"]}
2026-06-09 18:57:17	0.262572	24.584487	0.114198	0.000	0.000	0.0000	0.615349	1.05	10.223	16047.5	{"uri": null, "uris": ["local_data/PHercParis2Fr47/surface_volume.zarr"], "val_uri": "local_data/PHercParis2Fr143/surface_volume.zarr", "cache_dir": null, "use_ridges": true, "use_lasagna": false, "ridge_sigma": 2.0, "batch_size": 16, "patch_size": 64, "num_layers": 16, "lr": 1e-05, "weight_decay": 0.01, "time_budget": 900, "pinned": false, "loss_ink_bce": 0.6, "loss_ink_dice": 0.2, "loss_fiber_bce": 0.3, "loss_st": 0.1, "label_smoothing": 0.0, "aug_mode": "batchgeneratorsv2", "aug_flip_p": 0.5, "aug_brightness_p": 0.75, "aug_affine_p": 0.75, "aug_coarse_dropout_p": 0.5, "aug_elastic_p": 0.0, "aug_grid_p": 0.0, "aug_rotate_limit": 180, "aug_scale_limit": 0.15, "aug_scroll_decohesion_p": 0.25, "aug_scroll_warping_p": 0.0, "aug_scroll_squeeze_p": 0.25, "aug_scroll_z_dropout_p": 0.0, "aug_scroll_intensity_drift_p": 0.0, "aug_scroll_sheet_compression_p": 0.0, "aug_scroll_thick_slice_p": 0.0, "aug_scroll_rician_noise_p": 0.0, "aug_scroll_blank_rectangles_p": 0.5, "use_betti_loss": false, "betti_loss_weight": 0.1, "auxiliary_config": {"enabled": false, "task_types": ["surface_normals", "structure_tensor"], "weights": {"surface_normals": 0.05, "structure_tensor": 0.05}}, "target_fiber_source": "frangi", "target_fiber_sigma": 2.0, "multi_task_heads": false, "architecture": "resenc_unet", "base_feat": 64, "num_blocks": 16, "num_heads": 8, "dropout": 0.0, "pseudo_label_dir": "local_data/pseudo_labels", "foundation_model_path": null, "enforce_prize_gates": false, "min_prize_centerline_dice": 0.01, "max_prize_skel_dist": 2.0, "max_prize_cc_diff": 64.0, "min_prize_topology_samples": 1, "use_uamt": false, "ema_decay": 0.99, "consistency_weight": 0.1, "unlabeled_uris": ["local_data/PHercParis2Fr47/surface_volume.zarr"]}
2026-06-09 19:13:25	0.262738	24.421112	0.098845	0.000	0.000	0.0000	0.589325	1.05	10.223	16048.4	{"uri": null, "uris": ["local_data/PHercParis2Fr47/surface_volume.zarr"], "val_uri": "local_data/PHercParis2Fr143/surface_volume.zarr", "cache_dir": null, "use_ridges": true, "use_lasagna": false, "ridge_sigma": 2.0, "batch_size": 16, "patch_size": 64, "num_layers": 16, "lr": 5e-05, "weight_decay": 0.01, "time_budget": 900, "pinned": false, "loss_ink_bce": 0.6, "loss_ink_dice": 0.2, "loss_fiber_bce": 0.3, "loss_st": 0.1, "label_smoothing": 0.0, "aug_mode": "batchgeneratorsv2", "aug_flip_p": 0.5, "aug_brightness_p": 0.75, "aug_affine_p": 0.75, "aug_coarse_dropout_p": 0.5, "aug_elastic_p": 0.0, "aug_grid_p": 0.0, "aug_rotate_limit": 180, "aug_scale_limit": 0.15, "aug_scroll_decohesion_p": 0.0, "aug_scroll_warping_p": 0.0, "aug_scroll_squeeze_p": 0.25, "aug_scroll_z_dropout_p": 0.0, "aug_scroll_intensity_drift_p": 0.0, "aug_scroll_sheet_compression_p": 0.0, "aug_scroll_thick_slice_p": 0.0, "aug_scroll_rician_noise_p": 0.0, "aug_scroll_blank_rectangles_p": 0.5, "use_betti_loss": false, "betti_loss_weight": 0.1, "auxiliary_config": {"enabled": false, "task_types": ["surface_normals", "structure_tensor"], "weights": {"surface_normals": 0.05, "structure_tensor": 0.05}}, "target_fiber_source": "frangi", "target_fiber_sigma": 2.0, "multi_task_heads": false, "architecture": "resenc_unet", "base_feat": 64, "num_blocks": 16, "num_heads": 8, "dropout": 0.0, "pseudo_label_dir": "local_data/pseudo_labels", "foundation_model_path": null, "enforce_prize_gates": false, "min_prize_centerline_dice": 0.01, "max_prize_skel_dist": 2.0, "max_prize_cc_diff": 64.0, "min_prize_topology_samples": 1, "use_uamt": false, "ema_decay": 0.99, "consistency_weight": 0.1, "unlabeled_uris": ["local_data/PHercParis2Fr47/surface_volume.zarr"]}
2026-06-09 23:29:01	0.262675	23.318817	0.072192	0.000	0.000	0.0000	0.793292	0.88	10.223	16048.4	{"uri": null, "uris": ["local_data/PHercParis2Fr47/surface_volume.zarr"], "val_uri": "local_data/PHercParis2Fr143/surface_volume.zarr", "cache_dir": null, "use_ridges": true, "use_lasagna": true, "ridge_sigma": 2.0, "batch_size": 16, "patch_size": 64, "num_layers": 16, "lr": 5e-05, "weight_decay": 0.01, "time_budget": 3600, "pinned": false, "loss_ink_bce": 0.6, "loss_ink_dice": 0.2, "loss_fiber_bce": 0.3, "loss_st": 0.1, "label_smoothing": 0.0, "aug_mode": "batchgeneratorsv2", "aug_flip_p": 0.5, "aug_brightness_p": 0.75, "aug_affine_p": 0.75, "aug_coarse_dropout_p": 0.5, "aug_elastic_p": 0.0, "aug_grid_p": 0.0, "aug_rotate_limit": 180, "aug_scale_limit": 0.15, "aug_scroll_decohesion_p": 0.25, "aug_scroll_warping_p": 0.0, "aug_scroll_squeeze_p": 0.25, "aug_scroll_z_dropout_p": 0.0, "aug_scroll_intensity_drift_p": 0.0, "aug_scroll_sheet_compression_p": 0.0, "aug_scroll_thick_slice_p": 0.0, "aug_scroll_rician_noise_p": 0.0, "aug_scroll_blank_rectangles_p": 0.5, "use_betti_loss": false, "betti_loss_weight": 0.1, "auxiliary_config": {"enabled": false, "task_types": ["surface_normals", "structure_tensor"], "weights": {"surface_normals": 0.05, "structure_tensor": 0.05}}, "target_fiber_source": "frangi", "target_fiber_sigma": 2.0, "multi_task_heads": false, "architecture": "resenc_unet", "base_feat": 64, "num_blocks": 16, "num_heads": 8, "dropout": 0.0, "pseudo_label_dir": "local_data/pseudo_labels", "foundation_model_path": null, "enforce_prize_gates": false, "min_prize_centerline_dice": 0.01, "max_prize_skel_dist": 2.0, "max_prize_cc_diff": 64.0, "min_prize_topology_samples": 1, "use_uamt": false, "ema_decay": 0.99, "consistency_weight": 0.1, "unlabeled_uris": ["local_data/PHercParis2Fr47/surface_volume.zarr"]}
2026-06-10 00:30:17	0.262675	23.318817	0.072192	0.000	0.000	0.0000	0.438610	0.96	10.223	16047.0	{"uri": null, "uris": ["local_data/PHercParis2Fr47/surface_volume.zarr"], "val_uri": "local_data/PHercParis2Fr143/surface_volume.zarr", "cache_dir": null, "use_ridges": true, "use_lasagna": false, "ridge_sigma": 2.0, "batch_size": 16, "patch_size": 64, "num_layers": 16, "lr": 5e-05, "weight_decay": 0.01, "time_budget": 3600, "pinned": false, "loss_ink_bce": 0.6, "loss_ink_dice": 0.2, "loss_fiber_bce": 0.3, "loss_st": 0.1, "label_smoothing": 0.0, "aug_mode": "batchgeneratorsv2", "aug_flip_p": 0.5, "aug_brightness_p": 0.75, "aug_affine_p": 0.75, "aug_coarse_dropout_p": 0.5, "aug_elastic_p": 0.0, "aug_grid_p": 0.0, "aug_rotate_limit": 180, "aug_scale_limit": 0.15, "aug_scroll_decohesion_p": 0.25, "aug_scroll_warping_p": 0.0, "aug_scroll_squeeze_p": 0.25, "aug_scroll_z_dropout_p": 0.5, "aug_scroll_intensity_drift_p": 0.0, "aug_scroll_sheet_compression_p": 0.0, "aug_scroll_thick_slice_p": 0.0, "aug_scroll_rician_noise_p": 0.0, "aug_scroll_blank_rectangles_p": 0.5, "use_betti_loss": false, "betti_loss_weight": 0.1, "auxiliary_config": {"enabled": false, "task_types": ["surface_normals", "structure_tensor"], "weights": {"surface_normals": 0.05, "structure_tensor": 0.05}}, "target_fiber_source": "frangi", "target_fiber_sigma": 2.0, "multi_task_heads": false, "architecture": "resenc_unet", "base_feat": 64, "num_blocks": 16, "num_heads": 8, "dropout": 0.0, "pseudo_label_dir": "local_data/pseudo_labels", "foundation_model_path": null, "enforce_prize_gates": false, "min_prize_centerline_dice": 0.01, "max_prize_skel_dist": 2.0, "max_prize_cc_diff": 64.0, "min_prize_topology_samples": 1, "use_uamt": false, "ema_decay": 0.99, "consistency_weight": 0.1, "unlabeled_uris": ["local_data/PHercParis2Fr47/surface_volume.zarr"]}
2026-06-10 01:31:27	0.262675	23.318817	0.072192	0.000	0.000	0.0000	0.658935	1.05	10.223	16048.4	{"uri": null, "uris": ["local_data/PHercParis2Fr47/surface_volume.zarr"], "val_uri": "local_data/PHercParis2Fr143/surface_volume.zarr", "cache_dir": null, "use_ridges": true, "use_lasagna": false, "ridge_sigma": 2.0, "batch_size": 16, "patch_size": 64, "num_layers": 16, "lr": 5e-05, "weight_decay": 0.01, "time_budget": 3600, "pinned": false, "loss_ink_bce": 0.6, "loss_ink_dice": 0.2, "loss_fiber_bce": 0.3, "loss_st": 0.1, "label_smoothing": 0.0, "aug_mode": "batchgeneratorsv2", "aug_flip_p": 0.5, "aug_brightness_p": 0.75, "aug_affine_p": 0.75, "aug_coarse_dropout_p": 0.5, "aug_elastic_p": 0.0, "aug_grid_p": 0.0, "aug_rotate_limit": 180, "aug_scale_limit": 0.15, "aug_scroll_decohesion_p": 0.25, "aug_scroll_warping_p": 0.5, "aug_scroll_squeeze_p": 0.25, "aug_scroll_z_dropout_p": 0.0, "aug_scroll_intensity_drift_p": 0.0, "aug_scroll_sheet_compression_p": 0.0, "aug_scroll_thick_slice_p": 0.0, "aug_scroll_rician_noise_p": 0.0, "aug_scroll_blank_rectangles_p": 0.5, "use_betti_loss": false, "betti_loss_weight": 0.1, "auxiliary_config": {"enabled": false, "task_types": ["surface_normals", "structure_tensor"], "weights": {"surface_normals": 0.05, "structure_tensor": 0.05}}, "target_fiber_source": "frangi", "target_fiber_sigma": 2.0, "multi_task_heads": false, "architecture": "resenc_unet", "base_feat": 64, "num_blocks": 16, "num_heads": 8, "dropout": 0.0, "pseudo_label_dir": "local_data/pseudo_labels", "foundation_model_path": null, "enforce_prize_gates": false, "min_prize_centerline_dice": 0.01, "max_prize_skel_dist": 2.0, "max_prize_cc_diff": 64.0, "min_prize_topology_samples": 1, "use_uamt": false, "ema_decay": 0.99, "consistency_weight": 0.1, "unlabeled_uris": ["local_data/PHercParis2Fr47/surface_volume.zarr"]}
2026-06-10 02:32:36	0.262675	23.318817	0.072192	0.000	0.000	0.0000	0.622729	1.04	10.223	16047.0	{"uri": null, "uris": ["local_data/PHercParis2Fr47/surface_volume.zarr"], "val_uri": "local_data/PHercParis2Fr143/surface_volume.zarr", "cache_dir": null, "use_ridges": true, "use_lasagna": false, "ridge_sigma": 2.0, "batch_size": 16, "patch_size": 64, "num_layers": 16, "lr": 5e-05, "weight_decay": 0.01, "time_budget": 3600, "pinned": false, "loss_ink_bce": 0.6, "loss_ink_dice": 0.2, "loss_fiber_bce": 0.3, "loss_st": 0.1, "label_smoothing": 0.0, "aug_mode": "batchgeneratorsv2", "aug_flip_p": 0.5, "aug_brightness_p": 0.75, "aug_affine_p": 0.75, "aug_coarse_dropout_p": 0.5, "aug_elastic_p": 0.0, "aug_grid_p": 0.0, "aug_rotate_limit": 180, "aug_scale_limit": 0.15, "aug_scroll_decohesion_p": 0.25, "aug_scroll_warping_p": 0.0, "aug_scroll_squeeze_p": 0.0, "aug_scroll_z_dropout_p": 0.0, "aug_scroll_intensity_drift_p": 0.0, "aug_scroll_sheet_compression_p": 0.0, "aug_scroll_thick_slice_p": 0.0, "aug_scroll_rician_noise_p": 0.0, "aug_scroll_blank_rectangles_p": 0.5, "use_betti_loss": false, "betti_loss_weight": 0.1, "auxiliary_config": {"enabled": false, "task_types": ["surface_normals", "structure_tensor"], "weights": {"surface_normals": 0.05, "structure_tensor": 0.05}}, "target_fiber_source": "frangi", "target_fiber_sigma": 2.0, "multi_task_heads": false, "architecture": "resenc_unet", "base_feat": 64, "num_blocks": 16, "num_heads": 8, "dropout": 0.0, "pseudo_label_dir": "local_data/pseudo_labels", "foundation_model_path": null, "enforce_prize_gates": false, "min_prize_centerline_dice": 0.01, "max_prize_skel_dist": 2.0, "max_prize_cc_diff": 64.0, "min_prize_topology_samples": 1, "use_uamt": false, "ema_decay": 0.99, "consistency_weight": 0.1, "unlabeled_uris": ["local_data/PHercParis2Fr47/surface_volume.zarr"]}
2026-06-10 03:33:45	0.262675	23.318817	0.072192	0.000	0.000	0.0000	0.548744	1.35	10.223	16047.6	{"uri": null, "uris": ["local_data/PHercParis2Fr47/surface_volume.zarr"], "val_uri": "local_data/PHercParis2Fr143/surface_volume.zarr", "cache_dir": null, "use_ridges": true, "use_lasagna": false, "ridge_sigma": 2.0, "batch_size": 16, "patch_size": 64, "num_layers": 16, "lr": 5e-05, "weight_decay": 0.01, "time_budget": 3600, "pinned": false, "loss_ink_bce": 0.6, "loss_ink_dice": 0.2, "loss_fiber_bce": 0.3, "loss_st": 0.1, "label_smoothing": 0.0, "aug_mode": "batchgeneratorsv2", "aug_flip_p": 0.5, "aug_brightness_p": 0.75, "aug_affine_p": 0.75, "aug_coarse_dropout_p": 0.5, "aug_elastic_p": 0.0, "aug_grid_p": 0.0, "aug_rotate_limit": 180, "aug_scale_limit": 0.15, "aug_scroll_decohesion_p": 0.25, "aug_scroll_warping_p": 0.0, "aug_scroll_squeeze_p": 0.25, "aug_scroll_z_dropout_p": 0.0, "aug_scroll_intensity_drift_p": 0.0, "aug_scroll_sheet_compression_p": 0.5, "aug_scroll_thick_slice_p": 0.0, "aug_scroll_rician_noise_p": 0.0, "aug_scroll_blank_rectangles_p": 0.5, "use_betti_loss": false, "betti_loss_weight": 0.1, "auxiliary_config": {"enabled": false, "task_types": ["surface_normals", "structure_tensor"], "weights": {"surface_normals": 0.05, "structure_tensor": 0.05}}, "target_fiber_source": "frangi", "target_fiber_sigma": 2.0, "multi_task_heads": false, "architecture": "resenc_unet", "base_feat": 64, "num_blocks": 16, "num_heads": 8, "dropout": 0.0, "pseudo_label_dir": "local_data/pseudo_labels", "foundation_model_path": null, "enforce_prize_gates": false, "min_prize_centerline_dice": 0.01, "max_prize_skel_dist": 2.0, "max_prize_cc_diff": 64.0, "min_prize_topology_samples": 1, "use_uamt": false, "ema_decay": 0.99, "consistency_weight": 0.1, "unlabeled_uris": ["local_data/PHercParis2Fr47/surface_volume.zarr"]}
2026-06-10 04:34:59	0.262675	23.318817	0.072192	0.000	0.000	0.0000	0.502110	1.04	10.223	16048.9	{"uri": null, "uris": ["local_data/PHercParis2Fr47/surface_volume.zarr"], "val_uri": "local_data/PHercParis2Fr143/surface_volume.zarr", "cache_dir": null, "use_ridges": true, "use_lasagna": false, "ridge_sigma": 2.0, "batch_size": 16, "patch_size": 64, "num_layers": 16, "lr": 5e-05, "weight_decay": 0.01, "time_budget": 3600, "pinned": false, "loss_ink_bce": 0.6, "loss_ink_dice": 0.2, "loss_fiber_bce": 0.3, "loss_st": 0.1, "label_smoothing": 0.0, "aug_mode": "batchgeneratorsv2", "aug_flip_p": 0.5, "aug_brightness_p": 0.75, "aug_affine_p": 0.75, "aug_coarse_dropout_p": 0.5, "aug_elastic_p": 0.0, "aug_grid_p": 0.0, "aug_rotate_limit": 180, "aug_scale_limit": 0.15, "aug_scroll_decohesion_p": 0.25, "aug_scroll_warping_p": 0.0, "aug_scroll_squeeze_p": 0.25, "aug_scroll_z_dropout_p": 0.0, "aug_scroll_intensity_drift_p": 0.0, "aug_scroll_sheet_compression_p": 0.0, "aug_scroll_thick_slice_p": 0.0, "aug_scroll_rician_noise_p": 0.0, "aug_scroll_blank_rectangles_p": 0.5, "use_betti_loss": false, "betti_loss_weight": 0.1, "auxiliary_config": {"enabled": false, "task_types": ["surface_normals", "structure_tensor"], "weights": {"surface_normals": 0.05, "structure_tensor": 0.05}}, "target_fiber_source": "frangi", "target_fiber_sigma": 2.0, "multi_task_heads": false, "architecture": "resenc_unet", "base_feat": 64, "num_blocks": 16, "num_heads": 8, "dropout": 0.2, "pseudo_label_dir": "local_data/pseudo_labels", "foundation_model_path": null, "enforce_prize_gates": false, "min_prize_centerline_dice": 0.01, "max_prize_skel_dist": 2.0, "max_prize_cc_diff": 64.0, "min_prize_topology_samples": 1, "use_uamt": false, "ema_decay": 0.99, "consistency_weight": 0.1, "unlabeled_uris": ["local_data/PHercParis2Fr47/surface_volume.zarr"]}
2026-06-10 05:36:17	0.262675	23.318817	0.072192	0.000	0.000	0.0000	0.752311	1.03	10.223	16048.9	{"uri": null, "uris": ["local_data/PHercParis2Fr47/surface_volume.zarr"], "val_uri": "local_data/PHercParis2Fr143/surface_volume.zarr", "cache_dir": null, "use_ridges": true, "use_lasagna": false, "ridge_sigma": 2.0, "batch_size": 16, "patch_size": 64, "num_layers": 16, "lr": 5e-05, "weight_decay": 0.01, "time_budget": 3600, "pinned": false, "loss_ink_bce": 0.6, "loss_ink_dice": 0.2, "loss_fiber_bce": 0.3, "loss_st": 0.1, "label_smoothing": 0.0, "aug_mode": "batchgeneratorsv2", "aug_flip_p": 0.5, "aug_brightness_p": 0.75, "aug_affine_p": 0.75, "aug_coarse_dropout_p": 0.5, "aug_elastic_p": 0.0, "aug_grid_p": 0.0, "aug_rotate_limit": 180, "aug_scale_limit": 0.15, "aug_scroll_decohesion_p": 0.5, "aug_scroll_warping_p": 0.0, "aug_scroll_squeeze_p": 0.25, "aug_scroll_z_dropout_p": 0.0, "aug_scroll_intensity_drift_p": 0.0, "aug_scroll_sheet_compression_p": 0.0, "aug_scroll_thick_slice_p": 0.0, "aug_scroll_rician_noise_p": 0.0, "aug_scroll_blank_rectangles_p": 0.5, "use_betti_loss": false, "betti_loss_weight": 0.1, "auxiliary_config": {"enabled": false, "task_types": ["surface_normals", "structure_tensor"], "weights": {"surface_normals": 0.05, "structure_tensor": 0.05}}, "target_fiber_source": "frangi", "target_fiber_sigma": 2.0, "multi_task_heads": false, "architecture": "resenc_unet", "base_feat": 64, "num_blocks": 16, "num_heads": 8, "dropout": 0.0, "pseudo_label_dir": "local_data/pseudo_labels", "foundation_model_path": null, "enforce_prize_gates": false, "min_prize_centerline_dice": 0.01, "max_prize_skel_dist": 2.0, "max_prize_cc_diff": 64.0, "min_prize_topology_samples": 1, "use_uamt": false, "ema_decay": 0.99, "consistency_weight": 0.1, "unlabeled_uris": ["local_data/PHercParis2Fr47/surface_volume.zarr"]}
2026-06-10 11:24:57	0.262675	27.457807	0.077305	0.000	0.000	0.0000	0.409167	0.87	10.223	16048.4	{"uri": null, "uris": ["local_data/PHercParis2Fr47/surface_volume.zarr"], "val_uri": "local_data/PHercParis2Fr143/surface_volume.zarr", "cache_dir": null, "use_ridges": true, "use_lasagna": false, "ridge_sigma": 2.0, "batch_size": 16, "patch_size": 64, "num_layers": 16, "lr": 5e-05, "weight_decay": 0.01, "time_budget": 1200, "pinned": false, "loss_ink_bce": 0.6, "loss_ink_dice": 0.2, "loss_fiber_bce": 0.3, "loss_st": 0.1, "label_smoothing": 0.0, "aug_mode": "batchgeneratorsv2", "aug_flip_p": 0.5, "aug_brightness_p": 0.75, "aug_affine_p": 0.75, "aug_coarse_dropout_p": 0.5, "aug_elastic_p": 0.0, "aug_grid_p": 0.0, "aug_rotate_limit": 180, "aug_scale_limit": 0.15, "aug_scroll_decohesion_p": 0.25, "aug_scroll_warping_p": 0.0, "aug_scroll_squeeze_p": 0.25, "aug_scroll_z_dropout_p": 0.0, "aug_scroll_intensity_drift_p": 0.0, "aug_scroll_sheet_compression_p": 0.0, "aug_scroll_thick_slice_p": 0.0, "aug_scroll_rician_noise_p": 0.0, "aug_scroll_blank_rectangles_p": 0.5, "use_betti_loss": false, "betti_loss_weight": 0.1, "use_cldice": true, "cldice_weight": 0.3, "cldice_iters": 10, "auxiliary_config": {"enabled": false, "task_types": ["surface_normals", "structure_tensor"], "weights": {"surface_normals": 0.05, "structure_tensor": 0.05}}, "target_fiber_source": "frangi", "target_fiber_sigma": 2.0, "multi_task_heads": false, "architecture": "resenc_unet", "base_feat": 64, "num_blocks": 16, "num_heads": 8, "dropout": 0.0, "pseudo_label_dir": "local_data/pseudo_labels", "foundation_model_path": null, "enforce_prize_gates": false, "min_prize_centerline_dice": 0.01, "max_prize_skel_dist": 2.0, "max_prize_cc_diff": 64.0, "min_prize_topology_samples": 1, "use_uamt": false, "ema_decay": 0.99, "consistency_weight": 0.1, "unlabeled_uris": ["local_data/PHercParis2Fr47/surface_volume.zarr"]}
2026-06-10 11:47:28	0.262675	17.936155	0.073470	0.000	0.000	0.0000	0.640189	0.72	10.223	16048.4	{"uri": null, "uris": ["local_data/PHercParis2Fr47/surface_volume.zarr"], "val_uri": "local_data/PHercParis2Fr143/surface_volume.zarr", "cache_dir": null, "use_ridges": true, "use_lasagna": false, "ridge_sigma": 2.0, "batch_size": 16, "patch_size": 64, "num_layers": 16, "lr": 5e-05, "weight_decay": 0.01, "time_budget": 1200, "pinned": false, "loss_ink_bce": 0.6, "loss_ink_dice": 0.2, "loss_fiber_bce": 0.3, "loss_st": 0.1, "label_smoothing": 0.0, "aug_mode": "batchgeneratorsv2", "aug_flip_p": 0.5, "aug_brightness_p": 0.75, "aug_affine_p": 0.75, "aug_coarse_dropout_p": 0.5, "aug_elastic_p": 0.0, "aug_grid_p": 0.0, "aug_rotate_limit": 180, "aug_scale_limit": 0.15, "aug_scroll_decohesion_p": 0.25, "aug_scroll_warping_p": 0.0, "aug_scroll_squeeze_p": 0.25, "aug_scroll_z_dropout_p": 0.0, "aug_scroll_intensity_drift_p": 0.0, "aug_scroll_sheet_compression_p": 0.0, "aug_scroll_thick_slice_p": 0.0, "aug_scroll_rician_noise_p": 0.0, "aug_scroll_blank_rectangles_p": 0.5, "use_betti_loss": false, "betti_loss_weight": 0.1, "use_cldice": true, "cldice_weight": 0.1, "cldice_iters": 10, "auxiliary_config": {"enabled": false, "task_types": ["surface_normals", "structure_tensor"], "weights": {"surface_normals": 0.05, "structure_tensor": 0.05}}, "target_fiber_source": "frangi", "target_fiber_sigma": 2.0, "multi_task_heads": false, "architecture": "resenc_unet", "base_feat": 64, "num_blocks": 16, "num_heads": 8, "dropout": 0.0, "pseudo_label_dir": "local_data/pseudo_labels", "foundation_model_path": null, "enforce_prize_gates": false, "min_prize_centerline_dice": 0.01, "max_prize_skel_dist": 2.0, "max_prize_cc_diff": 64.0, "min_prize_topology_samples": 1, "use_uamt": false, "ema_decay": 0.99, "consistency_weight": 0.1, "unlabeled_uris": ["local_data/PHercParis2Fr47/surface_volume.zarr"]}
2026-06-10 12:25:53	0.262556	22.474097	0.196114	0.000	0.000	0.0000	0.406732	0.31	10.223	16048.4	{"uri": null, "uris": ["local_data/PHercParis2Fr47/surface_volume.zarr"], "val_uri": "local_data/PHercParis2Fr143/surface_volume.zarr", "cache_dir": null, "use_ridges": true, "use_lasagna": false, "ridge_sigma": 2.0, "batch_size": 16, "patch_size": 64, "num_layers": 16, "lr": 5e-05, "weight_decay": 0.01, "time_budget": 30, "pinned": false, "loss_ink_bce": 0.6, "loss_ink_dice": 0.2, "loss_fiber_bce": 0.3, "loss_st": 0.1, "label_smoothing": 0.0, "aug_mode": "batchgeneratorsv2", "aug_flip_p": 0.5, "aug_brightness_p": 0.75, "aug_affine_p": 0.75, "aug_coarse_dropout_p": 0.5, "aug_elastic_p": 0.0, "aug_grid_p": 0.0, "aug_rotate_limit": 180, "aug_scale_limit": 0.15, "aug_scroll_decohesion_p": 0.25, "aug_scroll_warping_p": 0.0, "aug_scroll_squeeze_p": 0.25, "aug_scroll_z_dropout_p": 0.0, "aug_scroll_intensity_drift_p": 0.0, "aug_scroll_sheet_compression_p": 0.0, "aug_scroll_thick_slice_p": 0.0, "aug_scroll_rician_noise_p": 0.0, "aug_scroll_blank_rectangles_p": 0.5, "use_betti_loss": false, "betti_loss_weight": 0.1, "use_cldice": false, "cldice_weight": 0.1, "cldice_iters": 10, "auxiliary_config": {"enabled": false, "task_types": ["surface_normals", "structure_tensor"], "weights": {"surface_normals": 0.05, "structure_tensor": 0.05}}, "target_fiber_source": "frangi", "target_fiber_sigma": 2.0, "multi_task_heads": false, "architecture": "resenc_unet", "base_feat": 64, "num_blocks": 16, "num_heads": 8, "dropout": 0.0, "pseudo_label_dir": "local_data/pseudo_labels", "foundation_model_path": null, "enforce_prize_gates": false, "min_prize_centerline_dice": 0.01, "max_prize_skel_dist": 2.0, "max_prize_cc_diff": 64.0, "min_prize_topology_samples": 1, "use_uamt": false, "ema_decay": 0.99, "consistency_weight": 0.1, "unlabeled_uris": ["local_data/PHercParis2Fr47/surface_volume.zarr"]}
2026-06-10 12:27:48	0.262557	21.737861	0.196605	0.000	0.000	0.0000	0.406390	0.30	10.223	16047.0	{"uri": null, "uris": ["local_data/PHercParis2Fr47/surface_volume.zarr"], "val_uri": "local_data/PHercParis2Fr143/surface_volume.zarr", "cache_dir": null, "use_ridges": true, "use_lasagna": false, "ridge_sigma": 2.0, "batch_size": 16, "patch_size": 64, "num_layers": 16, "lr": 5e-05, "weight_decay": 0.01, "time_budget": 30, "pinned": false, "loss_ink_bce": 0.6, "loss_ink_dice": 0.2, "loss_fiber_bce": 0.3, "loss_st": 0.1, "label_smoothing": 0.0, "aug_mode": "batchgeneratorsv2", "aug_flip_p": 0.5, "aug_brightness_p": 0.75, "aug_affine_p": 0.75, "aug_coarse_dropout_p": 0.5, "aug_elastic_p": 0.0, "aug_grid_p": 0.0, "aug_rotate_limit": 180, "aug_scale_limit": 0.15, "aug_scroll_decohesion_p": 0.25, "aug_scroll_warping_p": 0.0, "aug_scroll_squeeze_p": 0.25, "aug_scroll_z_dropout_p": 0.0, "aug_scroll_intensity_drift_p": 0.0, "aug_scroll_sheet_compression_p": 0.0, "aug_scroll_thick_slice_p": 0.0, "aug_scroll_rician_noise_p": 0.0, "aug_scroll_blank_rectangles_p": 0.5, "use_betti_loss": false, "betti_loss_weight": 0.1, "use_cldice": false, "cldice_weight": 0.1, "cldice_iters": 10, "auxiliary_config": {"enabled": false, "task_types": ["surface_normals", "structure_tensor"], "weights": {"surface_normals": 0.05, "structure_tensor": 0.05}}, "target_fiber_source": "frangi", "target_fiber_sigma": 2.0, "multi_task_heads": false, "architecture": "resenc_unet", "base_feat": 64, "num_blocks": 16, "num_heads": 8, "dropout": 0.0, "pseudo_label_dir": "local_data/pseudo_labels", "foundation_model_path": null, "enforce_prize_gates": false, "min_prize_centerline_dice": 0.01, "max_prize_skel_dist": 2.0, "max_prize_cc_diff": 64.0, "min_prize_topology_samples": 1, "use_uamt": false, "ema_decay": 0.99, "consistency_weight": 0.1, "unlabeled_uris": ["local_data/PHercParis2Fr47/surface_volume.zarr"]}
2026-06-10 13:57:45	0.262675	21.788044	0.190329	0.000	0.000	0.0000	0.798101	0.34	38.092	7438.7	{"uri": null, "uris": ["local_data/PHercParis2Fr47/surface_volume.zarr"], "val_uri": "local_data/PHercParis2Fr143/surface_volume.zarr", "cache_dir": null, "use_ridges": true, "use_lasagna": false, "ridge_sigma": 2.0, "batch_size": 16, "patch_size": 64, "num_layers": 16, "lr": 3e-05, "weight_decay": 0.01, "time_budget": 3600, "pinned": false, "loss_ink_bce": 0.5, "loss_ink_dice": 0.5, "loss_fiber_bce": 0.0, "loss_st": 0.0, "label_smoothing": 0.25, "aug_mode": "batchgeneratorsv2", "aug_flip_p": 0.5, "aug_brightness_p": 0.75, "aug_affine_p": 0.75, "aug_coarse_dropout_p": 0.5, "aug_elastic_p": 0.0, "aug_grid_p": 0.0, "aug_rotate_limit": 180, "aug_scale_limit": 0.15, "aug_scroll_decohesion_p": 0.25, "aug_scroll_warping_p": 0.0, "aug_scroll_squeeze_p": 0.25, "aug_scroll_z_dropout_p": 0.0, "aug_scroll_intensity_drift_p": 0.0, "aug_scroll_sheet_compression_p": 0.0, "aug_scroll_thick_slice_p": 0.0, "aug_scroll_rician_noise_p": 0.0, "aug_scroll_blank_rectangles_p": 0.5, "use_betti_loss": false, "betti_loss_weight": 0.1, "use_cldice": false, "cldice_weight": 0.1, "cldice_iters": 10, "auxiliary_config": {"enabled": false, "task_types": ["surface_normals", "structure_tensor"], "weights": {"surface_normals": 0.05, "structure_tensor": 0.05}}, "target_fiber_source": "frangi", "target_fiber_sigma": 2.0, "multi_task_heads": false, "architecture": "timesformer", "base_feat": 64, "num_blocks": 16, "num_heads": 8, "dropout": 0.0, "pseudo_label_dir": "local_data/pseudo_labels", "foundation_model_path": null, "enforce_prize_gates": false, "min_prize_centerline_dice": 0.01, "max_prize_skel_dist": 2.0, "max_prize_cc_diff": 64.0, "min_prize_topology_samples": 1, "use_uamt": false, "ema_decay": 0.99, "consistency_weight": 0.1, "unlabeled_uris": ["local_data/PHercParis2Fr47/surface_volume.zarr"]}
2026-06-10 17:46:02	0.262563	23.324705	0.221481	0.000	0.000	0.0000	0.729401	0.22	10.223	16048.4	{"uri": null, "uris": ["local_data/PHercParis2Fr47/surface_volume.zarr"], "val_uri": "local_data/PHercParis2Fr143/surface_volume.zarr", "cache_dir": null, "use_ridges": true, "use_lasagna": false, "ridge_sigma": 2.0, "batch_size": 16, "patch_size": 64, "num_layers": 16, "lr": 5e-05, "weight_decay": 0.01, "time_budget": 900, "pinned": false, "loss_ink_bce": 0.6, "loss_ink_dice": 0.2, "loss_fiber_bce": 0.2, "loss_st": 0.1, "label_smoothing": 0.0, "aug_mode": "batchgeneratorsv2", "aug_flip_p": 0.5, "aug_brightness_p": 0.75, "aug_affine_p": 0.75, "aug_coarse_dropout_p": 0.5, "aug_elastic_p": 0.0, "aug_grid_p": 0.0, "aug_rotate_limit": 180, "aug_scale_limit": 0.15, "aug_scroll_decohesion_p": 0.25, "aug_scroll_warping_p": 0.0, "aug_scroll_squeeze_p": 0.25, "aug_scroll_z_dropout_p": 0.0, "aug_scroll_intensity_drift_p": 0.0, "aug_scroll_sheet_compression_p": 0.0, "aug_scroll_thick_slice_p": 0.0, "aug_scroll_rician_noise_p": 0.0, "aug_scroll_blank_rectangles_p": 0.5, "use_betti_loss": false, "betti_loss_weight": 0.1, "use_cldice": false, "cldice_weight": 0.1, "cldice_iters": 10, "auxiliary_config": {"enabled": false, "task_types": ["surface_normals", "structure_tensor"], "weights": {"surface_normals": 0.05, "structure_tensor": 0.05}}, "target_fiber_source": "frangi", "target_fiber_sigma": 2.0, "multi_task_heads": false, "architecture": "resenc_unet", "base_feat": 64, "num_blocks": 16, "num_heads": 8, "dropout": 0.0, "pseudo_label_dir": "local_data/pseudo_labels", "foundation_model_path": null, "enforce_prize_gates": false, "min_prize_centerline_dice": 0.01, "max_prize_skel_dist": 2.0, "max_prize_cc_diff": 64.0, "min_prize_topology_samples": 1, "use_uamt": false, "ema_decay": 0.99, "consistency_weight": 0.1, "unlabeled_uris": ["local_data/PHercParis2Fr47/surface_volume.zarr"]}
2026-06-10 18:33:19	0.262559	23.479366	0.212442	0.000	0.000	0.0000	0.722691	0.21	10.223	16048.4	{"uri": null, "uris": ["local_data/PHercParis2Fr47/surface_volume.zarr"], "val_uri": "local_data/PHercParis2Fr143/surface_volume.zarr", "cache_dir": null, "use_ridges": true, "use_lasagna": false, "ridge_sigma": 2.0, "batch_size": 16, "patch_size": 64, "num_layers": 16, "lr": 5e-05, "weight_decay": 0.01, "time_budget": 900, "pinned": false, "loss_ink_bce": 0.6, "loss_ink_dice": 0.2, "loss_fiber_bce": 0.2, "loss_st": 0.1, "label_smoothing": 0.0, "aug_mode": "batchgeneratorsv2", "aug_flip_p": 0.5, "aug_brightness_p": 0.75, "aug_affine_p": 0.75, "aug_coarse_dropout_p": 0.5, "aug_elastic_p": 0.0, "aug_grid_p": 0.0, "aug_rotate_limit": 180, "aug_scale_limit": 0.15, "aug_scroll_decohesion_p": 0.25, "aug_scroll_warping_p": 0.0, "aug_scroll_squeeze_p": 0.25, "aug_scroll_z_dropout_p": 0.0, "aug_scroll_intensity_drift_p": 0.0, "aug_scroll_sheet_compression_p": 0.0, "aug_scroll_thick_slice_p": 0.25, "aug_scroll_rician_noise_p": 0.0, "aug_scroll_blank_rectangles_p": 0.5, "use_betti_loss": false, "betti_loss_weight": 0.1, "use_cldice": false, "cldice_weight": 0.1, "cldice_iters": 10, "auxiliary_config": {"enabled": false, "task_types": ["surface_normals", "structure_tensor"], "weights": {"surface_normals": 0.05, "structure_tensor": 0.05}}, "target_fiber_source": "frangi", "target_fiber_sigma": 2.0, "multi_task_heads": false, "architecture": "resenc_unet", "base_feat": 64, "num_blocks": 16, "num_heads": 8, "dropout": 0.0, "pseudo_label_dir": "local_data/pseudo_labels", "foundation_model_path": null, "enforce_prize_gates": false, "min_prize_centerline_dice": 0.01, "max_prize_skel_dist": 2.0, "max_prize_cc_diff": 64.0, "min_prize_topology_samples": 1, "use_uamt": false, "ema_decay": 0.99, "consistency_weight": 0.1, "unlabeled_uris": ["local_data/PHercParis2Fr47/surface_volume.zarr"]}
2026-06-10 18:50:13	0.262670	17.189483	0.171653	0.000	0.000	0.0000	0.863037	0.30	10.223	16047.0	{"uri": null, "uris": ["local_data/PHercParis2Fr47/surface_volume.zarr"], "val_uri": "local_data/PHercParis2Fr143/surface_volume.zarr", "cache_dir": null, "use_ridges": true, "use_lasagna": false, "ridge_sigma": 2.0, "batch_size": 16, "patch_size": 64, "num_layers": 16, "lr": 5e-05, "weight_decay": 0.01, "time_budget": 900, "pinned": false, "loss_ink_bce": 0.6, "loss_ink_dice": 0.2, "loss_fiber_bce": 0.2, "loss_st": 0.1, "label_smoothing": 0.0, "aug_mode": "batchgeneratorsv2", "aug_flip_p": 0.5, "aug_brightness_p": 0.75, "aug_affine_p": 0.75, "aug_coarse_dropout_p": 0.5, "aug_elastic_p": 0.0, "aug_grid_p": 0.0, "aug_rotate_limit": 180, "aug_scale_limit": 0.15, "aug_scroll_decohesion_p": 0.25, "aug_scroll_warping_p": 0.0, "aug_scroll_squeeze_p": 0.25, "aug_scroll_z_dropout_p": 0.0, "aug_scroll_intensity_drift_p": 0.0, "aug_scroll_sheet_compression_p": 0.0, "aug_scroll_thick_slice_p": 0.0, "aug_scroll_rician_noise_p": 0.25, "aug_scroll_blank_rectangles_p": 0.5, "use_betti_loss": false, "betti_loss_weight": 0.1, "use_cldice": false, "cldice_weight": 0.1, "cldice_iters": 10, "auxiliary_config": {"enabled": false, "task_types": ["surface_normals", "structure_tensor"], "weights": {"surface_normals": 0.05, "structure_tensor": 0.05}}, "target_fiber_source": "frangi", "target_fiber_sigma": 2.0, "multi_task_heads": false, "architecture": "resenc_unet", "base_feat": 64, "num_blocks": 16, "num_heads": 8, "dropout": 0.0, "pseudo_label_dir": "local_data/pseudo_labels", "foundation_model_path": null, "enforce_prize_gates": false, "min_prize_centerline_dice": 0.01, "max_prize_skel_dist": 2.0, "max_prize_cc_diff": 64.0, "min_prize_topology_samples": 1, "use_uamt": false, "ema_decay": 0.99, "consistency_weight": 0.1, "unlabeled_uris": ["local_data/PHercParis2Fr47/surface_volume.zarr"]}
2026-06-10 19:07:10	0.262635	20.828504	0.226330	0.000	0.000	0.0000	0.634489	0.27	10.223	16047.0	{"uri": null, "uris": ["local_data/PHercParis2Fr47/surface_volume.zarr"], "val_uri": "local_data/PHercParis2Fr143/surface_volume.zarr", "cache_dir": null, "use_ridges": true, "use_lasagna": false, "ridge_sigma": 2.0, "batch_size": 16, "patch_size": 64, "num_layers": 16, "lr": 5e-05, "weight_decay": 0.01, "time_budget": 900, "pinned": false, "loss_ink_bce": 0.6, "loss_ink_dice": 0.2, "loss_fiber_bce": 0.2, "loss_st": 0.1, "label_smoothing": 0.0, "aug_mode": "batchgeneratorsv2", "aug_flip_p": 0.5, "aug_brightness_p": 0.75, "aug_affine_p": 0.75, "aug_coarse_dropout_p": 0.5, "aug_elastic_p": 0.0, "aug_grid_p": 0.0, "aug_rotate_limit": 180, "aug_scale_limit": 0.15, "aug_scroll_decohesion_p": 0.25, "aug_scroll_warping_p": 0.0, "aug_scroll_squeeze_p": 0.25, "aug_scroll_z_dropout_p": 0.5, "aug_scroll_intensity_drift_p": 0.0, "aug_scroll_sheet_compression_p": 0.0, "aug_scroll_thick_slice_p": 0.0, "aug_scroll_rician_noise_p": 0.0, "aug_scroll_blank_rectangles_p": 0.5, "use_betti_loss": false, "betti_loss_weight": 0.1, "use_cldice": false, "cldice_weight": 0.1, "cldice_iters": 10, "auxiliary_config": {"enabled": false, "task_types": ["surface_normals", "structure_tensor"], "weights": {"surface_normals": 0.05, "structure_tensor": 0.05}}, "target_fiber_source": "frangi", "target_fiber_sigma": 2.0, "multi_task_heads": false, "architecture": "resenc_unet", "base_feat": 64, "num_blocks": 16, "num_heads": 8, "dropout": 0.0, "pseudo_label_dir": "local_data/pseudo_labels", "foundation_model_path": null, "enforce_prize_gates": false, "min_prize_centerline_dice": 0.01, "max_prize_skel_dist": 2.0, "max_prize_cc_diff": 64.0, "min_prize_topology_samples": 1, "use_uamt": false, "ema_decay": 0.99, "consistency_weight": 0.1, "unlabeled_uris": ["local_data/PHercParis2Fr47/surface_volume.zarr"]}
2026-06-10 21:26:14	0.262634	20.713428	0.220629	0.000	0.000	0.0000	0.395359	0.24	10.223	16047.0	{"uri": null, "uris": ["local_data/PHercParis2Fr47/surface_volume.zarr"], "val_uri": "local_data/PHercParis2Fr143/surface_volume.zarr", "cache_dir": null, "use_ridges": true, "use_lasagna": false, "ridge_sigma": 2.0, "batch_size": 16, "patch_size": 64, "num_layers": 16, "lr": 5e-05, "weight_decay": 0.01, "time_budget": 30, "pinned": false, "loss_ink_bce": 0.6, "loss_ink_dice": 0.2, "loss_fiber_bce": 0.2, "loss_st": 0.1, "label_smoothing": 0.0, "aug_mode": "batchgeneratorsv2", "aug_flip_p": 0.5, "aug_brightness_p": 0.75, "aug_affine_p": 0.75, "aug_coarse_dropout_p": 0.5, "aug_elastic_p": 0.0, "aug_grid_p": 0.0, "aug_rotate_limit": 180, "aug_scale_limit": 0.15, "aug_scroll_decohesion_p": 0.25, "aug_scroll_warping_p": 0.0, "aug_scroll_squeeze_p": 0.25, "aug_scroll_z_dropout_p": 0.5, "aug_scroll_intensity_drift_p": 0.0, "aug_scroll_sheet_compression_p": 0.0, "aug_scroll_thick_slice_p": 0.0, "aug_scroll_rician_noise_p": 0.0, "aug_scroll_blank_rectangles_p": 0.5, "use_betti_loss": false, "betti_loss_weight": 0.1, "use_cldice": false, "cldice_weight": 0.1, "cldice_iters": 10, "use_wandb": true, "auxiliary_config": {"enabled": false, "task_types": ["surface_normals", "structure_tensor"], "weights": {"surface_normals": 0.05, "structure_tensor": 0.05}}, "target_fiber_source": "frangi", "target_fiber_sigma": 2.0, "multi_task_heads": false, "architecture": "resenc_unet", "base_feat": 64, "num_blocks": 16, "num_heads": 8, "dropout": 0.0, "pseudo_label_dir": "local_data/pseudo_labels", "foundation_model_path": null, "enforce_prize_gates": false, "min_prize_centerline_dice": 0.01, "max_prize_skel_dist": 2.0, "max_prize_cc_diff": 64.0, "min_prize_topology_samples": 1, "use_uamt": false, "ema_decay": 0.99, "consistency_weight": 0.1, "unlabeled_uris": ["local_data/PHercParis2Fr47/surface_volume.zarr"]}
2026-06-11 07:36:50	0.262675	21.950287	0.276350	0.000	0.000	0.0000	0.499025	0.40	10.223	16047.6	{"uri": null, "uris": ["local_data/PHercParis2Fr47/surface_volume.zarr"], "val_uri": "local_data/PHercParis2Fr143/surface_volume.zarr", "cache_dir": null, "use_ridges": true, "use_lasagna": false, "ridge_sigma": 2.0, "batch_size": 16, "patch_size": 64, "num_layers": 16, "lr": 5e-05, "weight_decay": 0.01, "time_budget": 900, "pinned": false, "loss_ink_bce": 0.6, "loss_ink_dice": 0.2, "loss_fiber_bce": 0.2, "loss_st": 0.1, "label_smoothing": 0.0, "aug_mode": "albumentations", "aug_flip_p": 0.5, "aug_brightness_p": 0.75, "aug_affine_p": 0.75, "aug_coarse_dropout_p": 0.5, "aug_elastic_p": 0.0, "aug_grid_p": 0.0, "aug_rotate_limit": 180, "aug_scale_limit": 0.15, "aug_scroll_decohesion_p": 0.5, "aug_scroll_warping_p": 0.0, "aug_scroll_squeeze_p": 0.25, "aug_scroll_z_dropout_p": 0.0, "aug_scroll_intensity_drift_p": 0.25, "aug_scroll_sheet_compression_p": 0.0, "aug_scroll_thick_slice_p": 0.0, "aug_scroll_rician_noise_p": 0.0, "aug_scroll_blank_rectangles_p": 0.25, "use_betti_loss": false, "betti_loss_weight": 0.1, "use_cldice": false, "cldice_weight": 0.1, "cldice_iters": 10, "use_wandb": true, "auxiliary_config": {"enabled": false, "task_types": ["surface_normals", "structure_tensor"], "weights": {"surface_normals": 0.05, "structure_tensor": 0.05}}, "target_fiber_source": "frangi", "target_fiber_sigma": 2.0, "multi_task_heads": false, "architecture": "resenc_unet", "base_feat": 64, "num_blocks": 16, "num_heads": 8, "dropout": 0.0, "pseudo_label_dir": "local_data/pseudo_labels", "foundation_model_path": null, "enforce_prize_gates": false, "min_prize_centerline_dice": 0.01, "max_prize_skel_dist": 2.0, "max_prize_cc_diff": 64.0, "min_prize_topology_samples": 1, "use_uamt": false, "ema_decay": 0.99, "consistency_weight": 0.1, "unlabeled_uris": ["local_data/PHercParis2Fr47/surface_volume.zarr"]}
2026-06-11 11:57:31	0.262675	20.208716	0.296802	0.000	0.000	0.0000	0.380613	0.24	10.223	16039.6	{"uri": null, "uris": ["local_data/PHercParis2Fr47/surface_volume.zarr"], "val_uri": "local_data/PHercParis2Fr143/surface_volume.zarr", "cache_dir": null, "use_ridges": true, "use_lasagna": false, "ridge_sigma": 2.0, "batch_size": 16, "patch_size": 64, "num_layers": 16, "lr": 5e-05, "weight_decay": 0.01, "time_budget": 30, "pinned": false, "loss_ink_bce": 0.6, "loss_ink_dice": 0.2, "loss_fiber_bce": 0.2, "loss_st": 0.1, "label_smoothing": 0.0, "aug_mode": "albumentations", "aug_flip_p": 0.5, "aug_brightness_p": 0.75, "aug_affine_p": 0.75, "aug_coarse_dropout_p": 0.5, "aug_elastic_p": 0.0, "aug_grid_p": 0.0, "aug_rotate_limit": 180, "aug_scale_limit": 0.15, "aug_scroll_decohesion_p": 0.5, "aug_scroll_warping_p": 1.0, "aug_scroll_squeeze_p": 0.25, "aug_scroll_z_dropout_p": 0.0, "aug_scroll_intensity_drift_p": 0.25, "aug_scroll_sheet_compression_p": 1.0, "aug_scroll_thick_slice_p": 1.0, "aug_scroll_rician_noise_p": 1.0, "aug_scroll_blank_rectangles_p": 1.0, "use_betti_loss": false, "betti_loss_weight": 0.1, "use_cldice": false, "cldice_weight": 0.1, "cldice_iters": 10, "use_wandb": true, "auxiliary_config": {"enabled": false, "task_types": ["surface_normals", "structure_tensor"], "weights": {"surface_normals": 0.05, "structure_tensor": 0.05}}, "target_fiber_source": "frangi", "target_fiber_sigma": 2.0, "multi_task_heads": false, "architecture": "resenc_unet", "base_feat": 64, "num_blocks": 16, "num_heads": 8, "dropout": 0.0, "pseudo_label_dir": "local_data/pseudo_labels", "foundation_model_path": null, "enforce_prize_gates": false, "min_prize_centerline_dice": 0.01, "max_prize_skel_dist": 2.0, "max_prize_cc_diff": 64.0, "min_prize_topology_samples": 1, "use_uamt": false, "ema_decay": 0.99, "consistency_weight": 0.1, "unlabeled_uris": ["local_data/PHercParis2Fr47/surface_volume.zarr"]}
2026-06-11 12:15:11	0.262675	20.141894	0.261826	0.000	0.000	0.0000	0.726159	0.30	10.223	16047.6	{"uri": null, "uris": ["local_data/PHercParis2Fr47/surface_volume.zarr"], "val_uri": "local_data/PHercParis2Fr143/surface_volume.zarr", "cache_dir": null, "use_ridges": true, "use_lasagna": false, "ridge_sigma": 2.0, "batch_size": 16, "patch_size": 64, "num_layers": 16, "lr": 5e-05, "weight_decay": 0.01, "time_budget": 900, "pinned": false, "loss_ink_bce": 0.6, "loss_ink_dice": 0.2, "loss_fiber_bce": 0.2, "loss_st": 0.1, "label_smoothing": 0.0, "aug_mode": "albumentations", "aug_flip_p": 0.5, "aug_brightness_p": 0.75, "aug_affine_p": 0.75, "aug_coarse_dropout_p": 0.5, "aug_elastic_p": 0.0, "aug_grid_p": 0.0, "aug_rotate_limit": 180, "aug_scale_limit": 0.15, "aug_scroll_decohesion_p": 0.5, "aug_scroll_warping_p": 0.0, "aug_scroll_squeeze_p": 0.25, "aug_scroll_z_dropout_p": 0.0, "aug_scroll_intensity_drift_p": 0.25, "aug_scroll_sheet_compression_p": 0.0, "aug_scroll_thick_slice_p": 0.0, "aug_scroll_rician_noise_p": 0.5, "aug_scroll_blank_rectangles_p": 0.25, "use_betti_loss": false, "betti_loss_weight": 0.1, "use_cldice": false, "cldice_weight": 0.1, "cldice_iters": 10, "use_wandb": true, "auxiliary_config": {"enabled": false, "task_types": ["surface_normals", "structure_tensor"], "weights": {"surface_normals": 0.05, "structure_tensor": 0.05}}, "target_fiber_source": "frangi", "target_fiber_sigma": 2.0, "multi_task_heads": false, "architecture": "resenc_unet", "base_feat": 64, "num_blocks": 16, "num_heads": 8, "dropout": 0.0, "pseudo_label_dir": "local_data/pseudo_labels", "foundation_model_path": null, "enforce_prize_gates": false, "min_prize_centerline_dice": 0.01, "max_prize_skel_dist": 2.0, "max_prize_cc_diff": 64.0, "min_prize_topology_samples": 1, "use_uamt": false, "ema_decay": 0.99, "consistency_weight": 0.1, "unlabeled_uris": ["local_data/PHercParis2Fr47/surface_volume.zarr"]}
2026-06-11 12:32:14	0.262675	19.349367	0.271462	0.000	0.000	0.0000	0.759286	0.30	10.223	16048.2	{"uri": null, "uris": ["local_data/PHercParis2Fr47/surface_volume.zarr"], "val_uri": "local_data/PHercParis2Fr143/surface_volume.zarr", "cache_dir": null, "use_ridges": true, "use_lasagna": false, "ridge_sigma": 2.0, "batch_size": 16, "patch_size": 64, "num_layers": 16, "lr": 5e-05, "weight_decay": 0.01, "time_budget": 900, "pinned": false, "loss_ink_bce": 0.6, "loss_ink_dice": 0.2, "loss_fiber_bce": 0.2, "loss_st": 0.1, "label_smoothing": 0.0, "aug_mode": "albumentations", "aug_flip_p": 0.5, "aug_brightness_p": 0.75, "aug_affine_p": 0.75, "aug_coarse_dropout_p": 0.5, "aug_elastic_p": 0.0, "aug_grid_p": 0.0, "aug_rotate_limit": 180, "aug_scale_limit": 0.15, "aug_scroll_decohesion_p": 0.0, "aug_scroll_warping_p": 0.0, "aug_scroll_squeeze_p": 0.25, "aug_scroll_z_dropout_p": 0.0, "aug_scroll_intensity_drift_p": 0.25, "aug_scroll_sheet_compression_p": 0.0, "aug_scroll_thick_slice_p": 0.0, "aug_scroll_rician_noise_p": 0.0, "aug_scroll_blank_rectangles_p": 0.25, "use_betti_loss": false, "betti_loss_weight": 0.1, "use_cldice": false, "cldice_weight": 0.1, "cldice_iters": 10, "use_wandb": true, "auxiliary_config": {"enabled": false, "task_types": ["surface_normals", "structure_tensor"], "weights": {"surface_normals": 0.05, "structure_tensor": 0.05}}, "target_fiber_source": "frangi", "target_fiber_sigma": 2.0, "multi_task_heads": false, "architecture": "resenc_unet", "base_feat": 64, "num_blocks": 16, "num_heads": 8, "dropout": 0.0, "pseudo_label_dir": "local_data/pseudo_labels", "foundation_model_path": null, "enforce_prize_gates": false, "min_prize_centerline_dice": 0.01, "max_prize_skel_dist": 2.0, "max_prize_cc_diff": 64.0, "min_prize_topology_samples": 1, "use_uamt": false, "ema_decay": 0.99, "consistency_weight": 0.1, "unlabeled_uris": ["local_data/PHercParis2Fr47/surface_volume.zarr"]}
2026-06-11 12:49:16	0.262675	23.955620	0.256817	0.000	0.000	0.0000	0.558597	0.32	10.223	16047.3	{"uri": null, "uris": ["local_data/PHercParis2Fr47/surface_volume.zarr"], "val_uri": "local_data/PHercParis2Fr143/surface_volume.zarr", "cache_dir": null, "use_ridges": true, "use_lasagna": false, "ridge_sigma": 2.0, "batch_size": 16, "patch_size": 64, "num_layers": 16, "lr": 5e-05, "weight_decay": 0.01, "time_budget": 900, "pinned": false, "loss_ink_bce": 0.6, "loss_ink_dice": 0.2, "loss_fiber_bce": 0.2, "loss_st": 0.1, "label_smoothing": 0.0, "aug_mode": "albumentations", "aug_flip_p": 0.5, "aug_brightness_p": 0.75, "aug_affine_p": 0.75, "aug_coarse_dropout_p": 0.5, "aug_elastic_p": 0.0, "aug_grid_p": 0.0, "aug_rotate_limit": 180, "aug_scale_limit": 0.15, "aug_scroll_decohesion_p": 0.5, "aug_scroll_warping_p": 0.25, "aug_scroll_squeeze_p": 0.25, "aug_scroll_z_dropout_p": 0.0, "aug_scroll_intensity_drift_p": 0.25, "aug_scroll_sheet_compression_p": 0.0, "aug_scroll_thick_slice_p": 0.0, "aug_scroll_rician_noise_p": 0.0, "aug_scroll_blank_rectangles_p": 0.25, "use_betti_loss": false, "betti_loss_weight": 0.1, "use_cldice": false, "cldice_weight": 0.1, "cldice_iters": 10, "use_wandb": true, "auxiliary_config": {"enabled": false, "task_types": ["surface_normals", "structure_tensor"], "weights": {"surface_normals": 0.05, "structure_tensor": 0.05}}, "target_fiber_source": "frangi", "target_fiber_sigma": 2.0, "multi_task_heads": false, "architecture": "resenc_unet", "base_feat": 64, "num_blocks": 16, "num_heads": 8, "dropout": 0.0, "pseudo_label_dir": "local_data/pseudo_labels", "foundation_model_path": null, "enforce_prize_gates": false, "min_prize_centerline_dice": 0.01, "max_prize_skel_dist": 2.0, "max_prize_cc_diff": 64.0, "min_prize_topology_samples": 1, "use_uamt": false, "ema_decay": 0.99, "consistency_weight": 0.1, "unlabeled_uris": ["local_data/PHercParis2Fr47/surface_volume.zarr"]}
2026-06-11 13:06:52	0.262675	21.150688	0.261479	0.000	0.000	0.0000	0.407733	0.27	10.223	16047.6	{"uri": null, "uris": ["local_data/PHercParis2Fr47/surface_volume.zarr"], "val_uri": "local_data/PHercParis2Fr143/surface_volume.zarr", "cache_dir": null, "use_ridges": true, "use_lasagna": false, "ridge_sigma": 2.0, "batch_size": 16, "patch_size": 64, "num_layers": 16, "lr": 5e-05, "weight_decay": 0.01, "time_budget": 900, "pinned": false, "loss_ink_bce": 0.2, "loss_ink_dice": 0.2, "loss_fiber_bce": 0.2, "loss_st": 0.1, "label_smoothing": 0.0, "aug_mode": "albumentations", "aug_flip_p": 0.5, "aug_brightness_p": 0.75, "aug_affine_p": 0.75, "aug_coarse_dropout_p": 0.5, "aug_elastic_p": 0.0, "aug_grid_p": 0.0, "aug_rotate_limit": 180, "aug_scale_limit": 0.15, "aug_scroll_decohesion_p": 0.5, "aug_scroll_warping_p": 0.0, "aug_scroll_squeeze_p": 0.25, "aug_scroll_z_dropout_p": 0.0, "aug_scroll_intensity_drift_p": 0.25, "aug_scroll_sheet_compression_p": 0.0, "aug_scroll_thick_slice_p": 0.0, "aug_scroll_rician_noise_p": 0.0, "aug_scroll_blank_rectangles_p": 0.25, "use_betti_loss": false, "betti_loss_weight": 0.1, "use_cldice": false, "cldice_weight": 0.1, "cldice_iters": 10, "use_wandb": true, "auxiliary_config": {"enabled": false, "task_types": ["surface_normals", "structure_tensor"], "weights": {"surface_normals": 0.05, "structure_tensor": 0.05}}, "target_fiber_source": "frangi", "target_fiber_sigma": 2.0, "multi_task_heads": false, "architecture": "resenc_unet", "base_feat": 64, "num_blocks": 16, "num_heads": 8, "dropout": 0.0, "pseudo_label_dir": "local_data/pseudo_labels", "foundation_model_path": null, "enforce_prize_gates": false, "min_prize_centerline_dice": 0.01, "max_prize_skel_dist": 2.0, "max_prize_cc_diff": 64.0, "min_prize_topology_samples": 1, "use_uamt": false, "ema_decay": 0.99, "consistency_weight": 0.1, "unlabeled_uris": ["local_data/PHercParis2Fr47/surface_volume.zarr"]}
2026-06-11 13:23:32	0.262675	19.355151	0.262064	0.000	0.000	0.0000	0.613209	0.31	10.223	16047.4	{"uri": null, "uris": ["local_data/PHercParis2Fr47/surface_volume.zarr"], "val_uri": "local_data/PHercParis2Fr143/surface_volume.zarr", "cache_dir": null, "use_ridges": true, "use_lasagna": false, "ridge_sigma": 2.0, "batch_size": 16, "patch_size": 64, "num_layers": 16, "lr": 5e-05, "weight_decay": 0.01, "time_budget": 900, "pinned": false, "loss_ink_bce": 0.6, "loss_ink_dice": 0.2, "loss_fiber_bce": 0.2, "loss_st": 0.1, "label_smoothing": 0.0, "aug_mode": "albumentations", "aug_flip_p": 0.5, "aug_brightness_p": 0.75, "aug_affine_p": 0.75, "aug_coarse_dropout_p": 0.5, "aug_elastic_p": 0.0, "aug_grid_p": 0.0, "aug_rotate_limit": 180, "aug_scale_limit": 0.15, "aug_scroll_decohesion_p": 0.5, "aug_scroll_warping_p": 0.5, "aug_scroll_squeeze_p": 0.25, "aug_scroll_z_dropout_p": 0.0, "aug_scroll_intensity_drift_p": 0.25, "aug_scroll_sheet_compression_p": 0.0, "aug_scroll_thick_slice_p": 0.0, "aug_scroll_rician_noise_p": 0.0, "aug_scroll_blank_rectangles_p": 0.25, "use_betti_loss": false, "betti_loss_weight": 0.1, "use_cldice": false, "cldice_weight": 0.1, "cldice_iters": 10, "use_wandb": true, "auxiliary_config": {"enabled": false, "task_types": ["surface_normals", "structure_tensor"], "weights": {"surface_normals": 0.05, "structure_tensor": 0.05}}, "target_fiber_source": "frangi", "target_fiber_sigma": 2.0, "multi_task_heads": false, "architecture": "resenc_unet", "base_feat": 64, "num_blocks": 16, "num_heads": 8, "dropout": 0.0, "pseudo_label_dir": "local_data/pseudo_labels", "foundation_model_path": null, "enforce_prize_gates": false, "min_prize_centerline_dice": 0.01, "max_prize_skel_dist": 2.0, "max_prize_cc_diff": 64.0, "min_prize_topology_samples": 1, "use_uamt": false, "ema_decay": 0.99, "consistency_weight": 0.1, "unlabeled_uris": ["local_data/PHercParis2Fr47/surface_volume.zarr"]}
2026-06-11 13:40:27	0.262675	19.390903	0.267703	0.000	0.000	0.0000	0.737114	0.30	10.223	16047.8	{"uri": null, "uris": ["local_data/PHercParis2Fr47/surface_volume.zarr"], "val_uri": "local_data/PHercParis2Fr143/surface_volume.zarr", "cache_dir": null, "use_ridges": true, "use_lasagna": false, "ridge_sigma": 2.0, "batch_size": 16, "patch_size": 64, "num_layers": 16, "lr": 5e-05, "weight_decay": 0.01, "time_budget": 900, "pinned": false, "loss_ink_bce": 0.6, "loss_ink_dice": 0.2, "loss_fiber_bce": 0.2, "loss_st": 0.1, "label_smoothing": 0.0, "aug_mode": "albumentations", "aug_flip_p": 0.5, "aug_brightness_p": 0.75, "aug_affine_p": 0.75, "aug_coarse_dropout_p": 0.5, "aug_elastic_p": 0.0, "aug_grid_p": 0.0, "aug_rotate_limit": 180, "aug_scale_limit": 0.15, "aug_scroll_decohesion_p": 0.5, "aug_scroll_warping_p": 0.0, "aug_scroll_squeeze_p": 0.25, "aug_scroll_z_dropout_p": 0.0, "aug_scroll_intensity_drift_p": 0.25, "aug_scroll_sheet_compression_p": 0.0, "aug_scroll_thick_slice_p": 0.25, "aug_scroll_rician_noise_p": 0.0, "aug_scroll_blank_rectangles_p": 0.25, "use_betti_loss": false, "betti_loss_weight": 0.1, "use_cldice": false, "cldice_weight": 0.1, "cldice_iters": 10, "use_wandb": true, "auxiliary_config": {"enabled": false, "task_types": ["surface_normals", "structure_tensor"], "weights": {"surface_normals": 0.05, "structure_tensor": 0.05}}, "target_fiber_source": "frangi", "target_fiber_sigma": 2.0, "multi_task_heads": false, "architecture": "resenc_unet", "base_feat": 64, "num_blocks": 16, "num_heads": 8, "dropout": 0.0, "pseudo_label_dir": "local_data/pseudo_labels", "foundation_model_path": null, "enforce_prize_gates": false, "min_prize_centerline_dice": 0.01, "max_prize_skel_dist": 2.0, "max_prize_cc_diff": 64.0, "min_prize_topology_samples": 1, "use_uamt": false, "ema_decay": 0.99, "consistency_weight": 0.1, "unlabeled_uris": ["local_data/PHercParis2Fr47/surface_volume.zarr"]}
2026-06-11 13:57:58	0.262675	23.170563	0.267652	0.000	0.000	0.0000	0.755017	0.29	10.223	16047.6	{"uri": null, "uris": ["local_data/PHercParis2Fr47/surface_volume.zarr"], "val_uri": "local_data/PHercParis2Fr143/surface_volume.zarr", "cache_dir": null, "use_ridges": true, "use_lasagna": false, "ridge_sigma": 2.0, "batch_size": 16, "patch_size": 64, "num_layers": 16, "lr": 5e-05, "weight_decay": 0.01, "time_budget": 900, "pinned": false, "loss_ink_bce": 0.6, "loss_ink_dice": 0.2, "loss_fiber_bce": 0.2, "loss_st": 0.1, "label_smoothing": 0.0, "aug_mode": "albumentations", "aug_flip_p": 0.5, "aug_brightness_p": 0.75, "aug_affine_p": 0.75, "aug_coarse_dropout_p": 0.5, "aug_elastic_p": 0.0, "aug_grid_p": 0.0, "aug_rotate_limit": 180, "aug_scale_limit": 0.15, "aug_scroll_decohesion_p": 0.5, "aug_scroll_warping_p": 0.0, "aug_scroll_squeeze_p": 0.25, "aug_scroll_z_dropout_p": 0.5, "aug_scroll_intensity_drift_p": 0.25, "aug_scroll_sheet_compression_p": 0.0, "aug_scroll_thick_slice_p": 0.0, "aug_scroll_rician_noise_p": 0.0, "aug_scroll_blank_rectangles_p": 0.25, "use_betti_loss": false, "betti_loss_weight": 0.1, "use_cldice": false, "cldice_weight": 0.1, "cldice_iters": 10, "use_wandb": true, "auxiliary_config": {"enabled": false, "task_types": ["surface_normals", "structure_tensor"], "weights": {"surface_normals": 0.05, "structure_tensor": 0.05}}, "target_fiber_source": "frangi", "target_fiber_sigma": 2.0, "multi_task_heads": false, "architecture": "resenc_unet", "base_feat": 64, "num_blocks": 16, "num_heads": 8, "dropout": 0.0, "pseudo_label_dir": "local_data/pseudo_labels", "foundation_model_path": null, "enforce_prize_gates": false, "min_prize_centerline_dice": 0.01, "max_prize_skel_dist": 2.0, "max_prize_cc_diff": 64.0, "min_prize_topology_samples": 1, "use_uamt": false, "ema_decay": 0.99, "consistency_weight": 0.1, "unlabeled_uris": ["local_data/PHercParis2Fr47/surface_volume.zarr"]}
2026-06-11 14:14:55	0.262675	19.034507	0.264240	0.000	0.000	0.0000	0.600743	0.31	10.223	16047.4	{"uri": null, "uris": ["local_data/PHercParis2Fr47/surface_volume.zarr"], "val_uri": "local_data/PHercParis2Fr143/surface_volume.zarr", "cache_dir": null, "use_ridges": true, "use_lasagna": false, "ridge_sigma": 2.0, "batch_size": 16, "patch_size": 64, "num_layers": 16, "lr": 5e-05, "weight_decay": 0.01, "time_budget": 900, "pinned": false, "loss_ink_bce": 0.6, "loss_ink_dice": 0.2, "loss_fiber_bce": 0.2, "loss_st": 0.1, "label_smoothing": 0.0, "aug_mode": "albumentations", "aug_flip_p": 0.5, "aug_brightness_p": 0.75, "aug_affine_p": 0.75, "aug_coarse_dropout_p": 0.5, "aug_elastic_p": 0.0, "aug_grid_p": 0.0, "aug_rotate_limit": 180, "aug_scale_limit": 0.15, "aug_scroll_decohesion_p": 0.25, "aug_scroll_warping_p": 0.0, "aug_scroll_squeeze_p": 0.25, "aug_scroll_z_dropout_p": 0.0, "aug_scroll_intensity_drift_p": 0.25, "aug_scroll_sheet_compression_p": 0.0, "aug_scroll_thick_slice_p": 0.0, "aug_scroll_rician_noise_p": 0.0, "aug_scroll_blank_rectangles_p": 0.25, "use_betti_loss": false, "betti_loss_weight": 0.1, "use_cldice": false, "cldice_weight": 0.1, "cldice_iters": 10, "use_wandb": true, "auxiliary_config": {"enabled": false, "task_types": ["surface_normals", "structure_tensor"], "weights": {"surface_normals": 0.05, "structure_tensor": 0.05}}, "target_fiber_source": "frangi", "target_fiber_sigma": 2.0, "multi_task_heads": false, "architecture": "resenc_unet", "base_feat": 64, "num_blocks": 16, "num_heads": 8, "dropout": 0.0, "pseudo_label_dir": "local_data/pseudo_labels", "foundation_model_path": null, "enforce_prize_gates": false, "min_prize_centerline_dice": 0.01, "max_prize_skel_dist": 2.0, "max_prize_cc_diff": 64.0, "min_prize_topology_samples": 1, "use_uamt": false, "ema_decay": 0.99, "consistency_weight": 0.1, "unlabeled_uris": ["local_data/PHercParis2Fr47/surface_volume.zarr"]}
2026-06-11 14:31:49	0.262675	18.459087	0.266823	0.000	0.000	0.0000	0.737704	0.30	10.223	16047.4	{"uri": null, "uris": ["local_data/PHercParis2Fr47/surface_volume.zarr"], "val_uri": "local_data/PHercParis2Fr143/surface_volume.zarr", "cache_dir": null, "use_ridges": true, "use_lasagna": false, "ridge_sigma": 2.0, "batch_size": 16, "patch_size": 64, "num_layers": 16, "lr": 5e-05, "weight_decay": 0.01, "time_budget": 900, "pinned": false, "loss_ink_bce": 0.6, "loss_ink_dice": 0.2, "loss_fiber_bce": 0.2, "loss_st": 0.1, "label_smoothing": 0.0, "aug_mode": "albumentations", "aug_flip_p": 0.5, "aug_brightness_p": 0.75, "aug_affine_p": 0.75, "aug_coarse_dropout_p": 0.5, "aug_elastic_p": 0.0, "aug_grid_p": 0.0, "aug_rotate_limit": 180, "aug_scale_limit": 0.15, "aug_scroll_decohesion_p": 0.5, "aug_scroll_warping_p": 0.0, "aug_scroll_squeeze_p": 0.25, "aug_scroll_z_dropout_p": 0.0, "aug_scroll_intensity_drift_p": 0.25, "aug_scroll_sheet_compression_p": 0.5, "aug_scroll_thick_slice_p": 0.0, "aug_scroll_rician_noise_p": 0.0, "aug_scroll_blank_rectangles_p": 0.25, "use_betti_loss": false, "betti_loss_weight": 0.1, "use_cldice": false, "cldice_weight": 0.1, "cldice_iters": 10, "use_wandb": true, "auxiliary_config": {"enabled": false, "task_types": ["surface_normals", "structure_tensor"], "weights": {"surface_normals": 0.05, "structure_tensor": 0.05}}, "target_fiber_source": "frangi", "target_fiber_sigma": 2.0, "multi_task_heads": false, "architecture": "resenc_unet", "base_feat": 64, "num_blocks": 16, "num_heads": 8, "dropout": 0.0, "pseudo_label_dir": "local_data/pseudo_labels", "foundation_model_path": null, "enforce_prize_gates": false, "min_prize_centerline_dice": 0.01, "max_prize_skel_dist": 2.0, "max_prize_cc_diff": 64.0, "min_prize_topology_samples": 1, "use_uamt": false, "ema_decay": 0.99, "consistency_weight": 0.1, "unlabeled_uris": ["local_data/PHercParis2Fr47/surface_volume.zarr"]}
2026-06-11 14:48:22	0.262675	20.150518	0.294250	0.000	0.000	0.0000	0.565805	0.34	10.223	16047.6	{"uri": null, "uris": ["local_data/PHercParis2Fr47/surface_volume.zarr"], "val_uri": "local_data/PHercParis2Fr143/surface_volume.zarr", "cache_dir": null, "use_ridges": true, "use_lasagna": false, "ridge_sigma": 2.0, "batch_size": 16, "patch_size": 64, "num_layers": 16, "lr": 5e-05, "weight_decay": 0.01, "time_budget": 900, "pinned": false, "loss_ink_bce": 0.6, "loss_ink_dice": 0.2, "loss_fiber_bce": 0.2, "loss_st": 0.1, "label_smoothing": 0.0, "aug_mode": "albumentations", "aug_flip_p": 0.5, "aug_brightness_p": 0.75, "aug_affine_p": 0.75, "aug_coarse_dropout_p": 0.5, "aug_elastic_p": 0.0, "aug_grid_p": 0.0, "aug_rotate_limit": 180, "aug_scale_limit": 0.15, "aug_scroll_decohesion_p": 0.5, "aug_scroll_warping_p": 0.0, "aug_scroll_squeeze_p": 0.0, "aug_scroll_z_dropout_p": 0.0, "aug_scroll_intensity_drift_p": 0.25, "aug_scroll_sheet_compression_p": 0.0, "aug_scroll_thick_slice_p": 0.0, "aug_scroll_rician_noise_p": 0.0, "aug_scroll_blank_rectangles_p": 0.25, "use_betti_loss": false, "betti_loss_weight": 0.1, "use_cldice": false, "cldice_weight": 0.1, "cldice_iters": 10, "use_wandb": true, "auxiliary_config": {"enabled": false, "task_types": ["surface_normals", "structure_tensor"], "weights": {"surface_normals": 0.05, "structure_tensor": 0.05}}, "target_fiber_source": "frangi", "target_fiber_sigma": 2.0, "multi_task_heads": false, "architecture": "resenc_unet", "base_feat": 64, "num_blocks": 16, "num_heads": 8, "dropout": 0.0, "pseudo_label_dir": "local_data/pseudo_labels", "foundation_model_path": null, "enforce_prize_gates": false, "min_prize_centerline_dice": 0.01, "max_prize_skel_dist": 2.0, "max_prize_cc_diff": 64.0, "min_prize_topology_samples": 1, "use_uamt": false, "ema_decay": 0.99, "consistency_weight": 0.1, "unlabeled_uris": ["local_data/PHercParis2Fr47/surface_volume.zarr"]}
2026-06-11 15:05:04	0.262671	23.814469	0.250825	0.000	0.000	0.0000	0.668248	1.20	10.223	16052.4	{"uri": null, "uris": ["local_data/PHercParis2Fr47/surface_volume.zarr"], "val_uri": "local_data/PHercParis2Fr143/surface_volume.zarr", "cache_dir": null, "use_ridges": true, "use_lasagna": false, "ridge_sigma": 2.0, "batch_size": 16, "patch_size": 64, "num_layers": 16, "lr": 5e-05, "weight_decay": 0.01, "time_budget": 900, "pinned": false, "loss_ink_bce": 0.6, "loss_ink_dice": 0.2, "loss_fiber_bce": 0.2, "loss_st": 0.1, "label_smoothing": 0.0, "aug_mode": "albumentations", "aug_flip_p": 0.5, "aug_brightness_p": 0.75, "aug_affine_p": 0.75, "aug_coarse_dropout_p": 0.5, "aug_elastic_p": 0.0, "aug_grid_p": 0.0, "aug_rotate_limit": 180, "aug_scale_limit": 0.15, "aug_scroll_decohesion_p": 0.5, "aug_scroll_warping_p": 0.0, "aug_scroll_squeeze_p": 0.25, "aug_scroll_z_dropout_p": 0.0, "aug_scroll_intensity_drift_p": 0.25, "aug_scroll_sheet_compression_p": 0.0, "aug_scroll_thick_slice_p": 0.0, "aug_scroll_rician_noise_p": 0.0, "aug_scroll_blank_rectangles_p": 0.25, "use_betti_loss": false, "betti_loss_weight": 0.1, "use_cldice": false, "cldice_weight": 0.1, "cldice_iters": 10, "use_wandb": true, "auxiliary_config": {"enabled": false, "task_types": ["surface_normals", "structure_tensor"], "weights": {"surface_normals": 0.05, "structure_tensor": 0.05}}, "target_fiber_source": "sobel_z", "target_fiber_sigma": 2.0, "multi_task_heads": false, "architecture": "resenc_unet", "base_feat": 64, "num_blocks": 16, "num_heads": 8, "dropout": 0.0, "pseudo_label_dir": "local_data/pseudo_labels", "foundation_model_path": null, "enforce_prize_gates": false, "min_prize_centerline_dice": 0.01, "max_prize_skel_dist": 2.0, "max_prize_cc_diff": 64.0, "min_prize_topology_samples": 1, "use_uamt": false, "ema_decay": 0.99, "consistency_weight": 0.1, "unlabeled_uris": ["local_data/PHercParis2Fr47/surface_volume.zarr"]}
2026-06-11 15:21:34	0.262675	21.082027	0.258361	0.000	0.000	0.0000	0.533549	0.37	10.223	16047.4	{"uri": null, "uris": ["local_data/PHercParis2Fr47/surface_volume.zarr"], "val_uri": "local_data/PHercParis2Fr143/surface_volume.zarr", "cache_dir": null, "use_ridges": true, "use_lasagna": false, "ridge_sigma": 2.0, "batch_size": 16, "patch_size": 64, "num_layers": 16, "lr": 5e-05, "weight_decay": 0.01, "time_budget": 900, "pinned": false, "loss_ink_bce": 0.4, "loss_ink_dice": 0.2, "loss_fiber_bce": 0.2, "loss_st": 0.1, "label_smoothing": 0.0, "aug_mode": "albumentations", "aug_flip_p": 0.5, "aug_brightness_p": 0.75, "aug_affine_p": 0.75, "aug_coarse_dropout_p": 0.5, "aug_elastic_p": 0.0, "aug_grid_p": 0.0, "aug_rotate_limit": 180, "aug_scale_limit": 0.15, "aug_scroll_decohesion_p": 0.5, "aug_scroll_warping_p": 0.0, "aug_scroll_squeeze_p": 0.25, "aug_scroll_z_dropout_p": 0.0, "aug_scroll_intensity_drift_p": 0.25, "aug_scroll_sheet_compression_p": 0.0, "aug_scroll_thick_slice_p": 0.0, "aug_scroll_rician_noise_p": 0.0, "aug_scroll_blank_rectangles_p": 0.25, "use_betti_loss": false, "betti_loss_weight": 0.1, "use_cldice": false, "cldice_weight": 0.1, "cldice_iters": 10, "use_wandb": true, "auxiliary_config": {"enabled": false, "task_types": ["surface_normals", "structure_tensor"], "weights": {"surface_normals": 0.05, "structure_tensor": 0.05}}, "target_fiber_source": "frangi", "target_fiber_sigma": 2.0, "multi_task_heads": false, "architecture": "resenc_unet", "base_feat": 64, "num_blocks": 16, "num_heads": 8, "dropout": 0.0, "pseudo_label_dir": "local_data/pseudo_labels", "foundation_model_path": null, "enforce_prize_gates": false, "min_prize_centerline_dice": 0.01, "max_prize_skel_dist": 2.0, "max_prize_cc_diff": 64.0, "min_prize_topology_samples": 1, "use_uamt": false, "ema_decay": 0.99, "consistency_weight": 0.1, "unlabeled_uris": ["local_data/PHercParis2Fr47/surface_volume.zarr"]}
2026-06-11 15:38:27	0.262675	19.201238	0.268472	0.000	0.000	0.0000	0.567462	0.38	10.223	16047.3	{"uri": null, "uris": ["local_data/PHercParis2Fr47/surface_volume.zarr"], "val_uri": "local_data/PHercParis2Fr143/surface_volume.zarr", "cache_dir": null, "use_ridges": true, "use_lasagna": false, "ridge_sigma": 2.0, "batch_size": 16, "patch_size": 64, "num_layers": 16, "lr": 5e-05, "weight_decay": 0.01, "time_budget": 900, "pinned": false, "loss_ink_bce": 0.6, "loss_ink_dice": 0.2, "loss_fiber_bce": 0.2, "loss_st": 0.1, "label_smoothing": 0.0, "aug_mode": "albumentations", "aug_flip_p": 0.5, "aug_brightness_p": 0.75, "aug_affine_p": 0.75, "aug_coarse_dropout_p": 0.5, "aug_elastic_p": 0.0, "aug_grid_p": 0.0, "aug_rotate_limit": 180, "aug_scale_limit": 0.15, "aug_scroll_decohesion_p": 0.5, "aug_scroll_warping_p": 0.0, "aug_scroll_squeeze_p": 0.5, "aug_scroll_z_dropout_p": 0.0, "aug_scroll_intensity_drift_p": 0.25, "aug_scroll_sheet_compression_p": 0.0, "aug_scroll_thick_slice_p": 0.0, "aug_scroll_rician_noise_p": 0.0, "aug_scroll_blank_rectangles_p": 0.25, "use_betti_loss": false, "betti_loss_weight": 0.1, "use_cldice": false, "cldice_weight": 0.1, "cldice_iters": 10, "use_wandb": true, "auxiliary_config": {"enabled": false, "task_types": ["surface_normals", "structure_tensor"], "weights": {"surface_normals": 0.05, "structure_tensor": 0.05}}, "target_fiber_source": "frangi", "target_fiber_sigma": 2.0, "multi_task_heads": false, "architecture": "resenc_unet", "base_feat": 64, "num_blocks": 16, "num_heads": 8, "dropout": 0.0, "pseudo_label_dir": "local_data/pseudo_labels", "foundation_model_path": null, "enforce_prize_gates": false, "min_prize_centerline_dice": 0.01, "max_prize_skel_dist": 2.0, "max_prize_cc_diff": 64.0, "min_prize_topology_samples": 1, "use_uamt": false, "ema_decay": 0.99, "consistency_weight": 0.1, "unlabeled_uris": ["local_data/PHercParis2Fr47/surface_volume.zarr"]}
2026-06-11 15:55:21	0.262675	18.989399	0.256980	0.000	0.000	0.0000	0.623378	0.33	10.227	16297.7	{"uri": null, "uris": ["local_data/PHercParis2Fr47/surface_volume.zarr"], "val_uri": "local_data/PHercParis2Fr143/surface_volume.zarr", "cache_dir": null, "use_ridges": true, "use_lasagna": false, "ridge_sigma": 2.0, "batch_size": 16, "patch_size": 64, "num_layers": 16, "lr": 5e-05, "weight_decay": 0.01, "time_budget": 900, "pinned": false, "loss_ink_bce": 0.6, "loss_ink_dice": 0.2, "loss_fiber_bce": 0.2, "loss_st": 0.1, "label_smoothing": 0.0, "aug_mode": "albumentations", "aug_flip_p": 0.5, "aug_brightness_p": 0.75, "aug_affine_p": 0.75, "aug_coarse_dropout_p": 0.5, "aug_elastic_p": 0.0, "aug_grid_p": 0.0, "aug_rotate_limit": 180, "aug_scale_limit": 0.15, "aug_scroll_decohesion_p": 0.5, "aug_scroll_warping_p": 0.0, "aug_scroll_squeeze_p": 0.25, "aug_scroll_z_dropout_p": 0.0, "aug_scroll_intensity_drift_p": 0.25, "aug_scroll_sheet_compression_p": 0.0, "aug_scroll_thick_slice_p": 0.0, "aug_scroll_rician_noise_p": 0.0, "aug_scroll_blank_rectangles_p": 0.25, "use_betti_loss": false, "betti_loss_weight": 0.1, "use_cldice": false, "cldice_weight": 0.1, "cldice_iters": 10, "use_wandb": true, "auxiliary_config": {"enabled": false, "task_types": ["surface_normals", "structure_tensor"], "weights": {"surface_normals": 0.05, "structure_tensor": 0.05}}, "target_fiber_source": "frangi", "target_fiber_sigma": 2.0, "multi_task_heads": true, "architecture": "resenc_unet", "base_feat": 64, "num_blocks": 16, "num_heads": 8, "dropout": 0.0, "pseudo_label_dir": "local_data/pseudo_labels", "foundation_model_path": null, "enforce_prize_gates": false, "min_prize_centerline_dice": 0.01, "max_prize_skel_dist": 2.0, "max_prize_cc_diff": 64.0, "min_prize_topology_samples": 1, "use_uamt": false, "ema_decay": 0.99, "consistency_weight": 0.1, "unlabeled_uris": ["local_data/PHercParis2Fr47/surface_volume.zarr"]}
2026-06-11 16:11:58	0.262675	22.959479	0.257763	0.000	0.000	0.0000	0.616732	0.38	10.223	16048.2	{"uri": null, "uris": ["local_data/PHercParis2Fr47/surface_volume.zarr"], "val_uri": "local_data/PHercParis2Fr143/surface_volume.zarr", "cache_dir": null, "use_ridges": true, "use_lasagna": false, "ridge_sigma": 2.0, "batch_size": 16, "patch_size": 64, "num_layers": 16, "lr": 5e-05, "weight_decay": 0.01, "time_budget": 900, "pinned": false, "loss_ink_bce": 0.6, "loss_ink_dice": 0.2, "loss_fiber_bce": 0.2, "loss_st": 0.1, "label_smoothing": 0.0, "aug_mode": "albumentations", "aug_flip_p": 0.5, "aug_brightness_p": 0.75, "aug_affine_p": 0.75, "aug_coarse_dropout_p": 0.5, "aug_elastic_p": 0.0, "aug_grid_p": 0.0, "aug_rotate_limit": 180, "aug_scale_limit": 0.15, "aug_scroll_decohesion_p": 0.5, "aug_scroll_warping_p": 0.0, "aug_scroll_squeeze_p": 0.25, "aug_scroll_z_dropout_p": 0.0, "aug_scroll_intensity_drift_p": 0.5, "aug_scroll_sheet_compression_p": 0.0, "aug_scroll_thick_slice_p": 0.0, "aug_scroll_rician_noise_p": 0.0, "aug_scroll_blank_rectangles_p": 0.25, "use_betti_loss": false, "betti_loss_weight": 0.1, "use_cldice": false, "cldice_weight": 0.1, "cldice_iters": 10, "use_wandb": true, "auxiliary_config": {"enabled": false, "task_types": ["surface_normals", "structure_tensor"], "weights": {"surface_normals": 0.05, "structure_tensor": 0.05}}, "target_fiber_source": "frangi", "target_fiber_sigma": 2.0, "multi_task_heads": false, "architecture": "resenc_unet", "base_feat": 64, "num_blocks": 16, "num_heads": 8, "dropout": 0.0, "pseudo_label_dir": "local_data/pseudo_labels", "foundation_model_path": null, "enforce_prize_gates": false, "min_prize_centerline_dice": 0.01, "max_prize_skel_dist": 2.0, "max_prize_cc_diff": 64.0, "min_prize_topology_samples": 1, "use_uamt": false, "ema_decay": 0.99, "consistency_weight": 0.1, "unlabeled_uris": ["local_data/PHercParis2Fr47/surface_volume.zarr"]}
2026-06-11 16:28:29	0.262675	20.590260	0.272560	0.000	0.000	0.0000	0.714107	0.36	10.223	16047.6	{"uri": null, "uris": ["local_data/PHercParis2Fr47/surface_volume.zarr"], "val_uri": "local_data/PHercParis2Fr143/surface_volume.zarr", "cache_dir": null, "use_ridges": true, "use_lasagna": false, "ridge_sigma": 2.0, "batch_size": 16, "patch_size": 64, "num_layers": 16, "lr": 5e-05, "weight_decay": 0.01, "time_budget": 900, "pinned": false, "loss_ink_bce": 0.6, "loss_ink_dice": 0.2, "loss_fiber_bce": 0.2, "loss_st": 0.2, "label_smoothing": 0.0, "aug_mode": "albumentations", "aug_flip_p": 0.5, "aug_brightness_p": 0.75, "aug_affine_p": 0.75, "aug_coarse_dropout_p": 0.5, "aug_elastic_p": 0.0, "aug_grid_p": 0.0, "aug_rotate_limit": 180, "aug_scale_limit": 0.15, "aug_scroll_decohesion_p": 0.5, "aug_scroll_warping_p": 0.0, "aug_scroll_squeeze_p": 0.25, "aug_scroll_z_dropout_p": 0.0, "aug_scroll_intensity_drift_p": 0.25, "aug_scroll_sheet_compression_p": 0.0, "aug_scroll_thick_slice_p": 0.0, "aug_scroll_rician_noise_p": 0.0, "aug_scroll_blank_rectangles_p": 0.25, "use_betti_loss": false, "betti_loss_weight": 0.1, "use_cldice": false, "cldice_weight": 0.1, "cldice_iters": 10, "use_wandb": true, "auxiliary_config": {"enabled": false, "task_types": ["surface_normals", "structure_tensor"], "weights": {"surface_normals": 0.05, "structure_tensor": 0.05}}, "target_fiber_source": "frangi", "target_fiber_sigma": 2.0, "multi_task_heads": false, "architecture": "resenc_unet", "base_feat": 64, "num_blocks": 16, "num_heads": 8, "dropout": 0.0, "pseudo_label_dir": "local_data/pseudo_labels", "foundation_model_path": null, "enforce_prize_gates": false, "min_prize_centerline_dice": 0.01, "max_prize_skel_dist": 2.0, "max_prize_cc_diff": 64.0, "min_prize_topology_samples": 1, "use_uamt": false, "ema_decay": 0.99, "consistency_weight": 0.1, "unlabeled_uris": ["local_data/PHercParis2Fr47/surface_volume.zarr"]}
2026-06-11 16:45:03	0.262675	23.839660	0.262312	0.000	0.000	0.0000	0.549509	0.38	10.223	16047.6	{"uri": null, "uris": ["local_data/PHercParis2Fr47/surface_volume.zarr"], "val_uri": "local_data/PHercParis2Fr143/surface_volume.zarr", "cache_dir": null, "use_ridges": true, "use_lasagna": false, "ridge_sigma": 2.0, "batch_size": 16, "patch_size": 64, "num_layers": 16, "lr": 5e-05, "weight_decay": 0.01, "time_budget": 900, "pinned": false, "loss_ink_bce": 0.6, "loss_ink_dice": 0.2, "loss_fiber_bce": 0.1, "loss_st": 0.1, "label_smoothing": 0.0, "aug_mode": "albumentations", "aug_flip_p": 0.5, "aug_brightness_p": 0.75, "aug_affine_p": 0.75, "aug_coarse_dropout_p": 0.5, "aug_elastic_p": 0.0, "aug_grid_p": 0.0, "aug_rotate_limit": 180, "aug_scale_limit": 0.15, "aug_scroll_decohesion_p": 0.5, "aug_scroll_warping_p": 0.0, "aug_scroll_squeeze_p": 0.25, "aug_scroll_z_dropout_p": 0.0, "aug_scroll_intensity_drift_p": 0.25, "aug_scroll_sheet_compression_p": 0.0, "aug_scroll_thick_slice_p": 0.0, "aug_scroll_rician_noise_p": 0.0, "aug_scroll_blank_rectangles_p": 0.25, "use_betti_loss": false, "betti_loss_weight": 0.1, "use_cldice": false, "cldice_weight": 0.1, "cldice_iters": 10, "use_wandb": true, "auxiliary_config": {"enabled": false, "task_types": ["surface_normals", "structure_tensor"], "weights": {"surface_normals": 0.05, "structure_tensor": 0.05}}, "target_fiber_source": "frangi", "target_fiber_sigma": 2.0, "multi_task_heads": false, "architecture": "resenc_unet", "base_feat": 64, "num_blocks": 16, "num_heads": 8, "dropout": 0.0, "pseudo_label_dir": "local_data/pseudo_labels", "foundation_model_path": null, "enforce_prize_gates": false, "min_prize_centerline_dice": 0.01, "max_prize_skel_dist": 2.0, "max_prize_cc_diff": 64.0, "min_prize_topology_samples": 1, "use_uamt": false, "ema_decay": 0.99, "consistency_weight": 0.1, "unlabeled_uris": ["local_data/PHercParis2Fr47/surface_volume.zarr"]}
2026-06-11 17:01:29	0.262675	20.056713	0.260038	0.000	0.000	0.0000	0.508708	0.40	10.223	16047.8	{"uri": null, "uris": ["local_data/PHercParis2Fr47/surface_volume.zarr"], "val_uri": "local_data/PHercParis2Fr143/surface_volume.zarr", "cache_dir": null, "use_ridges": true, "use_lasagna": true, "ridge_sigma": 2.0, "batch_size": 16, "patch_size": 64, "num_layers": 16, "lr": 5e-05, "weight_decay": 0.01, "time_budget": 900, "pinned": false, "loss_ink_bce": 0.6, "loss_ink_dice": 0.2, "loss_fiber_bce": 0.2, "loss_st": 0.1, "label_smoothing": 0.0, "aug_mode": "albumentations", "aug_flip_p": 0.5, "aug_brightness_p": 0.75, "aug_affine_p": 0.75, "aug_coarse_dropout_p": 0.5, "aug_elastic_p": 0.0, "aug_grid_p": 0.0, "aug_rotate_limit": 180, "aug_scale_limit": 0.15, "aug_scroll_decohesion_p": 0.5, "aug_scroll_warping_p": 0.0, "aug_scroll_squeeze_p": 0.25, "aug_scroll_z_dropout_p": 0.0, "aug_scroll_intensity_drift_p": 0.25, "aug_scroll_sheet_compression_p": 0.0, "aug_scroll_thick_slice_p": 0.0, "aug_scroll_rician_noise_p": 0.0, "aug_scroll_blank_rectangles_p": 0.25, "use_betti_loss": false, "betti_loss_weight": 0.1, "use_cldice": false, "cldice_weight": 0.1, "cldice_iters": 10, "use_wandb": true, "auxiliary_config": {"enabled": false, "task_types": ["surface_normals", "structure_tensor"], "weights": {"surface_normals": 0.05, "structure_tensor": 0.05}}, "target_fiber_source": "frangi", "target_fiber_sigma": 2.0, "multi_task_heads": false, "architecture": "resenc_unet", "base_feat": 64, "num_blocks": 16, "num_heads": 8, "dropout": 0.0, "pseudo_label_dir": "local_data/pseudo_labels", "foundation_model_path": null, "enforce_prize_gates": false, "min_prize_centerline_dice": 0.01, "max_prize_skel_dist": 2.0, "max_prize_cc_diff": 64.0, "min_prize_topology_samples": 1, "use_uamt": false, "ema_decay": 0.99, "consistency_weight": 0.1, "unlabeled_uris": ["local_data/PHercParis2Fr47/surface_volume.zarr"]}
2026-06-11 17:17:52	0.262675	22.723075	0.317909	0.000	0.000	0.0000	0.629699	0.42	10.223	16047.4	{"uri": null, "uris": ["local_data/PHercParis2Fr47/surface_volume.zarr"], "val_uri": "local_data/PHercParis2Fr143/surface_volume.zarr", "cache_dir": null, "use_ridges": true, "use_lasagna": false, "ridge_sigma": 2.0, "batch_size": 16, "patch_size": 64, "num_layers": 16, "lr": 5e-05, "weight_decay": 0.01, "time_budget": 900, "pinned": false, "loss_ink_bce": 0.6, "loss_ink_dice": 0.2, "loss_fiber_bce": 0.2, "loss_st": 0.1, "label_smoothing": 0.0, "aug_mode": "albumentations", "aug_flip_p": 0.5, "aug_brightness_p": 0.75, "aug_affine_p": 0.75, "aug_coarse_dropout_p": 0.5, "aug_elastic_p": 0.0, "aug_grid_p": 0.0, "aug_rotate_limit": 180, "aug_scale_limit": 0.15, "aug_scroll_decohesion_p": 0.5, "aug_scroll_warping_p": 0.0, "aug_scroll_squeeze_p": 0.25, "aug_scroll_z_dropout_p": 0.0, "aug_scroll_intensity_drift_p": 0.25, "aug_scroll_sheet_compression_p": 0.0, "aug_scroll_thick_slice_p": 0.0, "aug_scroll_rician_noise_p": 0.0, "aug_scroll_blank_rectangles_p": 0.0, "use_betti_loss": false, "betti_loss_weight": 0.1, "use_cldice": false, "cldice_weight": 0.1, "cldice_iters": 10, "use_wandb": true, "auxiliary_config": {"enabled": false, "task_types": ["surface_normals", "structure_tensor"], "weights": {"surface_normals": 0.05, "structure_tensor": 0.05}}, "target_fiber_source": "frangi", "target_fiber_sigma": 2.0, "multi_task_heads": false, "architecture": "resenc_unet", "base_feat": 64, "num_blocks": 16, "num_heads": 8, "dropout": 0.0, "pseudo_label_dir": "local_data/pseudo_labels", "foundation_model_path": null, "enforce_prize_gates": false, "min_prize_centerline_dice": 0.01, "max_prize_skel_dist": 2.0, "max_prize_cc_diff": 64.0, "min_prize_topology_samples": 1, "use_uamt": false, "ema_decay": 0.99, "consistency_weight": 0.1, "unlabeled_uris": ["local_data/PHercParis2Fr47/surface_volume.zarr"]}
2026-06-11 17:46:03	0.262675	18.641748	0.292638	0.000	0.000	0.0000	0.507475	0.40	10.223	16047.3	{"uri": null, "uris": ["local_data/PHercParis2Fr47/surface_volume.zarr"], "val_uri": "local_data/PHercParis2Fr143/surface_volume.zarr", "cache_dir": null, "use_ridges": true, "use_lasagna": false, "ridge_sigma": 2.0, "batch_size": 16, "patch_size": 64, "num_layers": 16, "lr": 5e-05, "weight_decay": 0.0, "time_budget": 900, "pinned": false, "loss_ink_bce": 0.6, "loss_ink_dice": 0.2, "loss_fiber_bce": 0.2, "loss_st": 0.1, "label_smoothing": 0.0, "aug_mode": "albumentations", "aug_flip_p": 0.5, "aug_brightness_p": 0.75, "aug_affine_p": 0.75, "aug_coarse_dropout_p": 0.5, "aug_elastic_p": 0.0, "aug_grid_p": 0.0, "aug_rotate_limit": 180, "aug_scale_limit": 0.15, "aug_scroll_decohesion_p": 0.5, "aug_scroll_warping_p": 0.0, "aug_scroll_squeeze_p": 0.25, "aug_scroll_z_dropout_p": 0.0, "aug_scroll_intensity_drift_p": 0.25, "aug_scroll_sheet_compression_p": 0.0, "aug_scroll_thick_slice_p": 0.0, "aug_scroll_rician_noise_p": 0.0, "aug_scroll_blank_rectangles_p": 0.0, "use_betti_loss": false, "betti_loss_weight": 0.1, "use_cldice": false, "cldice_weight": 0.1, "cldice_iters": 10, "use_wandb": true, "auxiliary_config": {"enabled": false, "task_types": ["surface_normals", "structure_tensor"], "weights": {"surface_normals": 0.05, "structure_tensor": 0.05}}, "target_fiber_source": "frangi", "target_fiber_sigma": 2.0, "multi_task_heads": false, "architecture": "resenc_unet", "base_feat": 64, "num_blocks": 16, "num_heads": 8, "dropout": 0.0, "pseudo_label_dir": "local_data/pseudo_labels", "foundation_model_path": null, "enforce_prize_gates": false, "min_prize_centerline_dice": 0.01, "max_prize_skel_dist": 2.0, "max_prize_cc_diff": 64.0, "min_prize_topology_samples": 1, "use_uamt": false, "ema_decay": 0.99, "consistency_weight": 0.1, "unlabeled_uris": ["local_data/PHercParis2Fr47/surface_volume.zarr"]}
2026-06-11 18:02:57	0.262675	21.927070	0.263489	0.000	0.000	0.0000	0.585779	0.38	10.223	16047.3	{"uri": null, "uris": ["local_data/PHercParis2Fr47/surface_volume.zarr"], "val_uri": "local_data/PHercParis2Fr143/surface_volume.zarr", "cache_dir": null, "use_ridges": true, "use_lasagna": false, "ridge_sigma": 2.0, "batch_size": 16, "patch_size": 64, "num_layers": 16, "lr": 5e-05, "weight_decay": 0.01, "time_budget": 900, "pinned": false, "loss_ink_bce": 0.6, "loss_ink_dice": 0.2, "loss_fiber_bce": 0.2, "loss_st": 0.1, "label_smoothing": 0.0, "aug_mode": "albumentations", "aug_flip_p": 0.5, "aug_brightness_p": 0.75, "aug_affine_p": 0.75, "aug_coarse_dropout_p": 0.5, "aug_elastic_p": 0.0, "aug_grid_p": 0.0, "aug_rotate_limit": 180, "aug_scale_limit": 0.15, "aug_scroll_decohesion_p": 0.5, "aug_scroll_warping_p": 0.0, "aug_scroll_squeeze_p": 0.25, "aug_scroll_z_dropout_p": 0.0, "aug_scroll_intensity_drift_p": 0.25, "aug_scroll_sheet_compression_p": 0.0, "aug_scroll_thick_slice_p": 0.0, "aug_scroll_rician_noise_p": 0.25, "aug_scroll_blank_rectangles_p": 0.0, "use_betti_loss": false, "betti_loss_weight": 0.1, "use_cldice": false, "cldice_weight": 0.1, "cldice_iters": 10, "use_wandb": true, "auxiliary_config": {"enabled": false, "task_types": ["surface_normals", "structure_tensor"], "weights": {"surface_normals": 0.05, "structure_tensor": 0.05}}, "target_fiber_source": "frangi", "target_fiber_sigma": 2.0, "multi_task_heads": false, "architecture": "resenc_unet", "base_feat": 64, "num_blocks": 16, "num_heads": 8, "dropout": 0.0, "pseudo_label_dir": "local_data/pseudo_labels", "foundation_model_path": null, "enforce_prize_gates": false, "min_prize_centerline_dice": 0.01, "max_prize_skel_dist": 2.0, "max_prize_cc_diff": 64.0, "min_prize_topology_samples": 1, "use_uamt": false, "ema_decay": 0.99, "consistency_weight": 0.1, "unlabeled_uris": ["local_data/PHercParis2Fr47/surface_volume.zarr"]}
2026-06-11 22:17:44	1.000000	nan	0.000000	0.000	0.000	0.0000	0.712117	0.25	10.223	16047.6	{"uri": null, "uris": ["local_data/PHercParis2Fr47/surface_volume.zarr"], "val_uri": "local_data/PHercParis2Fr143/surface_volume.zarr", "cache_dir": null, "use_ridges": true, "use_lasagna": false, "ridge_sigma": 2.0, "batch_size": 16, "patch_size": 64, "num_layers": 16, "lr": 5e-05, "weight_decay": 0.01, "time_budget": 30, "pinned": false, "loss_ink_bce": 0.6, "loss_ink_dice": 0.2, "loss_fiber_bce": 0.2, "loss_st": 0.1, "label_smoothing": 0.0, "aug_mode": "albumentations", "aug_flip_p": 0.5, "aug_brightness_p": 0.75, "aug_affine_p": 0.75, "aug_coarse_dropout_p": 0.5, "aug_elastic_p": 0.0, "aug_grid_p": 0.0, "aug_rotate_limit": 180, "aug_scale_limit": 0.15, "aug_scroll_decohesion_p": 0.5, "aug_scroll_warping_p": 0.0, "aug_scroll_squeeze_p": 0.25, "aug_scroll_z_dropout_p": 0.0, "aug_scroll_intensity_drift_p": 0.25, "aug_scroll_sheet_compression_p": 0.0, "aug_scroll_thick_slice_p": 0.0, "aug_scroll_rician_noise_p": 0.0, "aug_scroll_blank_rectangles_p": 0.0, "use_betti_loss": false, "betti_loss_weight": 0.1, "use_cldice": false, "cldice_weight": 0.1, "cldice_iters": 10, "use_wandb": true, "auxiliary_config": {"enabled": false, "task_types": ["surface_normals", "structure_tensor"], "weights": {"surface_normals": 0.05, "structure_tensor": 0.05}}, "target_fiber_source": "frangi", "target_fiber_sigma": 2.0, "multi_task_heads": false, "architecture": "resenc_unet", "base_feat": 64, "num_blocks": 16, "num_heads": 8, "dropout": 0.0, "pseudo_label_dir": "local_data/pseudo_labels", "foundation_model_path": null, "enforce_prize_gates": false, "min_prize_centerline_dice": 0.01, "max_prize_skel_dist": 2.0, "max_prize_cc_diff": 64.0, "min_prize_topology_samples": 1, "use_uamt": false, "ema_decay": 0.99, "consistency_weight": 0.1, "unlabeled_uris": ["local_data/PHercParis2Fr47/surface_volume.zarr"]}
2026-06-11 22:23:31	0.262675	23.719534	0.320530	0.000	0.000	0.0000	0.373485	0.29	10.223	16047.4	{"uri": null, "uris": ["local_data/PHercParis2Fr47/surface_volume.zarr"], "val_uri": "local_data/PHercParis2Fr143/surface_volume.zarr", "cache_dir": null, "use_ridges": true, "use_lasagna": false, "ridge_sigma": 2.0, "batch_size": 16, "patch_size": 64, "num_layers": 16, "lr": 5e-05, "weight_decay": 0.01, "time_budget": 30, "pinned": false, "loss_ink_bce": 0.6, "loss_ink_dice": 0.2, "loss_fiber_bce": 0.2, "loss_st": 0.1, "label_smoothing": 0.0, "aug_mode": "albumentations", "aug_flip_p": 0.5, "aug_brightness_p": 0.75, "aug_affine_p": 0.75, "aug_coarse_dropout_p": 0.5, "aug_elastic_p": 0.0, "aug_grid_p": 0.0, "aug_rotate_limit": 180, "aug_scale_limit": 0.15, "aug_scroll_decohesion_p": 0.5, "aug_scroll_warping_p": 0.0, "aug_scroll_squeeze_p": 0.25, "aug_scroll_z_dropout_p": 0.0, "aug_scroll_intensity_drift_p": 0.25, "aug_scroll_sheet_compression_p": 0.0, "aug_scroll_thick_slice_p": 0.0, "aug_scroll_rician_noise_p": 0.0, "aug_scroll_blank_rectangles_p": 0.0, "use_betti_loss": false, "betti_loss_weight": 0.1, "use_cldice": false, "cldice_weight": 0.1, "cldice_iters": 10, "use_wandb": true, "auxiliary_config": {"enabled": false, "task_types": ["surface_normals", "structure_tensor"], "weights": {"surface_normals": 0.05, "structure_tensor": 0.05}}, "target_fiber_source": "frangi", "target_fiber_sigma": 2.0, "multi_task_heads": false, "architecture": "resenc_unet", "base_feat": 64, "num_blocks": 16, "num_heads": 8, "dropout": 0.0, "pseudo_label_dir": "local_data/pseudo_labels", "foundation_model_path": null, "enforce_prize_gates": false, "min_prize_centerline_dice": 0.01, "max_prize_skel_dist": 2.0, "max_prize_cc_diff": 64.0, "min_prize_topology_samples": 1, "use_uamt": false, "ema_decay": 0.99, "consistency_weight": 0.1, "unlabeled_uris": ["local_data/PHercParis2Fr47/surface_volume.zarr"]}
2026-06-11 23:28:32	0.262675	18.517042	0.262720	0.000	0.000	0.0000	0.671654	0.33	10.223	16047.4	{"uri": null, "uris": ["local_data/PHercParis2Fr47/surface_volume.zarr"], "val_uri": "local_data/PHercParis2Fr143/surface_volume.zarr", "cache_dir": null, "use_ridges": true, "use_lasagna": false, "ridge_sigma": 2.0, "batch_size": 16, "patch_size": 64, "num_layers": 16, "lr": 5e-05, "weight_decay": 0.01, "time_budget": 3600, "pinned": false, "loss_ink_bce": 0.6, "loss_ink_dice": 0.2, "loss_fiber_bce": 0.2, "loss_st": 0.1, "label_smoothing": 0.0, "aug_mode": "albumentations", "aug_flip_p": 0.5, "aug_brightness_p": 0.75, "aug_affine_p": 0.75, "aug_coarse_dropout_p": 0.5, "aug_elastic_p": 0.0, "aug_grid_p": 0.0, "aug_rotate_limit": 180, "aug_scale_limit": 0.15, "aug_scroll_decohesion_p": 0.5, "aug_scroll_warping_p": 0.0, "aug_scroll_squeeze_p": 0.25, "aug_scroll_z_dropout_p": 0.25, "aug_scroll_intensity_drift_p": 0.25, "aug_scroll_sheet_compression_p": 0.0, "aug_scroll_thick_slice_p": 0.0, "aug_scroll_rician_noise_p": 0.0, "aug_scroll_blank_rectangles_p": 0.0, "use_betti_loss": false, "betti_loss_weight": 0.1, "use_cldice": false, "cldice_weight": 0.1, "cldice_iters": 10, "use_wandb": true, "auxiliary_config": {"enabled": false, "task_types": ["surface_normals", "structure_tensor"], "weights": {"surface_normals": 0.05, "structure_tensor": 0.05}}, "target_fiber_source": "frangi", "target_fiber_sigma": 2.0, "multi_task_heads": false, "architecture": "resenc_unet", "base_feat": 64, "num_blocks": 16, "num_heads": 8, "dropout": 0.0, "pseudo_label_dir": "local_data/pseudo_labels", "foundation_model_path": null, "enforce_prize_gates": false, "min_prize_centerline_dice": 0.01, "max_prize_skel_dist": 2.0, "max_prize_cc_diff": 64.0, "min_prize_topology_samples": 1, "use_uamt": false, "ema_decay": 0.99, "consistency_weight": 0.1, "unlabeled_uris": ["local_data/PHercParis2Fr47/surface_volume.zarr"]}
2026-06-12 00:31:44	0.262675	23.096296	0.287820	0.000	0.000	0.0000	0.523952	0.31	10.223	16047.6	{"uri": null, "uris": ["local_data/PHercParis2Fr47/surface_volume.zarr"], "val_uri": "local_data/PHercParis2Fr143/surface_volume.zarr", "cache_dir": null, "use_ridges": true, "use_lasagna": false, "ridge_sigma": 2.0, "batch_size": 16, "patch_size": 64, "num_layers": 16, "lr": 5e-05, "weight_decay": 0.01, "time_budget": 3600, "pinned": false, "loss_ink_bce": 0.6, "loss_ink_dice": 0.2, "loss_fiber_bce": 0.2, "loss_st": 0.1, "label_smoothing": 0.0, "aug_mode": "albumentations", "aug_flip_p": 0.5, "aug_brightness_p": 0.75, "aug_affine_p": 0.75, "aug_coarse_dropout_p": 0.5, "aug_elastic_p": 0.0, "aug_grid_p": 0.0, "aug_rotate_limit": 180, "aug_scale_limit": 0.15, "aug_scroll_decohesion_p": 0.0, "aug_scroll_warping_p": 0.0, "aug_scroll_squeeze_p": 0.25, "aug_scroll_z_dropout_p": 0.0, "aug_scroll_intensity_drift_p": 0.25, "aug_scroll_sheet_compression_p": 0.0, "aug_scroll_thick_slice_p": 0.0, "aug_scroll_rician_noise_p": 0.0, "aug_scroll_blank_rectangles_p": 0.0, "use_betti_loss": false, "betti_loss_weight": 0.1, "use_cldice": false, "cldice_weight": 0.1, "cldice_iters": 10, "use_wandb": true, "auxiliary_config": {"enabled": false, "task_types": ["surface_normals", "structure_tensor"], "weights": {"surface_normals": 0.05, "structure_tensor": 0.05}}, "target_fiber_source": "frangi", "target_fiber_sigma": 2.0, "multi_task_heads": false, "architecture": "resenc_unet", "base_feat": 64, "num_blocks": 16, "num_heads": 8, "dropout": 0.0, "pseudo_label_dir": "local_data/pseudo_labels", "foundation_model_path": null, "enforce_prize_gates": false, "min_prize_centerline_dice": 0.01, "max_prize_skel_dist": 2.0, "max_prize_cc_diff": 64.0, "min_prize_topology_samples": 1, "use_uamt": false, "ema_decay": 0.99, "consistency_weight": 0.1, "unlabeled_uris": ["local_data/PHercParis2Fr47/surface_volume.zarr"]}
2026-06-12 02:41:27	0.262675	19.523615	0.302674	0.000	0.000	0.0000	0.489797	0.25	10.223	16047.4	{"uri": null, "uris": ["local_data/PHercParis2Fr47/surface_volume.zarr"], "val_uri": "local_data/PHercParis2Fr143/surface_volume.zarr", "cache_dir": null, "use_ridges": true, "use_lasagna": false, "ridge_sigma": 2.0, "batch_size": 16, "patch_size": 64, "num_layers": 16, "lr": 5e-05, "weight_decay": 0.01, "time_budget": 3600, "pinned": false, "loss_ink_bce": 0.6, "loss_ink_dice": 0.2, "loss_fiber_bce": 0.2, "loss_st": 0.1, "label_smoothing": 0.0, "aug_mode": "albumentations", "aug_flip_p": 0.5, "aug_brightness_p": 0.75, "aug_affine_p": 0.75, "aug_coarse_dropout_p": 0.5, "aug_elastic_p": 0.0, "aug_grid_p": 0.0, "aug_rotate_limit": 180, "aug_scale_limit": 0.15, "aug_scroll_decohesion_p": 0.5, "aug_scroll_warping_p": 0.25, "aug_scroll_squeeze_p": 0.25, "aug_scroll_z_dropout_p": 0.0, "aug_scroll_intensity_drift_p": 0.25, "aug_scroll_sheet_compression_p": 0.0, "aug_scroll_thick_slice_p": 0.0, "aug_scroll_rician_noise_p": 0.0, "aug_scroll_blank_rectangles_p": 0.0, "use_betti_loss": false, "betti_loss_weight": 0.1, "use_cldice": false, "cldice_weight": 0.1, "cldice_iters": 10, "use_wandb": true, "auxiliary_config": {"enabled": false, "task_types": ["surface_normals", "structure_tensor"], "weights": {"surface_normals": 0.05, "structure_tensor": 0.05}}, "target_fiber_source": "frangi", "target_fiber_sigma": 2.0, "multi_task_heads": false, "architecture": "resenc_unet", "base_feat": 64, "num_blocks": 16, "num_heads": 8, "dropout": 0.0, "pseudo_label_dir": "local_data/pseudo_labels", "foundation_model_path": null, "enforce_prize_gates": false, "min_prize_centerline_dice": 0.01, "max_prize_skel_dist": 2.0, "max_prize_cc_diff": 64.0, "min_prize_topology_samples": 1, "use_uamt": false, "ema_decay": 0.99, "consistency_weight": 0.1, "unlabeled_uris": ["local_data/PHercParis2Fr47/surface_volume.zarr"]}
2026-06-12 03:44:19	0.262675	23.098021	0.283771	0.000	0.000	0.0000	0.468721	0.29	10.223	16047.4	{"uri": null, "uris": ["local_data/PHercParis2Fr47/surface_volume.zarr"], "val_uri": "local_data/PHercParis2Fr143/surface_volume.zarr", "cache_dir": null, "use_ridges": true, "use_lasagna": false, "ridge_sigma": 2.0, "batch_size": 16, "patch_size": 64, "num_layers": 16, "lr": 5e-05, "weight_decay": 0.01, "time_budget": 3600, "pinned": false, "loss_ink_bce": 0.6, "loss_ink_dice": 0.2, "loss_fiber_bce": 0.2, "loss_st": 0.1, "label_smoothing": 0.0, "aug_mode": "albumentations", "aug_flip_p": 0.5, "aug_brightness_p": 0.75, "aug_affine_p": 0.75, "aug_coarse_dropout_p": 0.5, "aug_elastic_p": 0.0, "aug_grid_p": 0.0, "aug_rotate_limit": 180, "aug_scale_limit": 0.15, "aug_scroll_decohesion_p": 0.5, "aug_scroll_warping_p": 0.0, "aug_scroll_squeeze_p": 0.25, "aug_scroll_z_dropout_p": 0.0, "aug_scroll_intensity_drift_p": 0.25, "aug_scroll_sheet_compression_p": 0.0, "aug_scroll_thick_slice_p": 0.0, "aug_scroll_rician_noise_p": 0.5, "aug_scroll_blank_rectangles_p": 0.0, "use_betti_loss": false, "betti_loss_weight": 0.1, "use_cldice": false, "cldice_weight": 0.1, "cldice_iters": 10, "use_wandb": true, "auxiliary_config": {"enabled": false, "task_types": ["surface_normals", "structure_tensor"], "weights": {"surface_normals": 0.05, "structure_tensor": 0.05}}, "target_fiber_source": "frangi", "target_fiber_sigma": 2.0, "multi_task_heads": false, "architecture": "resenc_unet", "base_feat": 64, "num_blocks": 16, "num_heads": 8, "dropout": 0.0, "pseudo_label_dir": "local_data/pseudo_labels", "foundation_model_path": null, "enforce_prize_gates": false, "min_prize_centerline_dice": 0.01, "max_prize_skel_dist": 2.0, "max_prize_cc_diff": 64.0, "min_prize_topology_samples": 1, "use_uamt": false, "ema_decay": 0.99, "consistency_weight": 0.1, "unlabeled_uris": ["local_data/PHercParis2Fr47/surface_volume.zarr"]}
2026-06-12 04:46:54	0.262675	17.673995	0.298628	0.000	0.000	0.0000	0.707889	0.32	10.223	16047.4	{"uri": null, "uris": ["local_data/PHercParis2Fr47/surface_volume.zarr"], "val_uri": "local_data/PHercParis2Fr143/surface_volume.zarr", "cache_dir": null, "use_ridges": true, "use_lasagna": false, "ridge_sigma": 2.0, "batch_size": 16, "patch_size": 64, "num_layers": 16, "lr": 5e-05, "weight_decay": 0.01, "time_budget": 3600, "pinned": false, "loss_ink_bce": 0.6, "loss_ink_dice": 0.2, "loss_fiber_bce": 0.2, "loss_st": 0.1, "label_smoothing": 0.0, "aug_mode": "albumentations", "aug_flip_p": 0.5, "aug_brightness_p": 0.75, "aug_affine_p": 0.75, "aug_coarse_dropout_p": 0.5, "aug_elastic_p": 0.0, "aug_grid_p": 0.0, "aug_rotate_limit": 180, "aug_scale_limit": 0.15, "aug_scroll_decohesion_p": 0.5, "aug_scroll_warping_p": 0.0, "aug_scroll_squeeze_p": 0.25, "aug_scroll_z_dropout_p": 0.0, "aug_scroll_intensity_drift_p": 0.25, "aug_scroll_sheet_compression_p": 0.0, "aug_scroll_thick_slice_p": 0.0, "aug_scroll_rician_noise_p": 0.0, "aug_scroll_blank_rectangles_p": 0.0, "use_betti_loss": false, "betti_loss_weight": 0.1, "use_cldice": false, "cldice_weight": 0.1, "cldice_iters": 10, "use_wandb": true, "auxiliary_config": {"enabled": false, "task_types": ["surface_normals", "structure_tensor"], "weights": {"surface_normals": 0.05, "structure_tensor": 0.05}}, "target_fiber_source": "frangi", "target_fiber_sigma": 2.0, "multi_task_heads": false, "architecture": "resenc_unet", "base_feat": 64, "num_blocks": 16, "num_heads": 8, "dropout": 0.0, "pseudo_label_dir": "local_data/pseudo_labels", "foundation_model_path": null, "enforce_prize_gates": false, "min_prize_centerline_dice": 0.01, "max_prize_skel_dist": 2.0, "max_prize_cc_diff": 64.0, "min_prize_topology_samples": 1, "use_uamt": false, "ema_decay": 0.99, "consistency_weight": 0.1, "unlabeled_uris": ["local_data/PHercParis2Fr47/surface_volume.zarr"]}
2026-06-12 05:49:28	0.262675	17.768793	0.291815	0.000	0.000	0.0000	0.708110	0.32	10.223	16047.8	{"uri": null, "uris": ["local_data/PHercParis2Fr47/surface_volume.zarr"], "val_uri": "local_data/PHercParis2Fr143/surface_volume.zarr", "cache_dir": null, "use_ridges": true, "use_lasagna": false, "ridge_sigma": 2.0, "batch_size": 16, "patch_size": 64, "num_layers": 16, "lr": 5e-05, "weight_decay": 0.001, "time_budget": 3600, "pinned": false, "loss_ink_bce": 0.6, "loss_ink_dice": 0.2, "loss_fiber_bce": 0.2, "loss_st": 0.1, "label_smoothing": 0.0, "aug_mode": "albumentations", "aug_flip_p": 0.5, "aug_brightness_p": 0.75, "aug_affine_p": 0.75, "aug_coarse_dropout_p": 0.5, "aug_elastic_p": 0.0, "aug_grid_p": 0.0, "aug_rotate_limit": 180, "aug_scale_limit": 0.15, "aug_scroll_decohesion_p": 0.5, "aug_scroll_warping_p": 0.0, "aug_scroll_squeeze_p": 0.25, "aug_scroll_z_dropout_p": 0.0, "aug_scroll_intensity_drift_p": 0.25, "aug_scroll_sheet_compression_p": 0.0, "aug_scroll_thick_slice_p": 0.0, "aug_scroll_rician_noise_p": 0.0, "aug_scroll_blank_rectangles_p": 0.0, "use_betti_loss": false, "betti_loss_weight": 0.1, "use_cldice": false, "cldice_weight": 0.1, "cldice_iters": 10, "use_wandb": true, "auxiliary_config": {"enabled": false, "task_types": ["surface_normals", "structure_tensor"], "weights": {"surface_normals": 0.05, "structure_tensor": 0.05}}, "target_fiber_source": "frangi", "target_fiber_sigma": 2.0, "multi_task_heads": false, "architecture": "resenc_unet", "base_feat": 64, "num_blocks": 16, "num_heads": 8, "dropout": 0.0, "pseudo_label_dir": "local_data/pseudo_labels", "foundation_model_path": null, "enforce_prize_gates": false, "min_prize_centerline_dice": 0.01, "max_prize_skel_dist": 2.0, "max_prize_cc_diff": 64.0, "min_prize_topology_samples": 1, "use_uamt": false, "ema_decay": 0.99, "consistency_weight": 0.1, "unlabeled_uris": ["local_data/PHercParis2Fr47/surface_volume.zarr"]}
2026-06-12 06:52:07	0.262545	18.145363	0.217320	0.000	0.000	0.0000	0.383163	0.30	10.223	16048.0	{"uri": null, "uris": ["local_data/PHercParis2Fr47/surface_volume.zarr"], "val_uri": "local_data/PHercParis2Fr143/surface_volume.zarr", "cache_dir": null, "use_ridges": true, "use_lasagna": false, "ridge_sigma": 2.0, "batch_size": 16, "patch_size": 64, "num_layers": 16, "lr": 5e-05, "weight_decay": 0.01, "time_budget": 3600, "pinned": false, "loss_ink_bce": 0.2, "loss_ink_dice": 0.2, "loss_fiber_bce": 0.2, "loss_st": 0.1, "label_smoothing": 0.0, "aug_mode": "albumentations", "aug_flip_p": 0.5, "aug_brightness_p": 0.75, "aug_affine_p": 0.75, "aug_coarse_dropout_p": 0.5, "aug_elastic_p": 0.0, "aug_grid_p": 0.0, "aug_rotate_limit": 180, "aug_scale_limit": 0.15, "aug_scroll_decohesion_p": 0.5, "aug_scroll_warping_p": 0.0, "aug_scroll_squeeze_p": 0.25, "aug_scroll_z_dropout_p": 0.0, "aug_scroll_intensity_drift_p": 0.25, "aug_scroll_sheet_compression_p": 0.0, "aug_scroll_thick_slice_p": 0.0, "aug_scroll_rician_noise_p": 0.0, "aug_scroll_blank_rectangles_p": 0.0, "use_betti_loss": false, "betti_loss_weight": 0.1, "use_cldice": false, "cldice_weight": 0.1, "cldice_iters": 10, "use_wandb": true, "auxiliary_config": {"enabled": false, "task_types": ["surface_normals", "structure_tensor"], "weights": {"surface_normals": 0.05, "structure_tensor": 0.05}}, "target_fiber_source": "frangi", "target_fiber_sigma": 2.0, "multi_task_heads": false, "architecture": "resenc_unet", "base_feat": 64, "num_blocks": 16, "num_heads": 8, "dropout": 0.0, "pseudo_label_dir": "local_data/pseudo_labels", "foundation_model_path": null, "enforce_prize_gates": false, "min_prize_centerline_dice": 0.01, "max_prize_skel_dist": 2.0, "max_prize_cc_diff": 64.0, "min_prize_topology_samples": 1, "use_uamt": false, "ema_decay": 0.99, "consistency_weight": 0.1, "unlabeled_uris": ["local_data/PHercParis2Fr47/surface_volume.zarr"]}
2026-06-12 07:55:08	0.262675	21.280044	0.282598	0.000	0.000	0.0000	0.659786	0.30	10.223	16047.3	{"uri": null, "uris": ["local_data/PHercParis2Fr47/surface_volume.zarr"], "val_uri": "local_data/PHercParis2Fr143/surface_volume.zarr", "cache_dir": null, "use_ridges": true, "use_lasagna": false, "ridge_sigma": 2.0, "batch_size": 16, "patch_size": 64, "num_layers": 16, "lr": 5e-05, "weight_decay": 0.01, "time_budget": 3600, "pinned": false, "loss_ink_bce": 0.6, "loss_ink_dice": 0.2, "loss_fiber_bce": 0.2, "loss_st": 0.1, "label_smoothing": 0.0, "aug_mode": "albumentations", "aug_flip_p": 0.5, "aug_brightness_p": 0.75, "aug_affine_p": 0.75, "aug_coarse_dropout_p": 0.5, "aug_elastic_p": 0.0, "aug_grid_p": 0.0, "aug_rotate_limit": 180, "aug_scale_limit": 0.15, "aug_scroll_decohesion_p": 0.5, "aug_scroll_warping_p": 0.0, "aug_scroll_squeeze_p": 0.25, "aug_scroll_z_dropout_p": 0.5, "aug_scroll_intensity_drift_p": 0.25, "aug_scroll_sheet_compression_p": 0.0, "aug_scroll_thick_slice_p": 0.0, "aug_scroll_rician_noise_p": 0.0, "aug_scroll_blank_rectangles_p": 0.0, "use_betti_loss": false, "betti_loss_weight": 0.1, "use_cldice": false, "cldice_weight": 0.1, "cldice_iters": 10, "use_wandb": true, "auxiliary_config": {"enabled": false, "task_types": ["surface_normals", "structure_tensor"], "weights": {"surface_normals": 0.05, "structure_tensor": 0.05}}, "target_fiber_source": "frangi", "target_fiber_sigma": 2.0, "multi_task_heads": false, "architecture": "resenc_unet", "base_feat": 64, "num_blocks": 16, "num_heads": 8, "dropout": 0.0, "pseudo_label_dir": "local_data/pseudo_labels", "foundation_model_path": null, "enforce_prize_gates": false, "min_prize_centerline_dice": 0.01, "max_prize_skel_dist": 2.0, "max_prize_cc_diff": 64.0, "min_prize_topology_samples": 1, "use_uamt": false, "ema_decay": 0.99, "consistency_weight": 0.1, "unlabeled_uris": ["local_data/PHercParis2Fr47/surface_volume.zarr"]}
2026-06-12 11:00:59	0.262675	20.544424	0.292376	0.000	0.000	0.0000	0.565651	0.24	10.223	16047.4	{"uri": null, "uris": ["local_data/PHercParis2Fr47/surface_volume.zarr"], "val_uri": "local_data/PHercParis2Fr143/surface_volume.zarr", "cache_dir": null, "use_ridges": true, "use_lasagna": false, "ridge_sigma": 2.0, "batch_size": 16, "patch_size": 64, "num_layers": 16, "lr": 5e-05, "weight_decay": 0.01, "time_budget": 900, "pinned": false, "loss_ink_bce": 0.6, "loss_ink_dice": 0.2, "loss_fiber_bce": 0.2, "loss_st": 0.1, "label_smoothing": 0.0, "aug_mode": "albumentations", "aug_flip_p": 0.5, "aug_brightness_p": 0.75, "aug_affine_p": 0.75, "aug_coarse_dropout_p": 0.5, "aug_elastic_p": 0.0, "aug_grid_p": 0.0, "aug_rotate_limit": 180, "aug_scale_limit": 0.15, "aug_scroll_decohesion_p": 0.5, "aug_scroll_warping_p": 0.0, "aug_scroll_squeeze_p": 0.25, "aug_scroll_z_dropout_p": 0.0, "aug_scroll_intensity_drift_p": 0.25, "aug_scroll_sheet_compression_p": 0.0, "aug_scroll_thick_slice_p": 0.0, "aug_scroll_rician_noise_p": 0.0, "aug_scroll_blank_rectangles_p": 0.5, "use_betti_loss": false, "betti_loss_weight": 0.1, "use_cldice": false, "cldice_weight": 0.1, "cldice_iters": 10, "use_wandb": true, "auxiliary_config": {"enabled": false, "task_types": ["surface_normals", "structure_tensor"], "weights": {"surface_normals": 0.05, "structure_tensor": 0.05}}, "target_fiber_source": "frangi", "target_fiber_sigma": 2.0, "multi_task_heads": false, "architecture": "resenc_unet", "base_feat": 64, "num_blocks": 16, "num_heads": 8, "dropout": 0.0, "pseudo_label_dir": "local_data/pseudo_labels", "foundation_model_path": null, "enforce_prize_gates": false, "min_prize_centerline_dice": 0.01, "max_prize_skel_dist": 2.0, "max_prize_cc_diff": 64.0, "min_prize_topology_samples": 1, "use_uamt": false, "ema_decay": 0.99, "consistency_weight": 0.1, "unlabeled_uris": ["local_data/PHercParis2Fr47/surface_volume.zarr"]}
2026-06-12 11:18:51	0.262675	18.413007	0.292024	0.000	0.000	0.0000	0.667948	0.28	10.223	16047.4	{"uri": null, "uris": ["local_data/PHercParis2Fr47/surface_volume.zarr"], "val_uri": "local_data/PHercParis2Fr143/surface_volume.zarr", "cache_dir": null, "use_ridges": true, "use_lasagna": false, "ridge_sigma": 2.0, "batch_size": 16, "patch_size": 64, "num_layers": 16, "lr": 5e-05, "weight_decay": 0.01, "time_budget": 900, "pinned": false, "loss_ink_bce": 0.6, "loss_ink_dice": 0.2, "loss_fiber_bce": 0.2, "loss_st": 0.1, "label_smoothing": 0.0, "aug_mode": "albumentations", "aug_flip_p": 0.5, "aug_brightness_p": 0.75, "aug_affine_p": 0.75, "aug_coarse_dropout_p": 0.5, "aug_elastic_p": 0.0, "aug_grid_p": 0.0, "aug_rotate_limit": 180, "aug_scale_limit": 0.15, "aug_scroll_decohesion_p": 0.5, "aug_scroll_warping_p": 0.0, "aug_scroll_squeeze_p": 0.25, "aug_scroll_z_dropout_p": 0.0, "aug_scroll_intensity_drift_p": 0.25, "aug_scroll_sheet_compression_p": 0.5, "aug_scroll_thick_slice_p": 0.0, "aug_scroll_rician_noise_p": 0.0, "aug_scroll_blank_rectangles_p": 0.0, "use_betti_loss": false, "betti_loss_weight": 0.1, "use_cldice": false, "cldice_weight": 0.1, "cldice_iters": 10, "use_wandb": true, "auxiliary_config": {"enabled": false, "task_types": ["surface_normals", "structure_tensor"], "weights": {"surface_normals": 0.05, "structure_tensor": 0.05}}, "target_fiber_source": "frangi", "target_fiber_sigma": 2.0, "multi_task_heads": false, "architecture": "resenc_unet", "base_feat": 64, "num_blocks": 16, "num_heads": 8, "dropout": 0.0, "pseudo_label_dir": "local_data/pseudo_labels", "foundation_model_path": null, "enforce_prize_gates": false, "min_prize_centerline_dice": 0.01, "max_prize_skel_dist": 2.0, "max_prize_cc_diff": 64.0, "min_prize_topology_samples": 1, "use_uamt": false, "ema_decay": 0.99, "consistency_weight": 0.1, "unlabeled_uris": ["local_data/PHercParis2Fr47/surface_volume.zarr"]}
2026-06-12 11:37:10	0.262675	24.129992	0.307649	0.000	0.000	0.0000	0.675671	0.28	10.223	16047.9	{"uri": null, "uris": ["local_data/PHercParis2Fr47/surface_volume.zarr"], "val_uri": "local_data/PHercParis2Fr143/surface_volume.zarr", "cache_dir": null, "use_ridges": true, "use_lasagna": false, "ridge_sigma": 2.0, "batch_size": 16, "patch_size": 64, "num_layers": 16, "lr": 5e-05, "weight_decay": 0.01, "time_budget": 900, "pinned": false, "loss_ink_bce": 0.6, "loss_ink_dice": 0.2, "loss_fiber_bce": 0.2, "loss_st": 0.1, "label_smoothing": 0.0, "aug_mode": "albumentations", "aug_flip_p": 0.5, "aug_brightness_p": 0.75, "aug_affine_p": 0.75, "aug_coarse_dropout_p": 0.5, "aug_elastic_p": 0.0, "aug_grid_p": 0.0, "aug_rotate_limit": 180, "aug_scale_limit": 0.15, "aug_scroll_decohesion_p": 0.5, "aug_scroll_warping_p": 0.0, "aug_scroll_squeeze_p": 0.25, "aug_scroll_z_dropout_p": 0.0, "aug_scroll_intensity_drift_p": 0.25, "aug_scroll_sheet_compression_p": 0.0, "aug_scroll_thick_slice_p": 0.0, "aug_scroll_rician_noise_p": 0.5, "aug_scroll_blank_rectangles_p": 0.0, "use_betti_loss": false, "betti_loss_weight": 0.1, "use_cldice": false, "cldice_weight": 0.1, "cldice_iters": 10, "use_wandb": true, "auxiliary_config": {"enabled": false, "task_types": ["surface_normals", "structure_tensor"], "weights": {"surface_normals": 0.05, "structure_tensor": 0.05}}, "target_fiber_source": "frangi", "target_fiber_sigma": 2.0, "multi_task_heads": false, "architecture": "resenc_unet", "base_feat": 64, "num_blocks": 16, "num_heads": 8, "dropout": 0.0, "pseudo_label_dir": "local_data/pseudo_labels", "foundation_model_path": null, "enforce_prize_gates": false, "min_prize_centerline_dice": 0.01, "max_prize_skel_dist": 2.0, "max_prize_cc_diff": 64.0, "min_prize_topology_samples": 1, "use_uamt": false, "ema_decay": 0.99, "consistency_weight": 0.1, "unlabeled_uris": ["local_data/PHercParis2Fr47/surface_volume.zarr"]}
